id,name,host_id,host_name,neighbourhood_group,neighbourhood,latitude,longitude,room_type,price,minimum_nights,number_of_reviews,last_review,reviews_per_month,calculated_host_listings_count,availability_365
13050,bright and stylish duplex,50846,jennifer,brooklyn,bedford-stuyvesant,40.68554,-73.9409,entire home/apt,115,3,11,2017-01-01,0.1,1,0
16458,light-filled 2b duplex in the heart of park slope!,64056,sara,brooklyn,park slope,40.67343,-73.98338,entire home/apt,225,3,4,2017-09-24,0.16,1,0
20300,great location for nyc,76627,pas,manhattan,east village,40.72912,-73.98057,private room,50,1,2,2016-02-14,0.05,1,0
32331,"sunny, cobble hill apartment",139874,sarah,brooklyn,cobble hill,40.6857,-73.99183,entire home/apt,140,2,4,2016-04-24,0.04,1,0
41513,convenient cozy cheap apt manhattan,181167,lorenzo,manhattan,harlem,40.82704,-73.94907,entire home/apt,80,3,2,2015-11-02,0.04,1,0
47370,chelsea studio sublet 1 - 2 months,214287,alex,manhattan,chelsea,40.74031,-73.99999,entire home/apt,125,3,3,2015-07-17,0.03,1,0
53196,big room/washer-dryer/wifi/ac/jmz,247432,charlotte,brooklyn,bedford-stuyvesant,40.69546,-73.93503,private room,80,2,11,2017-11-13,0.48,1,0
60794,"bright and spacious, garden below!",293394,rachel,manhattan,upper west side,40.80021,-73.96071,entire home/apt,195,4,4,2017-08-25,0.04,1,0
61167,colorful private one bedroom apt,295760,greta,manhattan,little italy,40.71961,-73.9954,entire home/apt,135,2,21,2015-12-12,0.2,1,0
74860,"sunlit and cozy williamsburg/greenpoint, brooklyn",394752,allison,brooklyn,greenpoint,40.72488,-73.95018,private room,55,2,1,2011-03-28,0.01,1,0
78919,"historic house boerum hill, bk, nyc",422561,nancy,brooklyn,boerum hill,40.68674,-73.98876,entire home/apt,135,4,6,2016-02-05,0.1,1,0
84059,so much room in brooklyn,459054,famous,brooklyn,crown heights,40.67591,-73.94715,entire home/apt,150,5,5,2018-07-22,0.05,1,0
95747,lovely 1br in tree-lined wburg,509341,tessa,brooklyn,williamsburg,40.71055,-73.95098,entire home/apt,140,7,13,2016-07-18,0.13,1,0
112304,cozy private room in west harlem!,573316,kelli,manhattan,harlem,40.8054,-73.95189,private room,90,1,1,2016-01-02,0.02,1,0
126816,gorgeous upper west side apartment,620288,eric,manhattan,upper west side,40.79918,-73.96607,private room,85,1,3,2014-11-06,0.03,1,0
132695,perfect williamsburg summer haven,507186,holly,brooklyn,williamsburg,40.71109,-73.94332,entire home/apt,125,2,15,2016-06-06,0.15,1,0
135706,the ground studio - west side,665013,jeff,manhattan,chelsea,40.74488,-74.001,entire home/apt,132,4,10,2017-01-01,0.1,1,0
142069,"east village studio, sunny & quiet",277747,josh,manhattan,east village,40.72485,-73.97813,entire home/apt,150,4,22,2014-11-10,0.23,1,0
145064,the heart of prime williamsburg,404424,oliver,brooklyn,williamsburg,40.71943,-73.9565,entire home/apt,145,7,8,2014-06-06,0.08,1,0
145994,cozy 2 bedroom with private garden,706418,carolyn,manhattan,upper west side,40.79264,-73.97294,entire home/apt,95,5,2,2018-07-06,0.08,1,0
148201,nyc - sunny greenwich village 1br,715807,john,manhattan,greenwich village,40.72831,-74.00177,entire home/apt,175,3,18,2013-05-31,0.19,1,0
150804,lower east side 2 bed apt.,726333,peter,manhattan,lower east side,40.72008,-73.98404,entire home/apt,250,4,19,2019-07-06,0.2,1,0
158913,"nice, cozy, neat apt greenpoint,bk",762563,lennny & megan,brooklyn,greenpoint,40.72489,-73.95494,entire home/apt,130,5,4,2015-03-13,0.05,1,0
160609,location location location uws 60's,769247,ligia,manhattan,upper west side,40.77724,-73.98109,entire home/apt,200,3,10,2019-01-01,0.12,1,0
161394,surfer room 15mins to downtown nyc!,772300,alain,brooklyn,williamsburg,40.71309,-73.94128,private room,90,6,3,2014-08-31,0.03,1,0
167017,gorgeous duplex + garden,795889,adam,brooklyn,park slope,40.67853,-73.98089,entire home/apt,219,5,2,2014-08-31,0.03,1,0
170420,the happy home!,812814,lena,manhattan,east harlem,40.7932,-73.94007,entire home/apt,79,2,15,2016-02-15,0.16,1,0
174527,cozy private family home in bushwick,833926,kris,brooklyn,bushwick,40.69055,-73.92357,entire home/apt,150,2,11,2018-10-28,0.46,1,0
187986,comfort at crossroads of downtown,904833,daniel,manhattan,chelsea,40.73862,-73.99758,entire home/apt,250,1,2,2015-08-28,0.02,1,0
196010,huge bklyn loft w private roofdeck,953565,vanessa,brooklyn,park slope,40.67595,-73.98053,entire home/apt,265,5,15,2015-06-14,0.16,1,0
203901,beautiful ues apartment,1000477,elizabeth,manhattan,upper east side,40.7694,-73.9572,entire home/apt,190,1,8,2016-09-18,0.08,1,0
206316,"sunny, spacious studio in ft.greene",1014639,brett,brooklyn,fort greene,40.68765,-73.97073,entire home/apt,157,2,4,2018-08-27,0.18,1,0
208148,central bedford avenue apartment,1024355,martina,brooklyn,williamsburg,40.71973,-73.95582,entire home/apt,185,3,14,2015-08-31,0.15,1,0
212544,quiet one bedroom in park slope,1096084,daniel,brooklyn,gowanus,40.67688,-73.9859,entire home/apt,100,7,9,2016-06-23,0.1,1,0
224510,"beautiful apartment, great location",991380,stefania,brooklyn,boerum hill,40.68653,-73.98562,entire home/apt,230,4,18,2018-07-05,0.21,1,0
225297,quiet sunny studio midtown,1173599,gaya,manhattan,midtown,40.74267,-73.98569,entire home/apt,125,4,3,2018-12-26,0.03,1,0
229874,oversized studio in park slope,507304,derrick,brooklyn,sunset park,40.66293,-73.99833,entire home/apt,200,5,1,2012-01-02,0.01,1,0
239766,lower east side/chinatown 1 bedroom,1257309,austin,manhattan,lower east side,40.71693,-73.98948,entire home/apt,100,5,8,2018-05-18,0.11,1,0
246351,"sweet apt, steps from gramercy park",1292250,jerry,manhattan,gramercy,40.73834,-73.9823,entire home/apt,135,1,5,2015-08-17,0.06,1,0
249414,large & bright 900ft² 1br in wv,1306587,andy,manhattan,west village,40.73291,-74.00059,entire home/apt,246,4,6,2017-06-28,0.16,1,0
254409,husband & wife art-filled apartment,1336542,stephanie,brooklyn,clinton hill,40.68197,-73.96549,entire home/apt,110,1,2,2014-01-13,0.03,1,0
261259,apartment in best location in nyc,1370358,keiko,manhattan,west village,40.72953,-74.00462,entire home/apt,145,7,11,2015-05-27,0.12,1,0
261674,chelsea/west village - 2bdrm apt,1372786,lindsey,manhattan,chelsea,40.74025,-74.00161,private room,95,5,20,2017-04-01,0.33,1,0
265145,studio sublet in hell's kitchen,1390947,akiko,manhattan,theater district,40.76217,-73.98411,entire home/apt,200,5,8,2015-01-08,0.09,1,0
272706,"sunny, spacious apt. in  ft. greene",1402817,valerie,brooklyn,fort greene,40.69135,-73.97321,entire home/apt,88,5,7,2017-06-18,0.08,1,0
278145,large room in a huge ny apartment.,1452026,heidi,queens,astoria,40.77117,-73.91905,private room,30,5,3,2017-06-20,0.03,1,0
278876,"large, furnished room in a 2 bedroom!",368528,ally,brooklyn,crown heights,40.66984,-73.95141,private room,64,1,1,2017-03-18,0.04,1,0
281756,authentic ny charming artist loft,1468658,barbara,brooklyn,greenpoint,40.73321,-73.95587,entire home/apt,140,5,14,2019-06-19,0.16,1,0
283550,hells kitchen ground fl 1-bedroom,1476954,jose,manhattan,hell's kitchen,40.76001,-73.99133,entire home/apt,175,3,10,2019-04-21,0.23,1,0
289037,"2br in cobble hill, brooklyn, ny",632334,michael,brooklyn,carroll gardens,40.68353,-73.9914,entire home/apt,189,2,13,2016-09-05,0.18,1,0
289703,beautiful soho luxury apartment,815741,geoff,manhattan,soho,40.7253,-73.99916,entire home/apt,249,5,8,2016-11-26,0.11,1,0
291812,"entire apartment in astoria, 15mins from manhattan",1509416,natalia,queens,astoria,40.76856,-73.91828,entire home/apt,70,5,1,2016-08-30,0.03,1,0
294239,nyc summer getaway | full home 2br,1521432,carmen,queens,astoria,40.76444,-73.92607,entire home/apt,192,3,7,2017-04-18,0.08,1,0
294297,"lovely apt in williamsburg, bk",1521604,summer,brooklyn,williamsburg,40.711,-73.96225,entire home/apt,105,3,11,2019-06-23,0.16,1,0
294717,modern apartment w/ gorgeous view,1523610,marissa,brooklyn,williamsburg,40.71095,-73.95239,private room,125,3,17,2015-05-20,0.19,1,0
296658,sublet in brooklyn/lefferts gardens,1530106,glenn,brooklyn,crown heights,40.66469,-73.96091,private room,44,5,2,2017-09-21,0.09,1,0
297611,inexpensive apartment in exchange for cat-care,997124,alison,brooklyn,fort greene,40.69309,-73.97074,private room,35,3,1,2018-05-13,0.07,1,0
302758,sunny 1br east harlem apartment,8605,dimitry,manhattan,east harlem,40.7968,-73.93611,entire home/apt,150,7,12,2016-03-26,0.14,1,0
306702,spacious + sunny studio in ft. greene brooklyn!,1577493,tina,brooklyn,fort greene,40.68786,-73.97421,private room,135,3,16,2018-09-01,0.18,1,0
321014,big bright e village 2br (baby nursery),1644452,erin,manhattan,gramercy,40.73294,-73.98282,entire home/apt,245,5,18,2018-01-02,0.21,1,0
327521,"lovely studio in east village, ny",82896,esther,manhattan,east village,40.725,-73.98851,entire home/apt,150,5,1,2015-11-16,0.02,1,0
346248,cosy apartment in west village,1755339,julie,manhattan,greenwich village,40.72886,-74.00013,private room,100,3,7,2015-05-31,0.09,1,0
367042,eastern parkway brooklyn 1br flat,774128,andre,brooklyn,crown heights,40.66847,-73.94875,entire home/apt,125,5,1,2014-09-04,0.02,1,0
371138,"comfy brooklyn 2bd, w/ backyard",1869567,max,brooklyn,greenpoint,40.72488,-73.94013,entire home/apt,190,2,5,2015-10-12,0.1,1,0
377217,great apt on the uws - a rare find!,1895957,ido,manhattan,upper west side,40.78161,-73.97898,entire home/apt,145,3,22,2017-04-14,0.25,1,0
385657,beautiful loft/10 min to manhattan!,1930204,sophia,brooklyn,williamsburg,40.704,-73.93285,private room,70,5,2,2015-05-15,0.02,1,0
403668,"gorgeous sunny, spacious 1 bdrm in east village",2013117,katya,manhattan,east village,40.72812,-73.97966,entire home/apt,147,2,16,2019-01-02,0.18,1,0
412180,"morocco in brooklyn with the flyest loft, amazing!",2051961,kim,brooklyn,bedford-stuyvesant,40.69321,-73.9442,entire home/apt,95,5,9,2018-09-03,0.1,1,0
419792,great apt ideal location 900 sf,2087636,maddine,manhattan,lower east side,40.71804,-73.98565,entire home/apt,200,7,4,2019-05-04,0.22,1,0
424889,sunny and zen w. village studio of your own,2076827,shelley,manhattan,west village,40.73041,-74.00498,entire home/apt,129,7,5,2015-05-21,0.09,1,0
425784,"an airy, comfy, bookish refuge!",2116807,rafil,brooklyn,vinegar hill,40.70279,-73.98284,entire home/apt,190,4,8,2018-01-02,0.09,1,0
430427,"very clean, quiet bedroom available",820046,elaine,manhattan,washington heights,40.83559,-73.94095,private room,60,2,13,2017-01-31,0.15,1,0
430665,lux one-bed central park view uws,2141109,kishore,manhattan,upper west side,40.79234,-73.96482,entire home/apt,250,1,8,2014-08-22,0.09,1,0
436916,room for the summer,2169825,serge,manhattan,harlem,40.82669,-73.94281,private room,55,2,7,2016-10-11,0.08,1,0
452068,"spacious 4 bedroom house, new york",2246071,tamara,brooklyn,kensington,40.64205,-73.97173,entire home/apt,200,1,3,2015-08-16,0.06,1,0
453161,"family friendly, sunny new condo in mccarren park",2107905,laura,brooklyn,greenpoint,40.72183,-73.94908,entire home/apt,260,2,7,2018-06-23,0.09,1,0
454334,private spacious studio available,2257289,toni,manhattan,harlem,40.81669,-73.94267,private room,65,1,3,2014-12-31,0.03,1,0
462454,beautiful lower east side apt! women only.,2298239,sunserae,manhattan,lower east side,40.71746,-73.98782,private room,89,5,4,2018-03-24,0.06,1,0
470498,*unique master br in battery park!*,2334269,filip,manhattan,battery park city,40.71012,-74.01504,private room,65,2,8,2015-12-22,0.13,1,0
472052,luxury doorman bldg nr central park,2341078,george,manhattan,upper west side,40.77137,-73.98943,entire home/apt,180,5,13,2014-08-22,0.15,1,0
472376,great brooklyn studio/1br!,1689040,rich,brooklyn,prospect heights,40.67796,-73.96458,entire home/apt,115,2,10,2016-05-23,0.17,1,0
473777,bright modern artist's apartment,2348973,koren,brooklyn,williamsburg,40.71285,-73.94383,entire home/apt,155,5,10,2017-02-19,0.12,1,0
475216,studio apt in park slope- brooklyn!,2355439,kara,brooklyn,sunset park,40.66387,-73.99077,entire home/apt,100,2,17,2015-07-27,0.2,1,0
476899,nyc studio in st marks place & 1ave,2363997,teresa,manhattan,east village,40.72693,-73.98521,entire home/apt,155,6,17,2018-10-11,0.2,1,0
478832,gorgeous 2 bdrm in carroll gardens,2371814,jennifer,brooklyn,carroll gardens,40.67579,-73.99968,entire home/apt,150,6,2,2014-05-20,0.03,1,0
490989,cat lovers: 3-story park slope townhouse with cat!,2427385,andy,brooklyn,park slope,40.67996,-73.98027,entire home/apt,68,3,2,2017-03-29,0.05,1,0
503529,heart of soho the perfect one bedroom apt,2483293,eric,manhattan,soho,40.72701,-74.0011,entire home/apt,198,3,9,2019-02-23,0.1,1,0
503585,charming & spacious one bedroom,2483766,rebecca (marks),brooklyn,bedford-stuyvesant,40.68607,-73.95839,entire home/apt,100,5,4,2013-07-14,0.05,1,0
504322,sunny 1bd in greenwich village,471928,mahalia,manhattan,greenwich village,40.72903,-74.00028,entire home/apt,180,3,18,2017-07-01,0.21,1,0
505029,spacious fabulous sunny loft for 2 wks in fall,2490471,ann,manhattan,east village,40.72454,-73.97944,entire home/apt,175,4,13,2018-11-16,0.17,1,0
505231,"enjoy a 1 bedroom to share, nyc",2490915,catherine,manhattan,upper east side,40.77799,-73.95223,private room,80,1,1,2012-06-22,0.01,1,0
510454,"gramercy pk area, w rooftop gdn!",2515124,jacqueline,manhattan,kips bay,40.73951,-73.98146,entire home/apt,145,3,2,2016-06-23,0.02,1,0
511436,"wake up to the skyline of the city, prime location",2519356,darya,brooklyn,williamsburg,40.7139,-73.96553,entire home/apt,96,3,1,2018-05-26,0.07,1,0
511733,"artist loft @ bushwick, brooklyn",1840766,samantha,brooklyn,bushwick,40.70753,-73.92048,entire home/apt,120,5,3,2015-09-20,0.04,1,0
511960,wonderful east village floor thru,2521848,gay,manhattan,east village,40.73044,-73.98683,entire home/apt,160,1,15,2016-05-09,0.18,1,0
516461,great studio apt in midtown west!,2542895,aaron,manhattan,chelsea,40.75086,-73.99776,entire home/apt,130,5,9,2016-08-04,0.1,1,0
516643,"williamsburg apt, close to metro l",2543761,stephane,brooklyn,williamsburg,40.71915,-73.95581,entire home/apt,150,3,1,2013-01-04,0.01,1,0
517626,above graham stop - l train,2438262,walker,brooklyn,williamsburg,40.71577,-73.94084,private room,95,1,10,2014-12-03,0.14,1,0
521522,beautiful 3 room studio in brooklyn,2440317,amelia,brooklyn,south slope,40.66777,-73.98367,private room,150,4,5,2012-12-31,0.06,1,0
525412,beautiful sunny nolita/soho apt,1104814,robert,manhattan,nolita,40.72246,-73.99552,entire home/apt,150,5,5,2015-06-28,0.06,1,0
534897,"chelsea apt- space, light, beauty!",2426404,judith & reid,manhattan,chelsea,40.74552,-74.0006,entire home/apt,230,6,6,2015-06-12,0.09,1,0
540489,large + bright private bedroom in nolita,2656413,anton,manhattan,little italy,40.72006,-73.99579,private room,58,6,18,2019-01-20,0.21,1,0
546504,brooklyn heights 1brm private deck,2687009,jeff,brooklyn,brooklyn heights,40.69271,-73.99365,entire home/apt,135,4,5,2016-05-16,0.06,1,0
549873,1 br with garden--east village,2702563,james,manhattan,east village,40.72564,-73.98252,entire home/apt,90,2,5,2015-05-25,0.09,1,0
550288,cozy upper east side 1 bedroom,2684478,brian,manhattan,upper east side,40.78024,-73.94813,entire home/apt,160,4,16,2019-02-12,0.2,1,0
560406,charming old school 1br in c. gardens brooklyn,2755668,annie,brooklyn,carroll gardens,40.68343,-73.99189,entire home/apt,90,4,1,2012-07-11,0.01,1,0
563496,studio apartment greenwich village,2770985,aaron,manhattan,greenwich village,40.73481,-73.99845,entire home/apt,145,5,1,2012-09-05,0.01,1,0
565814,bright friendly room in brooklyn,532819,heather,brooklyn,bedford-stuyvesant,40.68328,-73.9379,private room,50,2,1,2016-12-28,0.03,1,0
567195,beautiful garden duplex in brooklyn,2790324,erin,brooklyn,bedford-stuyvesant,40.68269,-73.94004,entire home/apt,150,5,3,2015-08-17,0.04,1,0
570218,duplex loft in fort greene,2805772,christopher,brooklyn,fort greene,40.68522,-73.97771,entire home/apt,130,2,11,2019-05-06,0.13,1,0
576916,"beautiful, quiet, spacious 1br - uws by parks",2837527,alexandra,manhattan,upper west side,40.79785,-73.97202,entire home/apt,165,4,4,2017-08-22,0.05,1,0
577703,romantic creative retreat: feel the glow,2841175,ina,manhattan,east village,40.73047,-73.98229,entire home/apt,100,5,6,2012-09-14,0.07,1,0
578941,beautiful park slope 2 bedroom,2847655,gideon,brooklyn,park slope,40.66732,-73.98233,entire home/apt,159,2,4,2015-09-21,0.08,1,0
582272,privet room in greenpoint +backyard *location,2712129,raziel,brooklyn,greenpoint,40.72437,-73.94847,private room,75,5,1,2018-11-13,0.13,1,0
587519,huge bdrm in new wilibrg 3 bed loft,2897835,tim,brooklyn,williamsburg,40.71099,-73.95217,private room,48,5,1,2015-03-31,0.02,1,0
592785,adorable 1 bedroom,2932668,stephanie,brooklyn,bedford-stuyvesant,40.6877,-73.95824,entire home/apt,140,3,16,2017-04-17,0.27,1,0
592853,a gem in the city,2926593,valerie,queens,ridgewood,40.70001,-73.90698,entire home/apt,75,2,17,2017-01-01,0.2,1,0
593000,cozy 1bd manhattan close central pk,2927446,marie-jeanne,manhattan,upper east side,40.77247,-73.94665,entire home/apt,110,7,12,2016-11-18,0.14,1,0
595321,williamsburg peace for the solo traveler,898980,kelly,brooklyn,williamsburg,40.71316,-73.94532,private room,77,3,5,2018-10-21,0.08,1,0
597624,beautiful apartment in park slope,2954680,onur,brooklyn,park slope,40.67465,-73.97975,entire home/apt,120,4,14,2019-05-20,0.16,1,0
600877,rare loft apt in heart of brooklyn,2973437,kevin + casey,brooklyn,boerum hill,40.68379,-73.98313,entire home/apt,180,3,2,2015-12-29,0.05,1,0
602888,bright ues gem near central park,177724,lauren,manhattan,upper east side,40.76985,-73.95815,entire home/apt,200,2,17,2015-12-07,0.21,1,0
609213,"cozy 1br apart. in prospect hts, bk",3019795,marta,brooklyn,prospect heights,40.67293,-73.96399,entire home/apt,125,5,7,2015-12-31,0.08,1,0
618916,brooklyn carriage house,92451,cath,brooklyn,prospect heights,40.68066,-73.96644,entire home/apt,200,4,11,2019-04-28,0.13,1,0
629774,east village perch!,834185,zachary,manhattan,east village,40.73082,-73.98502,entire home/apt,175,1,17,2015-10-13,0.2,1,0
629855,big room in williamsburg loft,155163,niral,brooklyn,williamsburg,40.71382,-73.94164,private room,85,2,14,2018-10-28,0.19,1,0
633950,1-bd apt in prime soho - nyc- july,2354167,paul,manhattan,soho,40.72625,-74.0018,shared room,195,2,13,2014-04-22,0.16,1,0
637504,private bedroom in a 2-fam house for solo traveler,3179968,tony,queens,sunnyside,40.73607,-73.92439,private room,52,3,1,2018-06-04,0.08,1,0
637716,"nolita, home sweet home in nyc",3181665,cortney,manhattan,nolita,40.72095,-73.99401,entire home/apt,160,4,2,2013-04-03,0.02,1,0
638898,apt near central park & columbia!,1583594,jeffrey,manhattan,upper west side,40.79913,-73.96057,private room,60,2,19,2015-09-23,0.23,1,0
647580,east village hideaway,3247050,moira,manhattan,east village,40.73045,-73.98541,entire home/apt,150,1,11,2013-12-25,0.13,1,0
649903,studio with old-world character,3262771,christina,brooklyn,crown heights,40.67189,-73.93499,entire home/apt,90,7,2,2015-08-25,0.03,1,0
654232,big east village 1bd all the extras,3291022,noel,manhattan,east village,40.72171,-73.98334,entire home/apt,99,3,10,2015-10-24,0.14,1,0
655472,lovely 2-room studio in crown hghts,326329,nick,brooklyn,crown heights,40.67574,-73.95434,entire home/apt,60,3,1,2012-08-25,0.01,1,0
657198,"2br gem in cobble hill, brooklyn",414627,charlotte,brooklyn,columbia st,40.68863,-74.00181,entire home/apt,200,3,15,2018-07-09,0.18,1,0
661814,1 bedroom apt in heart of chelsea,3341426,nika,manhattan,chelsea,40.741,-73.99957,entire home/apt,250,2,10,2016-05-07,0.13,1,0
665394,winning location in hells kitchen,1139222,carl,manhattan,hell's kitchen,40.7589,-73.99015,entire home/apt,220,2,18,2018-12-01,0.24,1,0
666220,beautiful east village apartment,2490963,matteo,manhattan,east village,40.72771,-73.98172,private room,75,5,6,2013-07-11,0.07,1,0
668400,1br in nice 2br apt lovely area,3383354,martina,manhattan,inwood,40.86186,-73.92701,private room,50,7,1,2015-07-16,0.02,1,0
679633,cozy 1 bedroom apartment in nyc,3458785,glauce,queens,ditmars steinway,40.77987,-73.91565,entire home/apt,75,3,1,2012-09-18,0.01,1,0
690675,quirky sunny retreat central williamsburg,2172525,slava,brooklyn,williamsburg,40.71407,-73.95336,entire home/apt,199,7,4,2018-08-10,0.09,1,0
698882,the serenity room in historic bklyn,2994135,devin  & justin,brooklyn,cobble hill,40.68902,-73.99517,private room,69,2,13,2016-12-31,0.37,1,0
703745,great apt in the heart of e village,3597177,ori,manhattan,east village,40.72225,-73.98496,entire home/apt,130,7,11,2016-10-02,0.14,1,0
716169,feel the brooklyn love!,2055073,melissa,brooklyn,fort greene,40.68811,-73.97236,entire home/apt,93,4,1,2015-05-14,0.02,1,0
720274,nice studio apartment in brooklyn!,3717536,adam,brooklyn,crown heights,40.67471,-73.95324,entire home/apt,100,5,9,2017-04-16,0.11,1,0
727964,garden pl historical artist studio,3493470,tari,brooklyn,brooklyn heights,40.69127,-73.99552,entire home/apt,160,1,17,2016-03-15,0.21,1,0
731316,"sunny & clean apt, ideal location",3805397,christa,manhattan,chelsea,40.74092,-74.00037,entire home/apt,140,1,6,2016-05-25,0.07,1,0
735890,"homey, clean studio- east village",3839667,hallie,manhattan,east village,40.72369,-73.9894,entire home/apt,120,7,6,2018-01-02,0.08,1,0
744228,"entire gorgeous,cozy,light two bed",192750,charlotte,manhattan,harlem,40.80145,-73.95572,entire home/apt,150,1,2,2013-01-05,0.03,1,0
747419,"lovely, sunny 1-bedroom apt with kitcat",160565,corina,brooklyn,bedford-stuyvesant,40.68371,-73.95604,entire home/apt,90,1,3,2015-07-06,0.06,1,0
749896,"1 bed williamsburg apt, amazing loc",3941862,phil,brooklyn,williamsburg,40.7189,-73.95725,entire home/apt,175,3,3,2016-10-15,0.05,1,0
749965,charming brooklyn abode,3905456,amber,brooklyn,flatbush,40.64294,-73.96016,entire home/apt,110,1,3,2016-08-21,0.05,1,0
752366,"big, close to subway, 3 stops from the city",3956850,dana,queens,astoria,40.75583,-73.91839,entire home/apt,89,3,17,2019-03-15,0.31,1,0
755703,room: king size bed + private bath,3977693,oliver,brooklyn,bushwick,40.70118,-73.92826,private room,55,3,10,2015-10-27,0.15,1,0
756892,clean bright midtown studio by park,3731320,sara,manhattan,midtown,40.75982,-73.96521,entire home/apt,125,4,3,2015-04-28,0.04,1,0
757007,zen holiday getaway,2124690,chanelle,brooklyn,bedford-stuyvesant,40.68444,-73.95692,entire home/apt,175,7,1,2015-05-23,0.02,1,0
763600,"private 2br / east williamsburg, bk",3891399,anthony,brooklyn,williamsburg,40.70369,-73.93284,private room,75,3,2,2014-11-03,0.03,1,0
767967,studio in chelsea,3949235,lior,manhattan,chelsea,40.75039,-74.00287,entire home/apt,105,7,2,2019-03-19,0.5,1,0
767983,gorgeous williamsburg apt + balcony,4048448,miki & yacine,brooklyn,williamsburg,40.71435,-73.95073,entire home/apt,200,3,4,2015-12-31,0.05,1,0
769279,room for rent in east village,1228080,sasha,manhattan,east village,40.72439,-73.97767,private room,100,7,1,2016-05-01,0.03,1,0
770514,"studio in flatiron, nyc !!",4064804,niki,manhattan,flatiron district,40.73997,-73.98789,entire home/apt,195,1,1,2014-09-22,0.02,1,0
770960,cozy 1 br in prospect heights,4067211,stephane & hana,brooklyn,prospect heights,40.67453,-73.96759,entire home/apt,155,3,13,2016-04-21,0.16,1,0
782063,cozy apartment steps to subway,4125000,joseph,brooklyn,bedford-stuyvesant,40.68191,-73.95475,entire home/apt,119,5,7,2016-04-23,0.09,1,0
784088,1 bed apt in utopic williamsburg,1506795,anthony,brooklyn,williamsburg,40.71188,-73.9608,entire home/apt,155,2,8,2014-04-28,0.1,1,0
785978,for cat lovers - east village 1 bdr,953375,wiebke,manhattan,east village,40.72762,-73.98218,entire home/apt,135,5,18,2016-11-13,0.24,1,0
786727,xmas in nyc!!!,4147608,alison,manhattan,harlem,40.81915,-73.93964,entire home/apt,100,7,11,2015-09-07,0.18,1,0
792142,studio available on upper east side,4173419,meredith,manhattan,upper east side,40.76553,-73.96262,entire home/apt,150,2,4,2015-06-09,0.06,1,0
796232,"cozy apt in bushwick, brooklyn!",4194142,alexandra,brooklyn,bushwick,40.70308,-73.92765,entire home/apt,115,4,12,2018-09-21,0.18,1,0
796490,park slope house -private room -1 block from metro,4107826,mike,brooklyn,south slope,40.66882,-73.98841,private room,65,5,5,2016-09-28,0.14,1,0
798128,large one-bed apt upper east side,4160649,alex,manhattan,upper east side,40.77483,-73.94674,entire home/apt,175,3,1,2017-01-03,0.03,1,0
799924,"big loft in bushwick: unfurnished, longterm sublet",2291000,tommy,brooklyn,williamsburg,40.70538,-73.92946,entire home/apt,163,1,3,2016-06-27,0.04,1,0
802677,large & elegant pre-war one bedroom,4224513,adam,manhattan,upper west side,40.78592,-73.97775,entire home/apt,173,4,16,2018-11-10,0.2,1,0
804194,large but cosy bushwick apartment,4232762,sigfus,brooklyn,williamsburg,40.70747,-73.93879,entire home/apt,275,7,2,2016-01-07,0.03,1,0
804388,cute studio apt in a mansion (1882),4233879,karen,brooklyn,clinton hill,40.68631,-73.96802,entire home/apt,63,5,5,2015-11-14,0.06,1,0
804911,sunny apartment in carroll gardens,2373697,doug,brooklyn,carroll gardens,40.68216,-73.99504,entire home/apt,130,5,2,2015-06-26,0.04,1,0
805028,"boerum hill, entire home / loft",1131081,patrick,brooklyn,boerum hill,40.68418,-73.98039,entire home/apt,200,4,13,2019-01-04,0.22,1,0
807882,apt in heart of williamsburg,4250697,brandon,brooklyn,williamsburg,40.71986,-73.95925,entire home/apt,149,4,1,2013-06-30,0.01,1,0
808313,sunny east village studio apartment,4252788,suzana,manhattan,east village,40.72721,-73.98411,entire home/apt,200,7,3,2015-11-13,0.04,1,0
810681,city view from brooklyn– 2bd+2bth,2184470,said,brooklyn,clinton hill,40.69319,-73.96351,entire home/apt,250,5,2,2017-01-01,0.03,1,0
811347,west village 1-br gem - great price,4255199,bryan,manhattan,west village,40.73713,-74.00232,entire home/apt,240,7,7,2018-07-24,0.1,1,0
814911,tasteful design + space forever,4281123,albert,brooklyn,bushwick,40.6916,-73.92294,private room,55,2,2,2019-05-12,0.03,1,0
816673,very cool entire apartment | bushwick,4289709,elise,brooklyn,bushwick,40.69764,-73.93084,entire home/apt,65,7,4,2017-04-01,0.09,1,0
820946,charm&quiet in hip greenpt brooklyn,4311270,annie,brooklyn,greenpoint,40.73319,-73.95623,private room,110,1,4,2017-12-28,0.18,1,0
824421,central williamsburg fab large room,4328005,dina,brooklyn,williamsburg,40.71622,-73.96042,private room,70,1,8,2015-01-07,0.1,1,0
829083,"steps from art, shopping & eats",4345735,jennifer,brooklyn,prospect heights,40.67378,-73.96471,entire home/apt,150,3,11,2014-12-26,0.14,1,0
832596,spacious 1 br near the water ues,1723222,nick,manhattan,upper east side,40.77613,-73.94872,entire home/apt,250,4,1,2016-05-24,0.03,1,0
837430,ground floor studio with backyard,252365,eileen,manhattan,east village,40.7225,-73.98267,entire home/apt,130,5,4,2015-01-03,0.05,1,0
838586,***hot spot*** 2 blocks to l/g trains *** modern,326150,ronny,brooklyn,williamsburg,40.71733,-73.9531,entire home/apt,200,2,11,2019-04-27,0.23,1,0
838974,comfy artsy cottage garden studio,4255319,laura,brooklyn,prospect heights,40.67922,-73.96907,entire home/apt,90,7,6,2018-01-03,0.08,1,0
839058,midtown lux manhattan by 5th ave,4383196,david,manhattan,midtown,40.76188,-73.97193,entire home/apt,269,5,15,2017-01-03,0.22,1,0
842494,charming studio near central park!,148545,lisa,manhattan,upper west side,40.77886,-73.98444,entire home/apt,150,7,1,2013-11-09,0.01,1,0
846457,beatiful studio in williamsburg,945407,clara,brooklyn,williamsburg,40.7141,-73.96477,entire home/apt,120,3,8,2017-09-25,0.13,1,0
846549,new york city dream apartment,4420306,luis alejandro,brooklyn,bedford-stuyvesant,40.68941,-73.95247,private room,60,2,2,2015-08-02,0.04,1,0
846829,private room in the lower east side,395609,jb,manhattan,lower east side,40.71275,-73.98682,private room,95,1,7,2015-08-15,0.12,1,0
847591,brooklyn apartment,4425467,oded,brooklyn,bushwick,40.7016,-73.91868,entire home/apt,120,5,6,2015-09-27,0.1,1,0
848170,gorgeous 1br near prospect park,4428278,rohit,brooklyn,kensington,40.64651,-73.97662,entire home/apt,100,4,20,2017-09-10,0.26,1,0
855206,bedroom with private bath and roof,4467554,sunny,manhattan,east village,40.72957,-73.98406,private room,99,5,8,2015-11-05,0.14,1,0
869522,private room/upper manhattan,4581489,nick,manhattan,harlem,40.82579,-73.94907,private room,65,2,2,2015-12-08,0.05,1,0
871076,"large 2 br w/dining room, balcony, echo",4590460,clare,brooklyn,bensonhurst,40.6101,-73.99591,entire home/apt,115,4,6,2017-12-06,0.08,1,0
875111,1-bedroom apt in clinton hill,2908554,michael,brooklyn,bedford-stuyvesant,40.68586,-73.95875,entire home/apt,100,3,7,2019-01-27,0.11,1,0
890855,sun-drenched studio in clinton hill,128920,magera,brooklyn,clinton hill,40.68252,-73.96664,entire home/apt,100,6,10,2017-07-03,0.13,1,0
892463,ideal location + shower in kitchen!,1758019,wil,manhattan,west village,40.73084,-74.00431,entire home/apt,150,3,9,2015-03-30,0.12,1,0
908923,charming east village studio,4872812,toby,manhattan,east village,40.72784,-73.98486,entire home/apt,100,3,2,2017-08-02,0.06,1,0
929032,dumbo | spacious private room w/ private bathroom,2420592,lucas,brooklyn,vinegar hill,40.70163,-73.98208,private room,60,3,13,2019-06-18,0.66,1,0
937678,bushwick loft,5062254,michael,brooklyn,bushwick,40.70627,-73.92223,entire home/apt,155,2,20,2019-07-01,0.26,1,0
944183,your holiday-ready harlem home away from home!,3361696,lindsay,manhattan,harlem,40.81177,-73.95139,entire home/apt,200,3,1,2018-01-02,0.05,1,0
959349,modern new duplex with private yard,1797637,daniel,brooklyn,williamsburg,40.71765,-73.93999,entire home/apt,165,7,5,2016-01-03,0.09,1,0
992891,sunny nolita 1 bedroom apartment,458021,brian,manhattan,nolita,40.72131,-73.99487,entire home/apt,119,3,17,2018-06-11,0.22,1,0
995469,beautiful large furnished bedroom on ues,5468901,sanya,manhattan,upper east side,40.76896,-73.95898,private room,60,7,1,2015-12-22,0.02,1,0
1019360,hip charming williamsburg apartment,693889,heather,brooklyn,williamsburg,40.70798,-73.94263,entire home/apt,120,5,7,2016-10-26,0.1,1,0
1037016,quiet central williamsburg loft room,237477,alexander,brooklyn,williamsburg,40.718,-73.96603,private room,90,5,8,2017-05-31,0.11,1,0
1061337,sunny private br crown hts brooklyn,1557383,candace,brooklyn,crown heights,40.67418,-73.94661,private room,70,1,4,2017-08-01,0.06,1,0
1065138,private room in beautiful neighborhood in brooklyn,5861233,nevena,brooklyn,crown heights,40.67046,-73.94835,private room,50,3,2,2017-05-29,0.08,1,0
1071743,brooklyn family friendly brownstone,5895535,tara,brooklyn,crown heights,40.67151,-73.94885,entire home/apt,200,2,3,2017-05-29,0.08,1,0
1086640,"1 bedroom apt greenpoint, brooklyn",5972975,leigh,brooklyn,greenpoint,40.72613,-73.93915,entire home/apt,75,2,2,2014-10-02,0.03,1,0
1099244,big uws 1bdrm 2 min to central park,5604089,chris,manhattan,upper west side,40.78264,-73.97803,entire home/apt,200,3,3,2016-10-14,0.06,1,0
1115381,private room & balcony in new york,6121678,kamala,brooklyn,park slope,40.67771,-73.98152,private room,85,2,1,2015-09-12,0.02,1,0
1117706,"bright, bohemian, spacious apt in williamsburg",2843987,simona,brooklyn,williamsburg,40.71353,-73.96216,entire home/apt,125,2,16,2018-12-19,0.26,1,0
1129105,quiet and cozy brooklyn brownstone apartment,131014,serge,brooklyn,bedford-stuyvesant,40.6831,-73.94434,entire home/apt,90,2,4,2018-05-28,0.05,1,0
1132201,cozy north park slope apartment,712590,erin,brooklyn,prospect heights,40.68034,-73.97321,private room,130,2,8,2018-06-24,0.11,1,0
1134365,private garden apt. with outdoor space in red hook,6012816,jeffrey,brooklyn,red hook,40.67659,-74.01551,entire home/apt,200,1,7,2019-04-21,0.52,1,0
1138052,private room in brooklyn,6131397,dan,brooklyn,sunset park,40.66582,-73.99349,private room,65,1,4,2016-08-17,0.11,1,0
1150514,lovely entire apt in prime brooklyn,4376062,eliza,brooklyn,fort greene,40.68798,-73.97182,entire home/apt,138,7,1,2013-05-24,0.01,1,0
1151582,quiet & convenient upper east side,364351,katie,manhattan,upper east side,40.77068,-73.95867,private room,115,3,1,2016-11-07,0.03,1,0
1194508,sunny room - prime location,6527494,mar,manhattan,two bridges,40.71166,-73.9972,private room,80,1,1,2016-07-01,0.03,1,0
1215836,prospect park apt,6533489,ryan,brooklyn,crown heights,40.67394,-73.95951,entire home/apt,150,2,1,2017-06-22,0.04,1,0
1245977,charming prewar on prospect park!,6789857,dayna,brooklyn,prospect heights,40.67321,-73.96574,entire home/apt,99,5,12,2017-06-29,0.25,1,0
1267186,private room for labor day weekend,6897732,wilson,manhattan,midtown,40.74331,-73.98351,private room,110,1,4,2015-09-08,0.05,1,0
1271103,lovely spacious 1 bdrm in ridgewood,2243431,marcelle,queens,glendale,40.70518,-73.89133,entire home/apt,85,2,1,2015-03-16,0.02,1,0
1273533,1 bedroom avail in bk 3bd w/ porch,2246253,nerenda,brooklyn,bedford-stuyvesant,40.69585,-73.9446,private room,75,1,2,2014-08-13,0.03,1,0
1276554,1 guest room in new condo,6903334,marisa,brooklyn,brooklyn heights,40.70117,-73.99147,private room,200,1,3,2015-10-01,0.05,1,0
1276760,1bedroom apartment in williamsburg,6949594,sego,brooklyn,williamsburg,40.70971,-73.95621,entire home/apt,75,7,10,2015-12-19,0.15,1,0
1281023,your private bedroom in the upper east side!,6970732,sullivan,manhattan,east harlem,40.78747,-73.95276,private room,150,3,18,2019-05-04,0.25,1,0
1294721,skylight apartment williamsburg,306825,jesse,brooklyn,williamsburg,40.7132,-73.96798,entire home/apt,190,4,1,2014-09-22,0.02,1,0
1306966,beautiful 1br: heart of the village,5444717,jonathan,manhattan,greenwich village,40.72805,-73.99871,entire home/apt,175,2,2,2016-09-04,0.03,1,0
1327775,luxury 1br w/ rooftop,7205838,erik,queens,long island city,40.76592,-73.93428,entire home/apt,120,3,2,2016-05-29,0.05,1,0
1334633,meatpacking district large loft,7125872,joe,manhattan,west village,40.73896,-74.00522,entire home/apt,175,4,5,2017-12-03,0.07,1,0
1335510,bright & cosy williamsburg apt,4202236,john,brooklyn,williamsburg,40.71657,-73.9597,entire home/apt,115,7,3,2013-11-21,0.04,1,0
1336984,chez humphries,7236564,heather,brooklyn,bedford-stuyvesant,40.68608,-73.93478,private room,70,2,6,2015-09-07,0.1,1,0
1382607,family-friendly 3 br in cobble hill,6245535,jennifer,brooklyn,carroll gardens,40.68298,-73.99171,entire home/apt,259,1,2,2016-08-22,0.04,1,0
1403635,sunny & large w. harlem private 1 bedroom.,754675,lucy,manhattan,harlem,40.82036,-73.95589,private room,75,5,3,2018-12-31,0.16,1,0
1408406,"beautiful, spacious apartment - with a cute cat!",5761173,kappie,brooklyn,downtown brooklyn,40.69648,-73.98261,entire home/apt,162,2,11,2019-01-01,0.44,1,0
1421933,room in chelsea new york,7654246,tamara,manhattan,chelsea,40.74036,-74.00138,private room,90,3,5,2016-07-25,0.11,1,0
1427518,"spacious, amenity-filled 1 bdr williamsburg apt",7654662,elizabeth,brooklyn,williamsburg,40.71385,-73.93861,entire home/apt,160,6,1,2013-09-07,0.01,1,0
1428648,bright rm avail in heart of village,7683052,leah,manhattan,greenwich village,40.72998,-73.99999,private room,110,3,7,2018-12-10,0.12,1,0
1433897,the lavender suite on greene,33816,kamaya,brooklyn,bedford-stuyvesant,40.68714,-73.95775,entire home/apt,144,5,3,2016-10-09,0.06,1,0
1437044,gorgeous west village hidden gem,3355679,roxanne,manhattan,west village,40.73556,-74.00903,entire home/apt,270,1,4,2015-10-04,0.06,1,0
1449263,beautiful brooklyn brownstone apt,7777902,zachary,brooklyn,bedford-stuyvesant,40.68665,-73.93293,entire home/apt,168,2,1,2016-05-04,0.03,1,0
1455804,one bedroom apt near central park,4028305,abigail,manhattan,morningside heights,40.8057,-73.95826,entire home/apt,175,2,1,2017-10-28,0.05,1,0
1466688,bright apartment in williamsburg,7856381,jp,brooklyn,williamsburg,40.70901,-73.95291,entire home/apt,120,2,1,2015-05-17,0.02,1,0
1469895,bright and spacious west village studio,6263540,adam,manhattan,west village,40.73695,-74.00572,entire home/apt,150,5,3,2018-01-01,0.13,1,0
1475427,cozy twin for the nyc win! [gay/lgbt friendly],7896605,daveyjoe!,queens,sunnyside,40.74234,-73.92579,private room,102,5,8,2018-01-02,0.24,1,0
1475661,gorgeous apt. 20 min to manhattan!,7897301,rickey,queens,astoria,40.7703,-73.93306,entire home/apt,140,2,13,2014-09-01,0.18,1,0
1483688,peaceful studio in fort greene,477140,mark,brooklyn,fort greene,40.6862,-73.97184,entire home/apt,150,3,17,2016-09-24,0.43,1,0
1484310,1 bed aprt best location in newyork,7727015,lucie,manhattan,lower east side,40.7204,-73.99042,entire home/apt,120,5,9,2016-09-28,0.16,1,0
1487222,2br sunlight & secret garden apartment,1308282,sam,brooklyn,crown heights,40.67838,-73.95549,entire home/apt,145,4,18,2018-11-25,0.25,1,0
1514939,bright studio apt on prospect park,8088731,jon,brooklyn,prospect-lefferts gardens,40.66021,-73.96107,entire home/apt,79,7,19,2019-02-18,0.43,1,0
1515026,"garden apartment, ft. greene",1396183,lee,brooklyn,fort greene,40.69197,-73.97218,entire home/apt,115,4,12,2019-02-22,0.17,1,0
1515659,relax at our duplex + backyard,8092818,romi,brooklyn,bedford-stuyvesant,40.6882,-73.94645,entire home/apt,115,5,3,2014-04-02,0.04,1,0
1517917,elegant modern 1-bedroom in bed-stuy,1430128,jenn,brooklyn,bedford-stuyvesant,40.69336,-73.94678,entire home/apt,67,6,10,2018-05-30,0.39,1,0
1521335,private room in brooklyn brownstone,8120180,ivey,brooklyn,bedford-stuyvesant,40.68329,-73.95111,private room,45,3,2,2016-07-09,0.05,1,0
1523556,simply brooklyn. bedroom with office off l train.,7304881,amanda,brooklyn,williamsburg,40.71041,-73.93847,private room,178,2,2,2016-09-04,0.06,1,0
1524711,sunny 1-bedroom apartment: astoria,8135210,milena,queens,astoria,40.76387,-73.92593,entire home/apt,108,4,3,2015-12-01,0.06,1,0
1546678,one bedroom in astoria ny,7646038,malik,queens,ditmars steinway,40.77448,-73.90907,entire home/apt,120,2,2,2018-09-12,0.19,1,0
1559912,quiet large 1br near columbia,8301763,kevin,manhattan,morningside heights,40.8061,-73.9662,entire home/apt,79,5,9,2016-10-12,0.13,1,0
1576883,entire floor of brooklyn brownstone,6866353,julie,brooklyn,bushwick,40.68585,-73.90686,private room,75,2,12,2018-07-01,0.24,1,0
1582540,1-bedroom apt soho / nolita,8422502,stephan,manhattan,noho,40.72545,-73.99492,entire home/apt,90,7,2,2015-12-23,0.04,1,0
1583111,modern design in sunny duplex,4894525,am,brooklyn,crown heights,40.68034,-73.9615,entire home/apt,279,3,9,2018-12-31,0.19,1,0
1589248,hip apartment in williamsburg,8255208,kate,brooklyn,williamsburg,40.70951,-73.96262,entire home/apt,140,1,1,2015-07-16,0.02,1,0
1598863,1br apt + backyard -east village,8523970,tanya,manhattan,east village,40.72694,-73.98304,entire home/apt,200,5,10,2019-04-26,0.14,1,0
1620225,charming studio in williamsburg,8619862,karlee,brooklyn,williamsburg,40.70863,-73.95543,entire home/apt,150,3,1,2016-07-18,0.03,1,0
1633313,bohemian w'burg duplex,8677042,malcolm,brooklyn,williamsburg,40.7086,-73.94715,entire home/apt,241,2,1,2018-12-26,0.15,1,0
1635088,cosy studio in great location at  ues,8685072,agnes,manhattan,upper east side,40.78013,-73.95082,entire home/apt,155,4,13,2019-06-07,0.22,1,0
1654551,"west village: cozy, quiet 1br apt",8772693,billy,manhattan,west village,40.73119,-74.00615,entire home/apt,200,3,20,2016-10-01,0.29,1,0
1706997,cozy 1bd next to central park,5662533,megan,manhattan,upper west side,40.77532,-73.97952,private room,175,2,4,2016-08-05,0.1,1,0
1712462,cozy private room in brooklyn ny,9031941,sarah,brooklyn,greenpoint,40.72124,-73.93673,private room,110,4,2,2017-09-04,0.06,1,0
1727923,large private 1br with backyard - williamsburg,2510744,isabelle,brooklyn,williamsburg,40.71316,-73.95648,entire home/apt,98,7,7,2017-01-07,0.1,1,0
1728625,new williamsburg 1b with backyard,9109049,todd,brooklyn,greenpoint,40.71985,-73.94015,entire home/apt,160,2,19,2017-12-04,0.32,1,0
1742610,studio in the upper east side,2548224,melissa,manhattan,upper east side,40.78031,-73.94653,entire home/apt,123,5,14,2019-05-30,0.2,1,0
1744941,charming one bedroom,6544987,timothy,manhattan,kips bay,40.74148,-73.98304,entire home/apt,100,3,3,2015-09-10,0.05,1,0
1781052,celebrate new year's eve in nyc,9348961,colleen,manhattan,midtown,40.76456,-73.98233,entire home/apt,250,3,1,2016-01-03,0.02,1,0
1785141,entire 1 bedroom in williamsburg,5481728,mike,brooklyn,williamsburg,40.70658,-73.96759,entire home/apt,145,2,6,2017-06-11,0.09,1,0
1788989,sunny and charming soho 1 bedroom,7607092,tanja,manhattan,nolita,40.72311,-73.99476,entire home/apt,225,3,10,2016-09-01,0.15,1,0
1789715,2 br apt in luxury building - ues,6989380,shane,manhattan,upper east side,40.78277,-73.95164,entire home/apt,199,2,2,2014-10-19,0.03,1,0
1793411,union square/east village apartment,2273886,ki,manhattan,east village,40.7312,-73.98857,entire home/apt,199,5,4,2015-12-01,0.06,1,0
1801130,"perfect brooklyn stay, apt for 4",9443112,isaac,brooklyn,park slope,40.67749,-73.98031,entire home/apt,179,2,15,2015-08-07,0.22,1,0
1806651,bright and airy brooklyn loft,3267818,allison,brooklyn,williamsburg,40.70498,-73.92868,entire home/apt,120,3,2,2015-01-02,0.03,1,0
1812111,spacious parkside view bedroom,2621935,jennifer,manhattan,harlem,40.8145,-73.94962,private room,80,1,1,2015-11-16,0.02,1,0
1813681,east williamsburg clean apartment,9486005,nikki,brooklyn,williamsburg,40.71261,-73.94154,entire home/apt,115,2,2,2016-02-12,0.05,1,0
1820858,large comfortable studio in chelsea,3609524,nayef,manhattan,chelsea,40.74386,-73.99541,entire home/apt,161,2,8,2016-07-29,0.18,1,0
1820931,gorgeous large 1 bedroom apt for march- april.,3889301,marek,manhattan,washington heights,40.85557,-73.93641,entire home/apt,99,7,3,2018-04-08,0.04,1,0
1830244,cool and spacious room-approx 150 yard from ltrain,5309364,michael,brooklyn,bushwick,40.68135,-73.9046,private room,41,3,7,2017-09-04,0.11,1,0
1847096,beautiful 1br in east village!,3952560,camille,manhattan,east village,40.72969,-73.98151,entire home/apt,169,5,9,2016-06-05,0.13,1,0
1850695,great manhattan apartment,9665594,roberto,manhattan,morningside heights,40.80738,-73.95855,entire home/apt,120,5,4,2017-10-06,0.07,1,0
1856803,1br priv. east village apt sleeps 4,485738,ross,manhattan,east village,40.72335,-73.98549,entire home/apt,225,3,10,2016-09-07,0.15,1,0
1856914,luxury apartment a walk to the park,1010940,amber,manhattan,upper east side,40.76906,-73.9517,entire home/apt,240,5,6,2015-07-13,0.1,1,0
1866051,1 br in luxury chelsea doorman bldg,9729421,brian,manhattan,chelsea,40.74386,-74.00106,entire home/apt,200,2,2,2016-03-13,0.05,1,0
1869202,cozy & sunny central manhattan apt!,5008954,mich,manhattan,midtown,40.7582,-73.96692,entire home/apt,100,2,19,2016-02-20,0.28,1,0
1871261,big room only 90. great location.,9751988,asuka,manhattan,chelsea,40.74599,-73.99775,private room,90,6,4,2015-12-28,0.07,1,0
1881586,"spacious, sunny, 1br in midtown east with doorman",9795610,joel,manhattan,midtown,40.75669,-73.9666,entire home/apt,225,3,1,2018-01-01,0.05,1,0
1891118,large studio apartment,9831559,cassi,brooklyn,bedford-stuyvesant,40.68285,-73.95112,entire home/apt,100,4,10,2017-06-06,0.24,1,0
1891274,clinton hill 1br in charming 2br,9832158,daniel,brooklyn,bedford-stuyvesant,40.68442,-73.95639,private room,50,2,6,2017-10-24,0.12,1,0
1908767,large bedroom in the east village,9888877,jessica,manhattan,east village,40.72745,-73.98344,private room,119,3,1,2013-12-15,0.01,1,0
1908852,oversized studio by columbus circle,684629,alana,manhattan,upper west side,40.7706,-73.98919,entire home/apt,189,1,7,2016-05-06,0.13,1,0
1912357,"brooklyn apt, hip hood, with a view",9921108,amy,brooklyn,crown heights,40.67801,-73.96106,entire home/apt,83,7,2,2014-10-14,0.03,1,0
1913540,cute spacious studio in fort greene,325455,ashley,brooklyn,fort greene,40.68516,-73.97461,entire home/apt,120,1,2,2015-10-26,0.03,1,0
1914630,"comfy, spacious, modern, sweet home",342599,charlotte and pierre,brooklyn,bedford-stuyvesant,40.69309,-73.95921,private room,100,3,15,2018-08-16,0.22,1,0
1919896,sunny 2 bedroom in prospect/crown heights,1345452,nico,brooklyn,crown heights,40.67689,-73.95878,entire home/apt,150,5,11,2017-05-25,0.16,1,0
1922448,sunny bedroom in williamsburg,8740210,angelica,brooklyn,williamsburg,40.71278,-73.94035,private room,75,3,1,2015-11-13,0.02,1,0
1925519,sublet: $490/wk,2765870,amarie2131,manhattan,lower east side,40.7193,-73.98986,private room,80,1,1,2015-11-01,0.02,1,0
1928570,"studio apt. in williamsburg, brooklyn, ny",4393792,jose c.,brooklyn,williamsburg,40.71532,-73.94581,entire home/apt,120,3,5,2018-11-04,0.26,1,0
1929540,2 floor loft in gramercy park,6846161,stefano,manhattan,kips bay,40.73772,-73.98025,entire home/apt,175,3,9,2014-06-21,0.13,1,0
1932491,best view/luxury building/time squ.,10003254,mac,manhattan,hell's kitchen,40.75887,-73.99475,private room,105,4,10,2016-06-26,0.2,1,0
1935175,cute 2bd apt in greenpoint,239829,lauren,brooklyn,greenpoint,40.73419,-73.95493,entire home/apt,140,7,1,2016-08-16,0.03,1,0
1939106,charming 1br in the east village,3710931,stephanie,manhattan,east village,40.72997,-73.98497,entire home/apt,172,1,18,2018-07-16,0.27,1,0
1940780,amazing greenpoint/williamsburg apt,576056,flick,brooklyn,greenpoint,40.72318,-73.94931,entire home/apt,220,1,2,2014-08-03,0.03,1,0
1944155,funky furnished studio on tree-lined street,7720086,henri-leon,brooklyn,fort greene,40.68605,-73.97517,entire home/apt,119,6,7,2019-06-11,0.25,1,0
1947400,1bd cozy chelsea apartment,10071397,trevor,manhattan,chelsea,40.74328,-73.99742,entire home/apt,200,4,4,2018-08-20,0.06,1,0
1950603,cozy nyc apt. 10min to central park,8048803,daan,queens,long island city,40.75401,-73.91757,entire home/apt,82,5,2,2015-07-25,0.03,1,0
1954495,east village gem!,10102809,jennifer,manhattan,east village,40.7281,-73.98671,entire home/apt,100,3,2,2014-12-19,0.03,1,0
1956467,"big, beautiful, central 1bd in brooklyn",1500550,shira,brooklyn,prospect heights,40.67475,-73.96385,entire home/apt,100,6,5,2017-12-30,0.07,1,0
1961937,lovely 2 bedroom apartment,3899946,anna,manhattan,harlem,40.8233,-73.95591,entire home/apt,120,5,8,2016-04-04,0.12,1,0
1965766,large studio in elevator building!,10153970,lindsay,manhattan,upper east side,40.76876,-73.95979,entire home/apt,149,1,1,2016-04-11,0.03,1,0
1967045,top floor brooklyn pad 1.5bd/1bth,9975193,julianna & lawrence,brooklyn,park slope,40.67694,-73.9813,entire home/apt,180,3,6,2018-07-30,0.13,1,0
1975069,loft bedroom in duplex 3br & private roof,151654,brad,manhattan,greenwich village,40.72796,-73.99761,private room,150,2,7,2017-12-02,0.12,1,0
1979506,cozy duplex on the upper east side!,10071119,nora,manhattan,upper east side,40.76838,-73.95481,private room,100,1,1,2014-01-02,0.01,1,0
1981669,1 bedroom apartment lefferts garden,10226006,ester,brooklyn,prospect-lefferts gardens,40.66362,-73.94926,entire home/apt,80,5,19,2018-08-18,0.28,1,0
1984390,big cozy studio,10238618,zeynep,manhattan,upper east side,40.77556,-73.9483,entire home/apt,275,2,2,2015-05-08,0.03,1,0
1985022,large light filled apartment,10241822,jessica,brooklyn,crown heights,40.67148,-73.95698,private room,50,5,3,2019-01-03,0.16,1,0
1987627,1bd upper west side nyc,10251511,jordan,manhattan,upper west side,40.78918,-73.97927,entire home/apt,120,2,5,2016-01-01,0.07,1,0
1987949,3 bedroom apt. in washington height,10252755,lauren,manhattan,washington heights,40.84082,-73.93896,entire home/apt,145,3,1,2014-01-02,0.01,1,0
1989731,1br near everything in east village,1674102,heidi,manhattan,east village,40.72886,-73.98036,entire home/apt,137,7,6,2016-03-25,0.11,1,0
1997957,winter fun in brooklyn!!!,10294443,shari,brooklyn,crown heights,40.67497,-73.95879,entire home/apt,105,4,2,2014-12-31,0.03,1,0
1998026,"bright, serene apt in fort greene/clinton hill",10294707,amanda,brooklyn,clinton hill,40.69025,-73.96704,entire home/apt,130,2,15,2019-04-21,0.41,1,0
2008122,large 1 bedroom apt in park slope,10335193,whitney,brooklyn,south slope,40.66928,-73.98662,entire home/apt,150,1,3,2014-08-01,0.04,1,0
2010787,amazing williamsburg/greenpoint apt w/ 2 terraces!,1859395,beto,brooklyn,williamsburg,40.71861,-73.94362,shared room,175,1,7,2016-11-26,0.1,1,0
2010971,gorgeous 1br brownstone,4803115,daniel,manhattan,harlem,40.8083,-73.9439,entire home/apt,150,1,5,2015-08-19,0.08,1,0
2011692,staying in manhattan,2933058,anne,manhattan,morningside heights,40.80446,-73.96366,private room,95,4,9,2018-10-13,0.13,1,0
2012424,thanksgiving in manhattan luxury suite,275744,xander,manhattan,midtown,40.76542,-73.98081,entire home/apt,175,2,4,2018-11-25,0.12,1,0
2014701,studio apt. on upper west side,10363037,molly,manhattan,upper west side,40.78021,-73.9805,entire home/apt,150,2,7,2016-10-10,0.18,1,0
2015586,wonderful bright brooklyn apt,7127362,lydia,brooklyn,clinton hill,40.6841,-73.96691,entire home/apt,130,5,9,2016-01-06,0.13,1,0
2022958,elegant 1br @ columbus circle,195168,raees,manhattan,hell's kitchen,40.76709,-73.98577,entire home/apt,250,3,16,2016-10-15,0.24,1,0
2023357,artistic n funky 1bd by the park!,10398270,andrew and katie,manhattan,east harlem,40.78605,-73.95087,entire home/apt,120,6,4,2016-04-09,0.06,1,0
2024991,beautiful king-size 1-bedroom with balcony,10362054,mary,queens,astoria,40.7577,-73.91981,entire home/apt,100,3,1,2018-01-01,0.05,1,0
2031495,big private sunny room in uws duplex w/ terrace,25100,susana,manhattan,upper west side,40.79675,-73.96916,private room,100,3,11,2016-06-07,0.16,1,0
2033224,2-br apartment in manhattan,10437461,igor,manhattan,harlem,40.81858,-73.9559,entire home/apt,150,4,12,2018-01-01,0.2,1,0
2037508,bed stuy apartment one bedroom,10211848,ben,brooklyn,bedford-stuyvesant,40.6839,-73.94446,entire home/apt,75,4,1,2014-01-03,0.01,1,0
2041143,perfect for visiting family,10468616,sara,brooklyn,park slope,40.67559,-73.98362,entire home/apt,125,3,1,2016-08-28,0.03,1,0
2042764,architect's home in park slope,3707465,sim,brooklyn,south slope,40.66719,-73.98361,entire home/apt,250,4,11,2016-09-06,0.17,1,0
2043329,studio in hell's kitchen,10478532,erin,manhattan,hell's kitchen,40.76473,-73.98937,entire home/apt,100,2,11,2015-05-27,0.16,1,0
2046225,"large, sunny brooklyn apartment",10490291,lauren,brooklyn,crown heights,40.66539,-73.95651,entire home/apt,120,2,3,2016-08-29,0.04,1,0
2048796,sunnyside gardens oasis!,763439,joel,queens,sunnyside,40.74817,-73.91886,private room,50,1,1,2017-08-12,0.04,1,0
2057480,spacious 2br in the heart of soho,6145679,omar,manhattan,soho,40.72577,-74.00279,entire home/apt,272,5,4,2016-04-22,0.08,1,0
2060275,noha living,10545845,evan,manhattan,east harlem,40.80797,-73.93686,private room,179,1,1,2013-12-14,0.01,1,0
2061811,great nyc location for beginning of july,10552208,julia,manhattan,upper west side,40.77928,-73.97966,entire home/apt,120,7,3,2016-01-05,0.04,1,0
2067166,private room in upper east side,10573163,diana,manhattan,upper east side,40.77127,-73.95033,entire home/apt,75,3,2,2017-07-25,0.08,1,0
2071265,get cosy in williamsburg...,10590038,rory,brooklyn,williamsburg,40.70491,-73.94268,entire home/apt,110,3,3,2015-05-30,0.05,1,0
2074653,cozy east village bedroom,1468247,kris,manhattan,east village,40.73033,-73.98742,private room,100,5,2,2016-10-22,0.06,1,0
2074985,summer catsit in brooklyn!,248739,jeremy,brooklyn,crown heights,40.66806,-73.95358,entire home/apt,50,3,9,2016-11-18,0.13,1,0
2075471,big room in greenpoint.,10607636,brandon,brooklyn,greenpoint,40.73397,-73.95442,private room,54,4,4,2014-05-20,0.06,1,0
2075526,1 br apt in park slope brooklyn,8109174,katie and matt,brooklyn,park slope,40.66952,-73.98285,entire home/apt,130,4,8,2016-12-30,0.12,1,0
2076101,cozy 1br in morningside heights,10610482,robyn,manhattan,morningside heights,40.81233,-73.96101,entire home/apt,80,1,1,2016-03-20,0.02,1,0
2079686,sunny apt with backyard,7624316,rebecca,brooklyn,bushwick,40.7018,-73.91823,entire home/apt,60,3,14,2017-02-20,0.21,1,0
2080709,awesome bedroom close to manhattan!,4030621,rob,brooklyn,greenpoint,40.73303,-73.95153,private room,73,2,19,2016-01-05,0.28,1,0
2081394,apartment-nyc-les-lower east side,2707940,adrien,manhattan,lower east side,40.71864,-73.98496,entire home/apt,190,1,2,2015-07-13,0.04,1,0
2081408,cozy sun drenched crown heights apt,318435,rose,brooklyn,crown heights,40.66646,-73.93605,entire home/apt,105,5,1,2015-01-08,0.02,1,0
2082670,east williamsburg room near l train,10638597,reid,brooklyn,williamsburg,40.70674,-73.94365,private room,35,1,2,2016-06-01,0.03,1,0
2083547,3 bed/ 2 bath full apt. bk heights,4690301,eric,brooklyn,brooklyn heights,40.69134,-73.99334,entire home/apt,185,2,10,2017-09-20,0.2,1,0
2084817,huge bedroom at downtown manhattan,2657134,luna,manhattan,lower east side,40.71044,-73.98756,private room,128,1,16,2018-02-28,0.75,1,0
2086647,les sun drenched w/ balcony,10653693,christina,manhattan,chinatown,40.71651,-73.99053,entire home/apt,169,3,2,2015-05-19,0.03,1,0
2089712,spacious 1-br midtown west,10666587,kevin,manhattan,hell's kitchen,40.75774,-73.99371,entire home/apt,119,2,3,2015-12-14,0.04,1,0
2093035,"modern & artsy, awesome location",10099888,enrique,brooklyn,williamsburg,40.71243,-73.95873,private room,91,1,9,2016-07-04,0.14,1,0
2094213,large stylish 1.5 br noho/nolita,10642609,laura,manhattan,noho,40.72477,-73.99323,entire home/apt,255,2,8,2017-01-02,0.12,1,0
2096581,sunny apartment downtown!,10694601,gill,manhattan,east village,40.72287,-73.98462,entire home/apt,179,2,21,2016-10-10,0.31,1,0
2102315,spacious modern williamsburg loft!,10720001,phoebe,brooklyn,williamsburg,40.70981,-73.95189,entire home/apt,275,3,3,2014-11-30,0.05,1,0
2102344,cozy private room in artsy bushwick,5976214,angela,brooklyn,bushwick,40.70381,-73.92766,private room,30,3,2,2014-01-03,0.03,1,0
2102542,cozy 1bd-15min to nyc $150,2977901,andrea,brooklyn,cobble hill,40.68803,-73.99182,entire home/apt,150,1,19,2015-06-22,0.28,1,0
2102571,studio midtown east,4265753,dai,manhattan,midtown,40.75426,-73.96886,entire home/apt,140,3,2,2017-04-07,0.07,1,0
2105163,gramercy park studio apartment,10732706,joe,manhattan,gramercy,40.73646,-73.98337,entire home/apt,195,3,3,2019-01-03,0.21,1,0
2113934,futon on the upper east side!,10777592,lorna,manhattan,upper east side,40.7686,-73.95307,shared room,85,2,16,2017-05-21,0.25,1,0
2116940,"sunny, modern open 1br",2715062,stephen,manhattan,lower east side,40.71973,-73.99338,entire home/apt,145,2,4,2016-11-05,0.06,1,0
2118102,charming west village one bedroom,7579627,maria,manhattan,west village,40.73236,-74.00353,entire home/apt,200,1,4,2016-12-22,0.06,1,0
2128464,warm & spacious (not available),10859032,garth,brooklyn,bushwick,40.69312,-73.90582,private room,60,1,4,2014-06-10,0.06,1,0
2135116,"downtown, close to every subway!",2382974,chris,manhattan,battery park city,40.71,-74.0154,private room,110,3,1,2017-05-25,0.04,1,0
2137111,"upper west side 1 br apt, ~675sg ft",10906528,chris,manhattan,upper west side,40.78689,-73.96985,entire home/apt,225,2,14,2016-05-15,0.29,1,0
2141470,centrally located midtown east 1 br,10928857,ashley,manhattan,murray hill,40.74487,-73.97452,entire home/apt,125,2,8,2015-01-02,0.13,1,0
2141635,"room in soho, manhattan",10929586,chad,manhattan,soho,40.72356,-74.00305,private room,106,1,1,2014-04-23,0.02,1,0
2142130,fully renovated 1br apt in les,10932521,kenneth,manhattan,lower east side,40.71978,-73.98643,entire home/apt,224,2,12,2018-11-25,0.21,1,0
2144319,"cheap, furnished private room",10945216,rebecca,brooklyn,crown heights,40.67177,-73.95221,private room,40,1,1,2014-01-04,0.01,1,0
2149854,amazing nyc 1br apartment,10454853,margy,manhattan,hell's kitchen,40.76213,-73.99376,entire home/apt,215,3,2,2015-08-04,0.04,1,0
2155345,bushwick bungalow,10995590,cat,brooklyn,bushwick,40.70014,-73.92705,entire home/apt,150,1,1,2015-10-14,0.02,1,0
2157550,"2bd true loft, hip & artsy location",11010011,adrien,brooklyn,bushwick,40.70751,-73.92058,entire home/apt,130,5,9,2017-06-26,0.18,1,0
2170618,brooklyn artist bdrm center of everything,11073109,maya,brooklyn,clinton hill,40.68214,-73.96474,private room,61,4,3,2015-08-17,0.06,1,0
2178294,garden apt in wlmsbrg - lorimer l,5716241,aditya,brooklyn,williamsburg,40.71328,-73.95154,entire home/apt,140,2,6,2019-01-02,0.1,1,0
2186699,modern alcove studio in chelsea nyc,11126880,jeffrey,manhattan,chelsea,40.74259,-73.99708,entire home/apt,160,4,8,2017-12-25,0.12,1,0
2198970,beautiful 1 bedroom,4173868,maryam,manhattan,washington heights,40.84531,-73.93583,private room,55,7,9,2017-09-22,0.14,1,0
2202858,gorgeous ft. greene apt amazing vu,305591,james,brooklyn,fort greene,40.69093,-73.97936,entire home/apt,200,2,4,2018-05-21,0.06,1,0
2203154,prime east village 1 bedroom,5392354,aviad,manhattan,east village,40.73087,-73.98713,entire home/apt,180,2,2,2014-09-29,0.03,1,0
2210615,chelsea huge apartment w/ king bed + office,11276922,everett,manhattan,chelsea,40.74047,-73.99508,entire home/apt,215,3,9,2018-08-26,0.27,1,0
2210663,"luxury modern spacious 1br,1 block to subway",6447944,richard,manhattan,upper west side,40.79558,-73.96969,entire home/apt,155,1,21,2018-07-01,0.38,1,0
2210795,sunny room with private ensuite!,4618666,tim,brooklyn,gowanus,40.68019,-73.98119,private room,50,3,3,2016-04-07,0.07,1,0
2217342,1br west village! landmark building,1544485,laura and jake,manhattan,west village,40.73311,-74.00401,entire home/apt,185,7,19,2016-07-31,0.31,1,0
2236458,cozy 1 bdrm n the heart of astoria!,11418277,vanessa,queens,astoria,40.76437,-73.9195,entire home/apt,65,4,2,2014-04-21,0.03,1,0
2238300,"peaceful home, friendly area!",249753,penny,brooklyn,bushwick,40.70422,-73.91405,entire home/apt,95,5,1,2018-01-06,0.05,1,0
2240661,large 1br upper east side apartment,4660888,stephanie,manhattan,upper east side,40.77226,-73.95895,entire home/apt,180,2,2,2015-06-22,0.03,1,0
2246112,"upper e. side, one month minimum",11443640,james,manhattan,upper east side,40.78158,-73.94808,entire home/apt,110,1,3,2017-08-29,0.06,1,0
2251009,bedroom in huge apt on st. marks,4265028,jordan,manhattan,east village,40.72847,-73.99029,private room,129,5,1,2016-02-24,0.02,1,0
2253949,large 1 + den in the west village,10036249,jenna,manhattan,west village,40.73341,-74.00791,entire home/apt,250,1,2,2014-06-26,0.03,1,0
2254388,"spacious apt, 5 min to central park",11512483,danielle,manhattan,upper east side,40.78021,-73.95044,entire home/apt,175,2,5,2016-12-30,0.08,1,0
2254428,spacious duplex apt in brooklyn,11512676,danni,brooklyn,bedford-stuyvesant,40.68835,-73.95568,private room,40,3,10,2018-01-08,0.16,1,0
2255005,quiet gramercy apartment,7748022,jeff,manhattan,kips bay,40.73876,-73.98108,entire home/apt,100,1,5,2016-03-29,0.12,1,0
2257064,sunny room in heart of williamsburg,11526701,victor,brooklyn,williamsburg,40.71357,-73.96279,private room,75,4,3,2016-01-05,0.05,1,0
2261018,studio apartment on 35th and 3rd,9389685,bobbi,manhattan,murray hill,40.7461,-73.97628,entire home/apt,175,1,15,2015-09-25,0.29,1,0
2272739,sunny spacious west village 1br,11603608,dylan,manhattan,greenwich village,40.7358,-73.99677,entire home/apt,199,3,8,2015-06-21,0.16,1,0
2273733,heart of the west village!,8730513,corey,manhattan,greenwich village,40.73357,-73.99767,private room,175,3,1,2018-05-18,0.07,1,0
2279335,gorgeous 1 br in n williamsburg,7009234,sarah,brooklyn,williamsburg,40.71947,-73.9552,entire home/apt,250,2,3,2015-10-19,0.06,1,0
2284809,"great 1 bedroom, close to subway!",11671329,connor,brooklyn,bushwick,40.69982,-73.9249,private room,49,4,2,2015-12-27,0.04,1,0
2285444,"cozy, quiet bedroom in historic west village",11675431,rob,manhattan,west village,40.73521,-74.00089,private room,100,5,8,2019-06-07,0.26,1,0
2288762,large sun-filled studio: murray hill,11691665,lauren,manhattan,kips bay,40.74398,-73.97662,entire home/apt,152,1,5,2018-01-05,0.14,1,0
2292275,instant nyc,11710466,lindsey,manhattan,upper east side,40.77715,-73.94788,entire home/apt,135,2,3,2016-06-15,0.06,1,0
2292366,cozy upper east side 1 br abode,440396,mary,manhattan,upper east side,40.78103,-73.95069,entire home/apt,75,2,14,2019-06-01,0.33,1,0
2297029,large 2bdrm apt - midtown manhattan,10974421,jj,manhattan,hell's kitchen,40.76182,-73.99003,entire home/apt,200,1,8,2016-09-25,0.16,1,0
2303583,awesome hells kitchen apt!,11764444,cory,manhattan,hell's kitchen,40.76532,-73.99061,entire home/apt,150,1,11,2018-07-01,0.26,1,0
2310008,clean les home,5019619,chris,manhattan,chinatown,40.71627,-73.99404,private room,75,1,4,2015-02-22,0.06,1,0
2310542,hamilton heights/harlem private bedroom with roof,7317241,tim,manhattan,harlem,40.82016,-73.94559,private room,199,3,1,2019-05-16,0.56,1,0
2314589,"large, 2fl/2bdrm williamsburg apt",305132,alix,brooklyn,williamsburg,40.70771,-73.94344,entire home/apt,200,3,13,2017-01-01,0.22,1,0
2331148,charming sunny 1 bedroom les apt!,3627104,doria,manhattan,lower east side,40.72171,-73.99053,entire home/apt,180,5,13,2019-03-05,0.22,1,0
2333141,bohemian brooklyn bungalow,11917311,rebeca,brooklyn,crown heights,40.67026,-73.92587,entire home/apt,80,2,17,2018-03-07,0.39,1,0
2345266,"bright room, close to everything.",11976770,ezra,brooklyn,williamsburg,40.70941,-73.9522,private room,55,5,4,2016-09-06,0.08,1,0
2346106,amazing greenpoint loft-best deal!,6771815,el,brooklyn,greenpoint,40.73421,-73.95698,private room,100,2,9,2015-05-04,0.14,1,0
2362306,peaceful artsy huge sunny bedroom!,10283677,emma,brooklyn,flatbush,40.65173,-73.96035,private room,55,3,8,2018-10-25,0.36,1,0
2365645,"quiet apartment in williamsburg, bk",7881738,michele,brooklyn,williamsburg,40.711,-73.95403,entire home/apt,99,1,1,2016-01-12,0.02,1,0
2410620,cozy apt in the upper east side,12320096,luanna,manhattan,upper east side,40.78331,-73.94489,entire home/apt,185,2,3,2019-06-09,0.27,1,0
2410819,in the heart of the east village,1522929,anoop,manhattan,east village,40.72916,-73.98022,private room,125,3,13,2017-06-26,0.34,1,0
2412916,"elegant brooklyn comfort, one bedroom",4183222,james,brooklyn,carroll gardens,40.68008,-73.99392,entire home/apt,180,2,1,2014-06-10,0.02,1,0
2419438,1 bedroom bushwick apartment,571080,michael,brooklyn,bushwick,40.6998,-73.92913,entire home/apt,109,1,12,2018-09-03,0.19,1,0
2425980,"cozy br in hamilton heights, harlem",9915185,sarah,manhattan,harlem,40.82301,-73.94907,private room,65,2,2,2015-10-12,0.04,1,0
2440173,theater district studio (sleeps 4),3948178,redi,manhattan,hell's kitchen,40.76453,-73.99515,entire home/apt,123,2,8,2017-03-13,0.13,1,0
2440846,loft in williamsburg!,9872597,sofia,brooklyn,williamsburg,40.71124,-73.9499,private room,70,5,8,2015-07-22,0.15,1,0
2453739,awesome child friendly apartment!,6369087,andrea,brooklyn,crown heights,40.67652,-73.95713,entire home/apt,100,5,7,2018-08-21,0.11,1,0
2460303,charming brooklyn brownstone,12579916,andrea,brooklyn,park slope,40.68091,-73.9766,entire home/apt,100,2,1,2014-06-09,0.02,1,0
2465333,spacious one bedroom in prime fort greene,12058474,garth,brooklyn,fort greene,40.68825,-73.98038,entire home/apt,132,3,5,2016-11-26,0.14,1,0
2465962,1 bedroom entire home/apt❤ astoria,1000014,amy,queens,astoria,40.76122,-73.91163,entire home/apt,125,1,13,2015-09-28,0.22,1,0
2467087,beautiful artist apt in nolita w/ private backyard,12616627,nico,manhattan,nolita,40.72297,-73.99539,entire home/apt,250,1,2,2016-01-02,0.05,1,0
2467879,"great, cozy room in williamsburg!",786862,cristina,brooklyn,williamsburg,40.71841,-73.95992,private room,90,1,2,2015-04-30,0.03,1,0
2468186,luxury living near central park,4665764,ziporah,manhattan,upper west side,40.79838,-73.96388,private room,200,5,20,2019-01-01,0.33,1,0
2471108,prime brooklyn 1br-10min to city!,12637520,laura,brooklyn,boerum hill,40.68955,-73.98885,entire home/apt,160,7,7,2016-09-12,0.15,1,0
2489920,charming studio!--brooklyn college,9543143,angel,brooklyn,flatlands,40.62338,-73.94078,entire home/apt,90,7,21,2015-12-29,0.33,1,0
2492275,charming apartment in greenpoint,4543994,dusan,brooklyn,greenpoint,40.72771,-73.95382,entire home/apt,134,6,6,2017-02-07,0.09,1,0
2493176,cozy spacious ues studio,12760201,megan,manhattan,upper east side,40.77574,-73.9524,entire home/apt,141,1,20,2018-06-05,0.33,1,0
2495596,charming 1 bedroom in west village,12773532,idan,manhattan,greenwich village,40.73405,-73.99725,entire home/apt,199,4,3,2015-07-13,0.05,1,0
2500087,nyc steps from central park!,12796040,robyn,manhattan,hell's kitchen,40.7673,-73.98809,entire home/apt,150,5,3,2015-01-05,0.05,1,0
2501384,private 1bed/bath in sunny 3bed apt,3030031,elizabeth,brooklyn,boerum hill,40.68844,-73.98513,private room,90,3,5,2016-09-12,0.08,1,0
2518907,"art-packed, one-of-a-kind triplex",10264377,anthony,manhattan,east village,40.73101,-73.98936,entire home/apt,245,2,3,2015-12-22,0.07,1,0
2519255,beautiful brooklyn room,808206,brenna,brooklyn,bushwick,40.70365,-73.92711,private room,50,1,1,2014-04-11,0.02,1,0
2519770,2-3 bedroom apt in astoria nyc,12899510,solange,queens,ditmars steinway,40.77804,-73.91623,entire home/apt,150,1,1,2014-08-28,0.02,1,0
2521670,spacious studio in prospect heights,6723969,mari,brooklyn,crown heights,40.67571,-73.95161,entire home/apt,60,1,2,2014-04-21,0.03,1,0
2523629,entire apt in gorgeous park slope,12921356,elizabeth,brooklyn,south slope,40.66517,-73.98637,entire home/apt,165,5,7,2015-12-31,0.11,1,0
2526152,"sunny, child friendly loft.",11825464,sirroan,brooklyn,crown heights,40.67901,-73.96237,private room,105,1,1,2014-05-02,0.02,1,0
2529085,sunny luxury in bklyn's best hood,1210541,jodie,brooklyn,carroll gardens,40.68287,-73.99082,entire home/apt,275,2,3,2018-06-24,0.05,1,0
2532068,beautiful prewar uws apartment,12967572,laura,manhattan,upper west side,40.77929,-73.97787,private room,65,1,1,2015-09-01,0.02,1,0
2554110,great east village studio!,7132792,milenna,manhattan,gramercy,40.73237,-73.98288,entire home/apt,130,6,2,2017-01-01,0.06,1,0
2559129,large private bedroom in manhattan,4912237,jonathan,manhattan,hell's kitchen,40.76791,-73.98735,private room,95,4,7,2018-10-08,0.11,1,0
2560559,sunny private room near prospect pk,2766490,daisy,brooklyn,crown heights,40.68027,-73.96379,private room,50,7,1,2016-01-03,0.02,1,0
2569466,shared studio in east harlem,13156191,serenity,manhattan,east harlem,40.79731,-73.94231,shared room,55,1,10,2015-08-18,0.2,1,0
2570561,charming apartment river view,1676600,angie,manhattan,washington heights,40.84309,-73.94127,private room,90,3,2,2016-07-16,0.03,1,0
2586794,private bedroom in spacious brooklyn apartment,2132620,eva,brooklyn,crown heights,40.67656,-73.95825,private room,85,1,4,2017-03-05,0.11,1,0
2592640,great room with awesome amenities!,13272957,johnny,brooklyn,bedford-stuyvesant,40.69135,-73.94694,private room,30,1,1,2014-03-28,0.02,1,0
2598087,sunny private room w/exposed brick,13304615,andrew,brooklyn,greenpoint,40.72707,-73.95681,private room,75,1,3,2018-01-01,0.05,1,0
2599963,amazing penthouse studio (midtown east),13314076,abraham,manhattan,midtown,40.75529,-73.96897,entire home/apt,99,6,15,2018-08-26,0.24,1,0
2601899,sun-drenched artist loft,8798158,stephen and hector,brooklyn,bushwick,40.69911,-73.93713,entire home/apt,175,5,16,2018-12-31,0.25,1,0
2608217,"lovely, quiet 1-bedroom apt",13322169,sonja,manhattan,morningside heights,40.81503,-73.96029,entire home/apt,150,5,9,2018-12-30,0.14,1,0
2611765,luxury one bedroom upper west side,10331953,omar,manhattan,upper west side,40.79071,-73.97408,entire home/apt,145,3,8,2016-06-13,0.13,1,0
2613864,sunny studio nyc west 50's,6222620,joe,manhattan,hell's kitchen,40.76608,-73.99203,entire home/apt,90,2,1,2014-04-24,0.02,1,0
2620837,spacious room in huge loft,4691967,mark,brooklyn,bushwick,40.70065,-73.93862,private room,50,5,5,2017-09-05,0.12,1,0
2627737,"large sunny apt, great location!",3881345,conall,brooklyn,prospect heights,40.67318,-73.96738,entire home/apt,100,5,10,2016-10-13,0.16,1,0
2627940,garden appartment in clinton hill,2818232,jas,brooklyn,fort greene,40.68661,-73.97054,entire home/apt,225,3,12,2017-04-16,0.19,1,0
2635794,"room in a two bedroom apt, whole apartment",13496782,nicole,brooklyn,williamsburg,40.70719,-73.96407,entire home/apt,200,1,2,2016-12-12,0.06,1,0
2636731,private room in hell's kitchen,13295673,joão,manhattan,hell's kitchen,40.76503,-73.98827,private room,102,2,6,2017-11-12,0.26,1,0
2652865,classic upper west side getaway!,9951993,jason,manhattan,upper west side,40.79592,-73.97024,entire home/apt,159,2,1,2017-11-20,0.05,1,0
2659477,stunning 1br apt  ues/harlem,2294061,kurtis,manhattan,east harlem,40.7913,-73.94265,entire home/apt,140,3,2,2015-12-13,0.04,1,0
2659961,lovely spacious studio in les,2319102,alexandra,manhattan,chinatown,40.71675,-73.99092,entire home/apt,200,2,9,2017-11-04,0.18,1,0
2660576,"come see brooklyn, new york",13617520,howard t.,brooklyn,clinton hill,40.69172,-73.96934,shared room,40,5,8,2015-02-25,0.13,1,0
2663296,spacious one bedroom in gramercy,13632182,natalie,manhattan,gramercy,40.73657,-73.98019,entire home/apt,200,3,6,2016-08-13,0.09,1,0
2671737,private room in shared 2br,8212880,micky,manhattan,washington heights,40.83677,-73.94314,private room,65,3,1,2014-04-22,0.02,1,0
2683455,4br family apt 15 min to manhattan,1273385,cecile,queens,long island city,40.74749,-73.92089,entire home/apt,155,3,4,2015-10-13,0.07,1,0
2687375,queen size foam mattress,10264372,tyrell,manhattan,harlem,40.82305,-73.93739,private room,70,1,6,2015-10-12,0.11,1,0
2687606,spacious gramercy 1bdrm.  clean!,3016371,daniel,manhattan,gramercy,40.73701,-73.98242,entire home/apt,180,3,7,2018-12-30,0.11,1,0
2707194,large sunny apartment,159726,tina,manhattan,washington heights,40.83482,-73.94617,entire home/apt,130,6,5,2014-08-20,0.08,1,0
2710417,cosy one bedroom in greenpoint,4341057,nicole,brooklyn,greenpoint,40.72812,-73.94704,entire home/apt,225,7,2,2015-10-29,0.04,1,0
2710442,"charming studio, great location!!!",13871213,monica,brooklyn,williamsburg,40.70666,-73.9506,entire home/apt,135,2,2,2015-04-14,0.03,1,0
2713887,furnished studio ues near the met,13888072,will,manhattan,upper east side,40.77518,-73.95618,entire home/apt,200,5,4,2018-09-29,0.07,1,0
2722693,luxury high rise near central park,3280997,scott,manhattan,theater district,40.76351,-73.98431,entire home/apt,250,1,1,2014-05-05,0.02,1,0
2727766,convenient private room in spanish harlem (spaha),4992804,zachary,manhattan,east harlem,40.79121,-73.94793,private room,75,2,1,2014-04-17,0.02,1,0
2728293,east village w/ private bathroom & roof & elevator,12511213,vijay,manhattan,east village,40.7221,-73.98259,private room,90,4,1,2016-06-13,0.03,1,0
2735650,discounted entire apt:  prime uws location!,13968910,mike,manhattan,upper west side,40.79496,-73.97349,entire home/apt,140,1,19,2018-08-08,0.3,1,0
2736911,"full apt-brooklyn-near park, sunny!",3758251,sarah,brooklyn,kensington,40.64468,-73.97208,entire home/apt,200,3,2,2014-10-12,0.03,1,0
2739577,current location,12082653,taylor,queens,long island city,40.7625,-73.93919,entire home/apt,225,1,1,2014-05-29,0.02,1,0
2739884,lovely time square/theater district,3417714,cong,manhattan,hell's kitchen,40.75927,-73.99223,entire home/apt,189,5,14,2016-06-02,0.25,1,0
2744106,bklyn private room w/ private bath!,12958562,olivia,brooklyn,fort greene,40.69226,-73.98056,private room,95,4,12,2017-11-12,0.19,1,0
2769718,bright and spacious 2 bed apartment,14163479,yulia,brooklyn,park slope,40.67736,-73.98084,entire home/apt,195,5,3,2016-10-27,0.05,1,0
2783468,nice 1 bedroom in lovely building,3187645,ken,manhattan,upper east side,40.77349,-73.95137,entire home/apt,150,6,1,2014-04-28,0.02,1,0
2788298,fort greene perfect location,14262697,eric,brooklyn,fort greene,40.69056,-73.98038,entire home/apt,150,3,1,2015-05-19,0.02,1,0
2794734,spacious brownstone parlour,2343136,tyson,brooklyn,cobble hill,40.68811,-73.99421,entire home/apt,175,1,2,2015-04-26,0.03,1,0
2799360,beautiful 1 bed  - great transport links,14317804,samantha,manhattan,upper west side,40.78414,-73.9783,entire home/apt,75,1,2,2018-02-22,0.1,1,0
2803013,columbus circle/central park - wifi,8497788,cyn,manhattan,hell's kitchen,40.7642,-73.99133,entire home/apt,189,3,1,2014-10-04,0.02,1,0
2803944,lovely private bedroom in 2br apt,3181226,emily,queens,woodside,40.74235,-73.90375,private room,55,1,1,2015-09-05,0.02,1,0
2803981,room in duplex apartment!!,11330223,ger,brooklyn,williamsburg,40.71389,-73.9657,private room,80,5,11,2016-05-22,0.18,1,0
2804557,cozy bedroom in shared 2br apt,8741682,ines,manhattan,morningside heights,40.80504,-73.96454,private room,100,4,1,2015-04-25,0.02,1,0
2804989,"sunny, colorful, 1bd close to city",2918667,neisha,queens,sunnyside,40.74405,-73.91502,entire home/apt,100,1,1,2014-05-27,0.02,1,0
2807615,1 bedroom in the heart of the uws,14361027,matthew,manhattan,upper west side,40.78882,-73.97945,entire home/apt,179,2,15,2017-05-20,0.26,1,0
2821079,spacious 1 br apt in the uws,2333304,roger,manhattan,upper west side,40.77589,-73.98188,entire home/apt,200,1,1,2014-07-15,0.02,1,0
2821782,"sunny, ample, quiet w/balcony!",14435551,denise,manhattan,harlem,40.8068,-73.94258,entire home/apt,67,5,6,2017-08-17,0.12,1,0
2831424,cozy studio on the upper east side,12795393,bee,manhattan,upper east side,40.77065,-73.95495,entire home/apt,100,3,18,2016-10-04,0.29,1,0
2835159,large studio,7915183,alfonso,manhattan,midtown,40.75546,-73.96762,entire home/apt,240,1,1,2014-05-19,0.02,1,0
2856036,"modern loft, large private terrace.",14601436,andrea,manhattan,lower east side,40.71484,-73.98977,entire home/apt,185,5,4,2018-09-29,0.08,1,0
2856890,gay friendly room williamsburg nyc,13759034,patrick,brooklyn,williamsburg,40.71055,-73.95553,private room,100,2,11,2015-10-05,0.18,1,0
2864637,ting ting's home in heart of brklyn,14641776,ting,brooklyn,fort greene,40.69053,-73.9791,entire home/apt,100,5,3,2015-05-01,0.05,1,0
2897714,amazing and large modern studio,7853680,nesrine,manhattan,murray hill,40.74923,-73.97849,entire home/apt,250,5,2,2015-04-22,0.03,1,0
2904571,carroll gardens brooklyn apartment,6789600,derek,brooklyn,carroll gardens,40.67786,-73.99871,entire home/apt,149,6,2,2015-08-07,0.04,1,0
2908417,huge room in brooklyn loft,10593364,jeffrey,brooklyn,bedford-stuyvesant,40.69924,-73.94057,private room,42,7,6,2017-09-10,0.1,1,0
2909461,spacious one bedroom in uws,14864202,raymond,manhattan,upper west side,40.78352,-73.97482,entire home/apt,200,1,9,2015-07-28,0.14,1,0
2918732,west chelsea brownstone apartment,4619132,merrill,manhattan,chelsea,40.74411,-74.0029,entire home/apt,200,1,1,2014-06-13,0.02,1,0
2918764,beautiful spacious brooklyn room,6683775,sophia,brooklyn,bushwick,40.70071,-73.92468,private room,80,2,9,2015-10-16,0.14,1,0
2919062,spacious 1 bedroom in lic,14906518,michael,queens,long island city,40.74923,-73.94962,entire home/apt,119,3,2,2016-10-03,0.05,1,0
2919885,"spacious, sunny 2br near subway",7229763,robert and zafir,brooklyn,east flatbush,40.65267,-73.9485,entire home/apt,115,7,5,2016-03-24,0.08,1,0
2931544,bright 1br in heart of greenpoint,3136117,meg,brooklyn,greenpoint,40.73487,-73.95627,entire home/apt,185,3,9,2017-04-20,0.16,1,0
2932779,huge room near prospect heights,14975379,lily,brooklyn,crown heights,40.67512,-73.96278,private room,75,2,5,2015-10-24,0.08,1,0
2934382,sunshine & cozy bedtime in brooklyn,7171571,nicole,brooklyn,bedford-stuyvesant,40.69393,-73.94689,private room,65,1,4,2015-10-18,0.08,1,0
2940007,charming one bedroom in the les,15010803,carlo,manhattan,lower east side,40.71615,-73.98478,entire home/apt,200,1,10,2015-05-04,0.16,1,0
2941297,full 1 bedroom apt in great locale,1495881,zuben,manhattan,chelsea,40.73936,-73.99965,entire home/apt,225,3,6,2016-05-06,0.1,1,0
2966685,charming west village studio - amazing location!,3963645,quyen,manhattan,west village,40.73279,-74.00322,entire home/apt,160,2,13,2018-11-25,0.55,1,0
2967631,upper east side 1br,15141764,kevin,manhattan,upper east side,40.78139,-73.95261,shared room,175,1,1,2015-09-28,0.02,1,0
2974433,stylish williamsburg loft apartment,2363988,mads,brooklyn,williamsburg,40.70775,-73.94214,private room,100,5,2,2018-01-03,0.07,1,0
2974877,sunny and stylish on the park,15082988,karen,brooklyn,greenpoint,40.72292,-73.94924,entire home/apt,270,3,13,2017-04-23,0.22,1,0
2978421,hip chinatown apt in great location,5418972,nico,manhattan,chinatown,40.71433,-73.99028,entire home/apt,125,2,11,2019-05-31,0.27,1,0
2984662,brooklyn heights - 1 bedroom,15179425,chris,brooklyn,brooklyn heights,40.69443,-73.99068,entire home/apt,150,2,10,2018-09-14,0.16,1,0
2994536,the perfect greenpoint getaway,15265839,danie,brooklyn,greenpoint,40.73057,-73.95023,private room,70,2,8,2016-07-03,0.17,1,0
3005990,beautiful large room in park slope,15318802,jessie,brooklyn,sunset park,40.66528,-73.99382,private room,54,1,4,2018-05-15,0.07,1,0
3010430,studio in center of chelsea,15341568,selma,manhattan,chelsea,40.74227,-73.99362,entire home/apt,180,1,6,2014-08-25,0.1,1,0
3018285,heart of manhattan: charming 1bd,67180,nicholas,manhattan,west village,40.73722,-74.00043,entire home/apt,190,1,11,2018-10-17,0.18,1,0
3040654,sunny bedroom in astoria!,6041,miranda,queens,ditmars steinway,40.77748,-73.90971,private room,47,2,14,2018-01-02,0.28,1,0
3041280,crown heights duplex apt.,4401973,juan felipe,brooklyn,prospect-lefferts gardens,40.6602,-73.95043,private room,95,1,1,2015-06-30,0.02,1,0
3050544,large 2 full br 15min to manhattan!,2534076,helen,brooklyn,park slope,40.6728,-73.97166,entire home/apt,245,4,3,2014-08-17,0.05,1,0
3052904,spacious upper east side pvt. room,15543098,carlos,manhattan,upper east side,40.77401,-73.9457,private room,55,1,2,2016-12-31,0.03,1,0
3056451,one bedroom close to everything!,15559190,kerry,manhattan,west village,40.72916,-74.00433,entire home/apt,120,3,5,2016-10-28,0.08,1,0
3061093,penthouse in williamsburg w/ patio!,15579200,marc,brooklyn,williamsburg,40.7172,-73.9616,entire home/apt,240,2,18,2015-11-12,0.29,1,0
3068047,upper east side steal,15613241,courtney,manhattan,upper east side,40.78145,-73.95588,entire home/apt,250,3,3,2015-10-11,0.06,1,0
3073195,spacious room in great neighborhood,15639713,agustina,brooklyn,williamsburg,40.70442,-73.95413,private room,75,4,6,2015-12-01,0.13,1,0
3083899,charming studio on upper west side,15638528,lindsey,manhattan,upper west side,40.78087,-73.97812,entire home/apt,120,1,1,2014-07-10,0.02,1,0
3084473,one bedroom apartment,5691429,patrick,manhattan,morningside heights,40.80739,-73.95918,entire home/apt,100,1,5,2014-12-22,0.08,1,0
3095477,luxury family sunny 2 bdrm 1 bath apt park slope,15743167,cristina,brooklyn,south slope,40.66508,-73.98974,entire home/apt,200,2,14,2018-06-10,0.6,1,0
3101058,entire one bedroom apartment next to prospect park,15767190,mark,brooklyn,flatbush,40.65235,-73.9635,entire home/apt,109,2,2,2017-06-28,0.08,1,0
3105986,steps away from brooklyn museum,8822946,mariam,brooklyn,crown heights,40.67228,-73.96239,entire home/apt,135,5,4,2015-10-17,0.07,1,0
3112872,sunny studio near central park,2641574,meredith,manhattan,upper west side,40.77573,-73.98264,entire home/apt,215,2,8,2015-06-21,0.13,1,0
3116279,cozy studio on mcgolrick park,5352357,bernice,brooklyn,greenpoint,40.72418,-73.94528,private room,83,2,2,2016-08-25,0.03,1,0
3120723,charming private studio in les,15853337,julia,manhattan,lower east side,40.72165,-73.98573,entire home/apt,160,2,6,2015-06-19,0.1,1,0
3121176,1 bedroom apt in prime williamsburg,3663033,jehan,brooklyn,williamsburg,40.71662,-73.95993,entire home/apt,50,7,4,2016-03-09,0.07,1,0
3131982,"spacious, sunny apartment in bk!",15904341,monica,brooklyn,crown heights,40.67231,-73.94426,entire home/apt,65,5,6,2018-06-21,0.14,1,0
3132960,lovely park slope pied a terre,2472358,craig,brooklyn,park slope,40.67668,-73.97718,entire home/apt,250,5,2,2018-12-31,0.21,1,0
3136535,"peaceful, upper east side studio",15414317,madeleine,manhattan,upper east side,40.76299,-73.96166,entire home/apt,150,5,10,2017-09-23,0.16,1,0
3147439,charming west village studio with cat,7361593,samantha,manhattan,west village,40.72976,-74.00445,entire home/apt,115,3,2,2017-11-11,0.03,1,0
3157330,"clean, casual 2bd apt in bed-stuy!",9105586,marc,brooklyn,bedford-stuyvesant,40.68898,-73.9412,entire home/apt,75,1,1,2015-02-12,0.02,1,0
3157420,giant private room in battery park,4119683,zachary,manhattan,battery park city,40.71029,-74.01725,private room,100,1,4,2016-07-26,0.08,1,0
3164173,bright studio in new wb building,2338762,masha,brooklyn,williamsburg,40.71808,-73.95511,entire home/apt,150,1,12,2016-08-28,0.33,1,0
3166564,family-friendly 2br w rooftop,8488933,teresa,brooklyn,windsor terrace,40.65516,-73.97633,entire home/apt,184,5,22,2018-08-27,0.37,1,0
3168120,spacious & sunny east village gem,16069958,nicholas,manhattan,east village,40.72854,-73.98434,entire home/apt,171,2,1,2014-06-30,0.02,1,0
3171480,huge 1br in prime west village,6183406,justin,manhattan,west village,40.73509,-74.00323,entire home/apt,200,4,4,2016-09-22,0.07,1,0
3171880,light filled loft studio in fort greene,847230,benjamin,brooklyn,fort greene,40.68731,-73.9745,entire home/apt,165,3,7,2019-04-21,0.19,1,0
3176655,lovely single family house in south slope,16108191,david,brooklyn,south slope,40.66488,-73.98725,entire home/apt,225,4,2,2018-12-30,0.11,1,0
3177630,large studio w/ new mattress in ues,16114134,jeff,manhattan,upper east side,40.77737,-73.95032,entire home/apt,175,3,6,2016-06-13,0.1,1,0
3181376,"homey, inviting 1br w/ lots of room",8158276,matthew,manhattan,inwood,40.85893,-73.92985,entire home/apt,100,3,1,2016-01-03,0.02,1,0
3198824,bright 1 bedroom near columbia,9523245,albane,manhattan,upper west side,40.79739,-73.96945,entire home/apt,195,3,8,2017-07-09,0.13,1,0
3200198,hell's kitchen one bedroom (near times square),16217769,karlan,manhattan,hell's kitchen,40.76309,-73.99155,entire home/apt,175,4,1,2017-01-02,0.03,1,0
3206379,luxury apartment in manhattan.,16245979,karima,manhattan,upper east side,40.77059,-73.94991,entire home/apt,280,2,17,2018-03-23,0.28,1,0
3213712,luxury 1 br midtown w pool & gym,1014484,petek,manhattan,murray hill,40.74814,-73.97277,entire home/apt,189,1,3,2016-01-05,0.05,1,0
3215486,large sunny private room downtown,7691955,ingrid,manhattan,lower east side,40.71981,-73.98701,private room,81,3,9,2017-10-15,0.19,1,0
3216400,1 br minutes from central park!,9502879,maria,manhattan,upper east side,40.76158,-73.96031,private room,80,2,10,2017-05-03,0.25,1,0
3217221,"quiet, full bed, sleeps 1 or 2 ppl",16251030,ford,manhattan,washington heights,40.8365,-73.93688,shared room,65,2,9,2017-03-02,0.21,1,0
3219401,lovely room in greenwich village,3481965,pierre-hubert,manhattan,greenwich village,40.72928,-74.00135,private room,90,4,3,2017-01-01,0.05,1,0
3220115,large 1-bedroom in brooklyn,16306708,melissa,brooklyn,clinton hill,40.68331,-73.96568,entire home/apt,115,7,6,2015-01-12,0.1,1,0
3227002,sunny 2 bedroom in fort greene,2941712,claudia,brooklyn,clinton hill,40.68717,-73.9669,entire home/apt,200,5,3,2015-07-03,0.05,1,0
3231460,bright & spacious fort greene 1 bed,15384170,jonathan,brooklyn,fort greene,40.68727,-73.972,entire home/apt,175,3,12,2016-07-31,0.2,1,0
3237160,spacious east village gem -union sq,4928687,yuval,manhattan,east village,40.7278,-73.97997,entire home/apt,175,1,2,2017-07-01,0.05,1,0
3240518,elegant 1876 boerum hill brownstone,16395150,patti,brooklyn,boerum hill,40.68554,-73.98471,entire home/apt,265,2,10,2016-09-07,0.18,1,0
3241287,small cozy private room in nyc,16399575,kristiana,manhattan,washington heights,40.83686,-73.94393,private room,45,3,13,2016-01-02,0.21,1,0
3245000,spacious prewar apartment in heart of greenpoint,13561307,katy,brooklyn,greenpoint,40.7238,-73.94859,entire home/apt,149,1,2,2019-03-18,0.28,1,0
3248526,beautiful comfortable apt in north manhattan,16430857,aseel,manhattan,harlem,40.82524,-73.94186,entire home/apt,78,5,13,2018-09-16,0.22,1,0
3250685,great east harlem spot for 1 or 2,16442583,ali,manhattan,east harlem,40.79848,-73.93908,private room,50,2,6,2016-07-06,0.11,1,0
3251014,cozy but cool:huge 1bed in ❤️of ny,8349905,lorna,manhattan,midtown,40.76016,-73.96597,entire home/apt,234,4,5,2015-10-09,0.08,1,0
3251901,huge room in manhattan's upper west,6726808,eve,manhattan,upper west side,40.80131,-73.9675,private room,69,5,2,2017-03-08,0.03,1,0
3257345,beautiful les apartment,417100,tara,manhattan,chinatown,40.71338,-73.99226,entire home/apt,135,1,18,2016-12-16,0.35,1,0
3262855,beautiful room near prospect park!!,16499705,john,brooklyn,flatbush,40.65148,-73.95847,entire home/apt,70,1,5,2015-12-01,0.08,1,0
3264261,spacious studio in midtown,5668550,kevin,manhattan,midtown,40.75182,-73.97052,entire home/apt,175,3,18,2017-09-11,0.3,1,0
3264684,carroll gardens - two bedroom apartment,8830645,kevin,brooklyn,carroll gardens,40.6812,-74.00116,entire home/apt,160,3,2,2015-08-12,0.03,1,0
3265407,sunny brooklyn room,9944244,linnea,brooklyn,prospect heights,40.67303,-73.96424,private room,57,7,11,2019-04-27,0.18,1,0
3270428,large east village one bedroom,16536815,daniel,manhattan,east village,40.72823,-73.9817,entire home/apt,170,4,14,2017-10-23,0.23,1,0
3271052,gorgeous apt 1 block from subway,2009585,cecile,brooklyn,cobble hill,40.68785,-73.99181,entire home/apt,145,3,13,2016-08-14,0.22,1,0
3272552,"tasteful, calm, central 2br/2baths",4233003,roy,brooklyn,williamsburg,40.71314,-73.96719,entire home/apt,245,3,18,2017-09-03,0.3,1,0
3272628,cozy harlem getaway,1568951,laura,manhattan,harlem,40.80407,-73.94603,entire home/apt,80,3,12,2019-04-07,0.25,1,0
3272721,beautiful penthouse apt - brooklyn,4080758,arun,brooklyn,prospect heights,40.68033,-73.96528,entire home/apt,125,5,5,2016-01-05,0.08,1,0
3278631,private bedroom available june 1,16572957,hope,manhattan,east harlem,40.8008,-73.94347,private room,130,1,3,2015-06-06,0.05,1,0
3282550,quintessential brooklyn...!!,1174963,aaron,brooklyn,boerum hill,40.6846,-73.98454,entire home/apt,158,3,12,2015-06-08,0.19,1,0
3283729,"beautiful, furnished studio!",16596651,gautam,manhattan,upper east side,40.77787,-73.95104,entire home/apt,125,4,7,2015-11-15,0.11,1,0
3302905,great west village studio,16680791,adam,manhattan,west village,40.7381,-74.00489,entire home/apt,180,3,3,2017-10-29,0.07,1,0
3307936,nyc studio loft in meatpacking,7889819,tara,manhattan,west village,40.73993,-74.00619,entire home/apt,240,1,22,2015-10-24,0.37,1,0
3315933,upper east side 2 bedroom apartment,12774721,morgan,manhattan,upper east side,40.76884,-73.95826,entire home/apt,250,1,4,2016-01-03,0.07,1,0
3317978,spacious queen size room,16751902,asher,manhattan,upper west side,40.80048,-73.96621,private room,44,1,2,2016-06-30,0.05,1,0
3320635,sunny airy beautiful brooklyn 1b,7640229,lihi,brooklyn,flatbush,40.65376,-73.95336,entire home/apt,90,7,4,2016-05-18,0.07,1,0
3321643,charming colonial house in brooklyn,1442768,carolina,brooklyn,east flatbush,40.64082,-73.94818,entire home/apt,125,4,10,2016-08-27,0.17,1,0
3325584,cozy uws apt close to central park / times square,16789954,fate,manhattan,upper west side,40.7995,-73.96965,entire home/apt,130,4,2,2018-01-02,0.06,1,0
3325807,large 1 bdr apt on the uws,3053578,natalie,manhattan,upper west side,40.79921,-73.96704,entire home/apt,145,7,6,2016-10-06,0.1,1,0
3331279,spacious brooklyn townhouse,3840659,alicia and jamie,brooklyn,bedford-stuyvesant,40.6851,-73.95655,entire home/apt,215,4,14,2018-04-05,0.23,1,0
3332881,apartment near upper east side,16826094,jeremy,manhattan,east harlem,40.78728,-73.94976,entire home/apt,100,3,1,2016-05-15,0.03,1,0
3352030,delightful & modern 1 bedroom,317692,tara,brooklyn,boerum hill,40.68687,-73.98472,entire home/apt,120,2,4,2015-09-27,0.08,1,0
3354459,family home near prospect park,16926937,johanna,brooklyn,south slope,40.66691,-73.98507,entire home/apt,200,1,4,2019-04-27,0.07,1,0
3354484,sunny 1 bed home close to manhattan,4319841,maria,brooklyn,windsor terrace,40.65181,-73.97648,entire home/apt,75,5,9,2017-08-10,0.16,1,0
3362302,trendy lower east side studio,16962600,debris,manhattan,lower east side,40.71866,-73.98592,entire home/apt,125,7,4,2015-01-30,0.07,1,0
3367150,"sunny, spacious, 1br in willamsburg",16989237,aleksandra,brooklyn,williamsburg,40.71626,-73.95795,entire home/apt,158,4,17,2017-07-24,0.28,1,0
3372925,beautiful summer sublet in ditmas park brooklyn,17018997,paul,brooklyn,flatbush,40.64615,-73.9641,entire home/apt,85,5,1,2017-07-03,0.04,1,0
3376567,luxury duplex in williamsburg with private bath,2042864,anna,brooklyn,williamsburg,40.70926,-73.94673,private room,125,4,14,2018-03-20,0.3,1,0
3393798,greenwich village cozy 1-2bd with outdoor space,8597778,nadine,manhattan,west village,40.73817,-74.00274,entire home/apt,249,3,6,2016-08-11,0.1,1,0
3395398,cozy br in heart of manhattan (hell's kitchen),17130866,thomas,manhattan,hell's kitchen,40.76496,-73.99073,private room,99,3,10,2018-07-15,0.58,1,0
3400645,charming 1br private garden apt!,178784,michael,brooklyn,boerum hill,40.68572,-73.98602,entire home/apt,115,3,6,2017-09-15,0.1,1,0
3402474,"modern 1 bedroom with large windows, lots of light",17157906,brendon,manhattan,financial district,40.70765,-74.00761,entire home/apt,205,2,8,2017-01-01,0.16,1,0
3411912,"charming apt, perfect for couples!",2574806,liz,brooklyn,bushwick,40.69349,-73.92211,entire home/apt,170,2,1,2015-12-09,0.02,1,0
3412893,studio apt. 15 min from manhattan,17206543,griffin,queens,astoria,40.77056,-73.92159,entire home/apt,99,2,7,2018-09-04,0.12,1,0
3420223,sunny bushwick apartment / morgan l,17241205,abigail,brooklyn,williamsburg,40.70791,-73.93396,entire home/apt,129,1,21,2016-09-05,0.36,1,0
3424458,sun-soaked 1br in park slope with amazing nyc view,17247205,laura,brooklyn,park slope,40.66891,-73.97987,entire home/apt,240,1,1,2017-10-31,0.05,1,0
3425054,gorgeous 1br park slope apt/garden,7398990,laura,brooklyn,park slope,40.67505,-73.97795,entire home/apt,100,5,10,2018-01-05,0.17,1,0
3431816,apt in prospect/crown heights,4274268,konstantino,brooklyn,crown heights,40.67183,-73.95491,entire home/apt,110,4,3,2016-01-03,0.05,1,0
3434211,luxury furnished apt @tribeca/soho,11081628,arjun,manhattan,civic center,40.71663,-74.00231,entire home/apt,80,7,6,2018-05-29,0.18,1,0
3434303,cute studio in midtown east/ues!,16914467,sharon,manhattan,midtown,40.75812,-73.96171,entire home/apt,150,2,4,2016-11-10,0.07,1,0
3434471,spacious 2 bdr apt. upper west side,13148521,kira,manhattan,upper west side,40.79037,-73.97195,entire home/apt,200,4,4,2015-08-11,0.07,1,0
3440741,charming tudor 1bd uptown,17339848,elizabeth,manhattan,washington heights,40.85529,-73.9398,entire home/apt,175,3,5,2016-09-09,0.08,1,0
3442152,stunning park slope 2br,17347275,jean-cosme,brooklyn,gowanus,40.68094,-73.98205,entire home/apt,190,3,2,2015-08-16,0.03,1,0
3452721,prime williamsburg 1 bd apartment,17130308,david jerome,brooklyn,williamsburg,40.72154,-73.95449,entire home/apt,200,5,7,2016-01-02,0.12,1,0
3457770,cute 1 br in the lower east side,9604972,alexia,manhattan,lower east side,40.7212,-73.98893,entire home/apt,110,1,1,2014-08-09,0.02,1,0
3461872,private br in 3 br apt - e. harlem,5220670,jonathon,manhattan,east harlem,40.80278,-73.94001,private room,75,1,3,2015-10-04,0.05,1,0
3468486,2br with balcony in east harlem!,17475146,c,manhattan,east harlem,40.80409,-73.93988,entire home/apt,70,7,1,2014-07-28,0.02,1,0
3473305,one bedroom apartment,16718001,nicholas,brooklyn,bedford-stuyvesant,40.68887,-73.95013,entire home/apt,50,3,15,2016-06-21,0.25,1,0
3485146,"sun soaked, nyc brownstone apt",6707119,parnell,manhattan,harlem,40.8079,-73.94887,entire home/apt,150,1,1,2014-12-30,0.02,1,0
3488283,1br apt in the bay ridge!,17208512,aleksandar,brooklyn,bay ridge,40.63195,-74.0214,entire home/apt,75,3,4,2019-04-28,0.08,1,0
3488989,"sunny, quiet apt. in manhattan",17568735,william,manhattan,harlem,40.82639,-73.94186,entire home/apt,135,3,3,2015-09-08,0.05,1,0
3496438,nyc 1bd near central park & shops,17604079,meghan,manhattan,harlem,40.80724,-73.94739,entire home/apt,170,1,1,2014-08-05,0.02,1,0
3504289,cheap accommodation in manhattan,11308483,nathan,manhattan,kips bay,40.73877,-73.98171,private room,80,1,2,2014-07-11,0.03,1,0
3507112,"#1 private studio in bx,15mins nyc.",17658078,richard,bronx,mott haven,40.81049,-73.9043,private room,79,2,11,2016-03-19,0.19,1,0
3511883,williamsburg garden escape,17347754,benjamin,brooklyn,williamsburg,40.71187,-73.93593,entire home/apt,119,2,10,2017-10-09,0.18,1,0
3513662,luxury 2 bed apt in williamsburg bk,6153186,michael,brooklyn,williamsburg,40.71784,-73.95521,entire home/apt,150,1,5,2015-12-17,0.08,1,0
3517646,"spacious, light-filled home by prospect park",17711637,carrie,brooklyn,kensington,40.6451,-73.97798,entire home/apt,210,5,3,2018-08-13,0.05,1,0
3521162,studio in the heart of chelsea,17730490,ashley,manhattan,chelsea,40.74252,-73.9975,entire home/apt,175,1,18,2016-05-11,0.31,1,0
3529888,architect's oasis,9952523,fabi,brooklyn,crown heights,40.66919,-73.95079,entire home/apt,125,3,10,2017-03-10,0.22,1,0
3531959,charming artists in the heights,17781037,gideon & chantal,manhattan,harlem,40.82447,-73.95076,private room,95,1,2,2014-10-20,0.03,1,0
3539618,large modern studio in gramercy,506909,nevena,manhattan,kips bay,40.73788,-73.98048,entire home/apt,170,1,9,2015-05-21,0.15,1,0
3539882,renovated studio - les,16583238,tommy,manhattan,lower east side,40.72165,-73.98759,entire home/apt,125,5,12,2015-12-31,0.2,1,0
3544858,"private room in greenpoint, bk",7879349,abby,brooklyn,greenpoint,40.72472,-73.94135,private room,60,1,1,2014-08-18,0.02,1,0
3545066,cozy apartment in chinatown/les,7250241,irene,manhattan,lower east side,40.71306,-73.98856,private room,80,5,3,2015-08-29,0.05,1,0
3548393,charming west village apartment,6212988,kim,manhattan,west village,40.73326,-74.00604,private room,100,3,16,2016-03-22,0.26,1,0
3550298,"bright, big, beautiful room in renovated apt",16974369,robert,manhattan,harlem,40.81813,-73.9398,private room,75,5,5,2018-06-30,0.1,1,0
3559695,soho/nolita studio loft with beautiful terrace,17920926,gerald,manhattan,nolita,40.71987,-73.9947,entire home/apt,270,5,8,2018-08-24,0.21,1,0
3569374,"lovely 1br park slope, near trains!",1673750,valerie,brooklyn,park slope,40.66617,-73.97593,entire home/apt,230,2,7,2016-01-02,0.15,1,0
3581652,duplex in soha,18041691,sebastien,manhattan,harlem,40.80411,-73.95624,entire home/apt,225,1,5,2016-07-29,0.09,1,0
3584528,spacious loft with spiral staircase,11495235,leslie,brooklyn,bushwick,40.70204,-73.92109,entire home/apt,150,1,2,2016-01-05,0.03,1,0
3585974,1bd in lower east side,3588028,elisa,manhattan,lower east side,40.72158,-73.98998,entire home/apt,150,3,18,2018-05-16,0.3,1,0
3591107,gorgeous bedroom by the park,6310115,lanny,brooklyn,prospect-lefferts gardens,40.65598,-73.95512,private room,50,1,12,2019-01-01,0.31,1,0
3594408,bedr w priv bathr+balc 15m frm city,6150064,sonya,queens,astoria,40.76972,-73.9206,private room,85,2,2,2015-08-25,0.04,1,0
3600961,charming 1 bed in trendy location!,18142696,morgan,manhattan,east village,40.72974,-73.98372,entire home/apt,160,2,5,2015-08-20,0.08,1,0
3601900,cozy private room in the heights!,18147523,carli,manhattan,washington heights,40.84943,-73.93146,private room,50,1,14,2018-01-01,0.23,1,0
3602739,private br in huge 2br in chinatown,18151946,dave,manhattan,chinatown,40.71445,-73.99287,private room,94,7,17,2017-04-17,0.28,1,0
3603287,beautiful furnished room in soho,146825,masaki,manhattan,nolita,40.72061,-73.99472,private room,80,6,3,2016-03-26,0.07,1,0
3603426,brooklyn getaway-special discount,18156556,rachel,brooklyn,bedford-stuyvesant,40.68274,-73.91856,entire home/apt,97,3,15,2018-09-30,0.25,1,0
3611620,private room in gorgeous apartment july 1st-30th!,18198406,joseph,brooklyn,bedford-stuyvesant,40.692,-73.93852,private room,45,1,13,2017-07-31,0.26,1,0
3614159,"bright, spacious, and well designed",461269,anna,brooklyn,prospect heights,40.67426,-73.96586,private room,150,2,13,2016-05-01,0.26,1,0
3614680,"great view, close to city in queens",18212957,eddie,queens,astoria,40.7638,-73.91622,entire home/apt,115,2,5,2015-12-30,0.08,1,0
3616946,great room near chelsea market,18225315,alain,manhattan,chelsea,40.74016,-74.00049,private room,135,1,14,2015-12-14,0.27,1,0
3619399,best cozy & modern room in town,17619450,sean,brooklyn,flatbush,40.63631,-73.95313,private room,69,1,4,2015-10-20,0.09,1,0
3624952,oasis in queens: private br/ bath,2574452,samita,queens,jackson heights,40.75193,-73.89085,private room,50,4,2,2014-09-20,0.03,1,0
3625075,available manhattan apt,18260128,neal,manhattan,harlem,40.82279,-73.94947,entire home/apt,125,3,8,2018-08-13,0.13,1,0
3628190,sunny private apt in ditmas park,14905237,tina,brooklyn,flatbush,40.64372,-73.95969,entire home/apt,120,3,12,2018-08-19,0.22,1,0
3628328,2br apartment in doorman building,1279211,aldo,bronx,concourse village,40.82603,-73.92312,entire home/apt,87,6,11,2019-06-04,0.28,1,0
3629381,cozy ues apartment with balcony near central park,18287550,grace,manhattan,upper east side,40.77242,-73.96212,entire home/apt,250,7,3,2016-12-31,0.06,1,0
3629580,upper east renovated 1 bedroom,18289867,dan,manhattan,east harlem,40.79032,-73.94523,private room,55,1,3,2014-08-27,0.05,1,0
3635624,cozy 1bd in the lower east side,6050632,yana,manhattan,lower east side,40.72138,-73.98371,entire home/apt,159,3,1,2014-08-28,0.02,1,0
3637029,cozy wiliamsburg!,18343265,melissa,brooklyn,bushwick,40.69942,-73.91209,private room,65,4,18,2015-12-22,0.3,1,0
3638852,sunny room in alphabet city,3563235,andra,manhattan,east village,40.72135,-73.98,private room,85,5,12,2016-09-06,0.2,1,0
3642278,brooklyn carroll gardens charmer!,18388112,brett,brooklyn,carroll gardens,40.68235,-73.99806,entire home/apt,175,3,4,2016-10-03,0.07,1,0
3644037,bright & modern apt. in brooklyn ny,14945045,anna,brooklyn,bay ridge,40.63777,-74.02497,entire home/apt,95,3,2,2015-08-23,0.03,1,0
3645866,welcome to kensington,946672,josh,brooklyn,kensington,40.63402,-73.97556,private room,49,2,6,2016-09-05,0.1,1,0
3654511,rooftop swimming-pool 1/br apt.,15784,francesco,manhattan,midtown,40.7509,-73.96963,entire home/apt,250,5,2,2017-08-07,0.04,1,0
3661168,private room in williamsburg,3344830,caitlin,brooklyn,williamsburg,40.71202,-73.96665,private room,65,5,2,2015-01-04,0.03,1,0
3662949,stylish & spacious perfect for pride!,18567895,ryan,manhattan,hell's kitchen,40.76522,-73.99486,entire home/apt,250,2,6,2016-06-17,0.11,1,0
3666709,cozy private ues studio apt!,18594426,amanda,manhattan,upper east side,40.7729,-73.95276,entire home/apt,99,3,9,2019-05-30,0.15,1,0
3672455,private rm | queens | 20min to city,6966831,victoria,queens,sunnyside,40.74532,-73.91974,private room,75,2,3,2015-07-23,0.06,1,0
3683241,spacious 2 bedroom 1 bathroom brkly,18726889,suzanne,brooklyn,bushwick,40.68781,-73.91377,entire home/apt,150,4,2,2014-08-21,0.03,1,0
3685433,stunning studio in fort greene,15817252,nicole,brooklyn,clinton hill,40.69494,-73.96888,entire home/apt,100,5,7,2017-01-04,0.12,1,0
3687172,enchanting studio in west village,5771331,alex,manhattan,greenwich village,40.72858,-73.99951,entire home/apt,190,1,20,2016-05-04,0.33,1,0
3687227,"spacious, quiet room w/private bath: bk brownstone",4765290,emily,brooklyn,bedford-stuyvesant,40.68769,-73.95333,private room,65,2,3,2016-08-08,0.06,1,0
3688197,peaceful and breezy one bedroom,11371357,julienne,brooklyn,kensington,40.64644,-73.9756,entire home/apt,95,1,10,2018-12-29,0.21,1,0
3694441,"modern, bright, airy brooklyn apt",1010344,ian & sady,brooklyn,bedford-stuyvesant,40.68592,-73.95502,entire home/apt,200,3,6,2016-01-01,0.1,1,0
3694498,welcome to williamsburg!,18646528,catherine,brooklyn,williamsburg,40.71385,-73.94156,entire home/apt,165,3,6,2017-04-01,0.1,1,0
3695776,"sunny, spacious carroll gardens 1br",1176165,corey,brooklyn,carroll gardens,40.68431,-73.99782,entire home/apt,145,5,4,2015-11-07,0.07,1,0
3698367,amazing location!,5465947,rose,brooklyn,prospect heights,40.67948,-73.97219,private room,65,1,6,2015-08-21,0.12,1,0
3701890,1 bedroom apartment on the uws,3146957,alexandra,manhattan,upper west side,40.77918,-73.9874,entire home/apt,160,7,5,2016-07-05,0.09,1,0
3710162,"central clean, peaceful private room nolita",1788746,nathalie,manhattan,nolita,40.7216,-73.99558,private room,100,2,6,2018-01-01,0.16,1,0
3710230,stunning renovated greystone,18929364,abigail,brooklyn,prospect-lefferts gardens,40.66271,-73.95392,entire home/apt,199,2,18,2018-08-25,0.3,1,0
3717689,charming brooklyn loft with patio,18393872,natalie,brooklyn,bedford-stuyvesant,40.69141,-73.95886,entire home/apt,85,7,2,2017-05-15,0.03,1,0
3717749,two porches & private room,5573250,jason,brooklyn,kensington,40.6413,-73.98233,private room,70,1,2,2015-07-06,0.03,1,0
3718713,sleek 1 bdrm in east w'burg/bwick,18988423,amanda reil,brooklyn,williamsburg,40.70536,-73.94229,entire home/apt,100,2,5,2015-12-27,0.09,1,0
3720404,sunny south williamsburg apartment,1363910,emily,brooklyn,williamsburg,40.70914,-73.95236,entire home/apt,160,3,1,2014-09-01,0.02,1,0
3725902,"sunny zen apt in park slope, bk",4830699,jennifer,brooklyn,gowanus,40.6779,-73.98421,entire home/apt,162,1,9,2016-09-06,0.23,1,0
3731209,"quaint, quiet 1bd",19067223,mohini,brooklyn,williamsburg,40.71795,-73.95804,private room,55,1,1,2015-06-17,0.02,1,0
3731965,williamsburg brooklyn quiet abode,7598755,elliot,brooklyn,williamsburg,40.71985,-73.94422,entire home/apt,120,2,1,2016-03-13,0.02,1,0
3738529,true industrial loft in brooklyn,19111611,chaim,brooklyn,navy yard,40.69817,-73.9654,entire home/apt,150,1,7,2016-07-11,0.12,1,0
3741405,2br in manhattan ny,10577253,nataly,manhattan,harlem,40.81217,-73.95303,entire home/apt,150,1,3,2016-01-02,0.05,1,0
3747107,clean+comfy+cozy room in nyc home,9535767,nayoung,queens,woodside,40.74626,-73.9009,private room,50,5,3,2015-08-07,0.05,1,0
3747240,stunning 2br apartment in top location,2203817,debbie,brooklyn,park slope,40.67256,-73.97212,entire home/apt,150,5,10,2018-01-03,0.17,1,0
3747392,private rm in heart of williamsburg,15805343,tessa,brooklyn,williamsburg,40.71858,-73.95711,private room,150,1,9,2016-06-07,0.19,1,0
3751919,a fantastic master bedroom suite in a 3bd apt,15270760,ed,brooklyn,bedford-stuyvesant,40.69411,-73.93987,private room,85,2,1,2018-01-01,0.05,1,0
3755474,new bright & modern apartment within a brownstone,9928037,elliot,manhattan,murray hill,40.74735,-73.97671,entire home/apt,149,3,8,2018-01-02,0.17,1,0
3757178,last minute tribeca condo available,19233588,jupira,manhattan,tribeca,40.71726,-74.01134,entire home/apt,200,7,16,2017-09-19,0.34,1,0
3767674,2br apt with huge outdoor space,4951037,carolina,brooklyn,bedford-stuyvesant,40.68818,-73.959,entire home/apt,200,7,5,2016-09-10,0.09,1,0
3775978,private room in flatiron,19359650,julian,manhattan,midtown,40.74596,-73.98678,private room,130,3,10,2017-09-19,0.38,1,0
3782283,huge space at the heart of meatpacking - chelsea .,7196556,eilon,manhattan,chelsea,40.73986,-74.00035,entire home/apt,150,2,1,2014-09-01,0.02,1,0
3789758,1 bed apt in greenpoint brooklyn,18609156,tim,brooklyn,greenpoint,40.72793,-73.95011,entire home/apt,115,1,2,2015-06-18,0.03,1,0
3797183,room in spacious boerum hill duplex,2538522,emma,brooklyn,boerum hill,40.68558,-73.9815,private room,110,3,1,2014-08-19,0.02,1,0
3798874,spacious duplex garden apt park slope brooklyn,19510462,tracey,brooklyn,park slope,40.68098,-73.97925,entire home/apt,275,3,4,2016-09-17,0.07,1,0
3819656,soho/village studio,19644902,russell,manhattan,greenwich village,40.72774,-74.00004,entire home/apt,165,2,2,2015-06-26,0.04,1,0
3821676,lower east side artist's sanctuary,14908547,elyse,manhattan,lower east side,40.71962,-73.98434,entire home/apt,169,4,7,2016-01-03,0.14,1,0
3825437,trendy east village penthouse apt,7018154,maha,manhattan,gramercy,40.73293,-73.9836,entire home/apt,190,5,5,2016-01-02,0.08,1,0
3829609,brooklyn's finest. renovated apt!,4928083,fernando,brooklyn,crown heights,40.67767,-73.95162,entire home/apt,76,5,14,2019-04-11,0.28,1,0
3832774,"sunny, charming 1 bedroom apartment",18982191,todd,brooklyn,bedford-stuyvesant,40.68655,-73.93797,entire home/apt,80,3,2,2016-08-15,0.06,1,0
3832932,beautiful sunset park,15192022,kaykay,brooklyn,sunset park,40.64752,-74.0059,shared room,65,2,7,2017-05-13,0.12,1,0
3833538,classic brownstone 1 bed. apt.,2141246,polly,brooklyn,bedford-stuyvesant,40.68127,-73.94865,entire home/apt,90,3,2,2016-09-11,0.05,1,0
3836180,beautiful west village 1 br gem!,19758346,adriana,manhattan,west village,40.73648,-74.00173,entire home/apt,225,3,5,2016-06-19,0.08,1,0
3838416,beautiful huge 2br house w/backyard,107340,eric,brooklyn,prospect-lefferts gardens,40.65806,-73.95815,entire home/apt,225,4,3,2014-10-19,0.05,1,0
3841033,"bright, clean studio by subway",9708374,anaïs,brooklyn,bay ridge,40.63592,-74.02704,entire home/apt,119,1,1,2016-01-09,0.02,1,0
3841048,"2br, heart of lower east side",18286622,ryan,manhattan,lower east side,40.72174,-73.98501,entire home/apt,150,1,8,2015-06-19,0.13,1,0
3848324,west village apt - 2 bedroom,11495251,(email hidden by airbnb),manhattan,west village,40.73123,-74.00428,entire home/apt,200,5,1,2014-08-30,0.02,1,0
3850967,"a bright, beautiful treehouse",3424306,kristina,brooklyn,crown heights,40.6692,-73.94739,entire home/apt,100,2,11,2016-08-08,0.24,1,0
3851623,"convenient, greenwich/west village apartment",1582736,pam,manhattan,greenwich village,40.7338,-73.99498,entire home/apt,200,5,7,2019-01-05,0.18,1,0
3860464,"bedstuy fly, a relaxing retreat.",1812825,samita,brooklyn,bedford-stuyvesant,40.68695,-73.92947,entire home/apt,135,3,8,2015-09-10,0.14,1,0
3861713,2 brs with private entrance/kid-fr,13644183,maria and mariano,brooklyn,greenpoint,40.72241,-73.94179,private room,97,5,3,2015-09-16,0.06,1,0
3868100,heart of les + patio,47459,james,manhattan,lower east side,40.72168,-73.98876,entire home/apt,225,2,16,2019-04-28,0.28,1,0
3870158,cozy east village/gramercy studio by union square,19986984,eliane,manhattan,east village,40.73263,-73.98728,entire home/apt,145,4,17,2019-06-17,0.29,1,0
3874870,charming 1-bedroom in east village,4564600,roxanne,manhattan,east village,40.72915,-73.98501,entire home/apt,200,6,19,2017-07-06,0.32,1,0
3875294,beautiful brooklyn bedroom!,20022909,jessica,brooklyn,crown heights,40.6749,-73.95166,private room,50,1,5,2016-09-25,0.09,1,0
3880588,penthouse apt with roofdeck,4084075,taz and nayyirah,manhattan,murray hill,40.74712,-73.97434,entire home/apt,229,2,21,2018-12-31,0.36,1,0
3881808,"park ave, sunny 2beds 6 train, wifi",18051112,caleb,manhattan,east harlem,40.78697,-73.94999,entire home/apt,129,2,12,2016-05-10,0.2,1,0
3884105,"big, bright studio blocks from park and subway",20084270,jennifer,brooklyn,prospect-lefferts gardens,40.66021,-73.96001,entire home/apt,100,2,7,2018-08-26,0.12,1,0
3887138,kid friendly next to prospect park,176285,ari,brooklyn,prospect heights,40.6742,-73.96639,entire home/apt,200,7,2,2015-06-24,0.03,1,0
3891370,"heart of nolita, close to soho",20136355,aalap,manhattan,nolita,40.72241,-73.99592,entire home/apt,200,4,3,2015-09-13,0.05,1,0
3895289,unique room in historic greenpoint,20156576,glenn,brooklyn,greenpoint,40.72829,-73.95354,private room,50,7,1,2014-08-28,0.02,1,0
3896579,1 bedroom apt in chelsea,20171951,mary,manhattan,chelsea,40.73957,-74.00027,entire home/apt,200,4,1,2015-09-19,0.02,1,0
3897601,in the heart of park slope,18572906,eylem,brooklyn,park slope,40.67053,-73.98558,private room,55,3,4,2016-09-19,0.07,1,0
3898329,best views of manhattan!,20177186,ted,manhattan,financial district,40.70943,-74.01405,entire home/apt,200,2,6,2015-10-12,0.1,1,0
3902791,luxury west village 1 bdrm w/ views,6426063,sarah,manhattan,west village,40.73377,-74.0057,entire home/apt,199,5,5,2016-04-29,0.08,1,0
3903173,one bedroom in greenwich village,18481203,ellie,manhattan,greenwich village,40.73374,-73.9976,entire home/apt,150,3,15,2016-07-30,0.26,1,0
3908094,spacious comfy bedroom in bushwick,5879951,marine,brooklyn,williamsburg,40.70617,-73.93674,private room,68,5,5,2017-09-20,0.11,1,0
3911453,"sweet studio near subway, lga, and central park",20260083,tim,manhattan,east harlem,40.79332,-73.94105,shared room,45,1,6,2017-09-14,0.21,1,0
3923538,large retro style pre-war studio,20324827,catherine,brooklyn,flatbush,40.64117,-73.96167,entire home/apt,75,5,2,2015-09-23,0.03,1,0
3924397,quiet location with two balconies,20329737,aleksandra,brooklyn,williamsburg,40.71267,-73.95721,entire home/apt,190,2,4,2015-09-29,0.08,1,0
3924506,room in sunny & plant filled apt!,452781,lian,brooklyn,crown heights,40.67297,-73.95489,private room,75,1,3,2015-10-11,0.05,1,0
3928525,stunning 2 bed 2bath wall st. luxury apt,16101222,andrew m.,manhattan,financial district,40.70563,-74.00878,entire home/apt,275,3,9,2018-05-26,0.19,1,0
3930149,charming and beautiful 1-br apt,92782,payal,brooklyn,greenpoint,40.723,-73.94237,entire home/apt,125,3,11,2015-10-24,0.19,1,0
3933059,where love and happiness live,20377328,maryellen,manhattan,washington heights,40.85749,-73.93258,entire home/apt,80,1,4,2015-12-07,0.07,1,0
3933382,private room 5 min from manhattan!,20379079,zack,queens,long island city,40.7512,-73.94019,private room,60,6,3,2016-07-26,0.08,1,0
3939086,"call this home (for a spell, at least....)",881214,mysia,bronx,mott haven,40.80866,-73.92069,private room,45,5,14,2017-08-26,0.28,1,0
3942731,top floor doorman apt-water views,2555556,laura,manhattan,battery park city,40.70797,-74.01693,entire home/apt,225,5,7,2015-12-31,0.12,1,0
3944499,cozy bedroom in crown heights brooklyn,6771709,lauren,brooklyn,crown heights,40.67081,-73.95761,private room,96,3,1,2014-09-18,0.02,1,0
3946239,clinton hill apartment 2 br,20449694,luis,brooklyn,clinton hill,40.68646,-73.95975,entire home/apt,150,2,11,2018-06-08,0.42,1,0
3948939,comfy 1 bd/1 bath-upper west side,20464791,olga,manhattan,upper west side,40.78829,-73.97053,entire home/apt,230,6,1,2014-10-24,0.02,1,0
3952731,entire flat in quiet neighborhood,20435679,frank,brooklyn,windsor terrace,40.65527,-73.97853,entire home/apt,138,5,1,2018-09-26,0.1,1,0
3959369,luxurious 1br best views in nyc!,2032408,kimberly,manhattan,battery park city,40.71185,-74.01719,entire home/apt,225,3,2,2015-11-03,0.04,1,0
3962586,sunny private room in gramercy,20536249,daphne,manhattan,gramercy,40.73371,-73.98576,private room,150,1,1,2014-09-14,0.02,1,0
3963137,beautiful bed-stuy brownstone,5742948,tommy,brooklyn,bedford-stuyvesant,40.68295,-73.91472,entire home/apt,199,4,9,2017-07-01,0.23,1,0
3963345,large duplex apt. with balcony near union square,978546,shivani,manhattan,east village,40.73152,-73.98676,entire home/apt,250,3,12,2018-02-11,0.25,1,0
3970224,groovy two story garden apartment,1033829,joe & michael,brooklyn,bedford-stuyvesant,40.68692,-73.93113,entire home/apt,150,2,5,2018-12-29,0.09,1,0
3970562,in the heart of the east village,15309829,natalie,manhattan,east village,40.73057,-73.98726,entire home/apt,170,2,1,2019-01-01,0.16,1,0
3970724,spacious 2 bedroom in trendy hood,3339819,jennifer,brooklyn,crown heights,40.6723,-73.95951,entire home/apt,200,2,3,2015-05-26,0.05,1,0
3971065,spacious modern apt that feels like home,20580437,adam,brooklyn,williamsburg,40.71276,-73.95114,entire home/apt,140,2,3,2017-09-04,0.12,1,0
3971534,spaciousbedroom in brownstone bklyn,14741088,victoria,brooklyn,carroll gardens,40.67845,-73.99983,private room,60,3,3,2017-12-01,0.07,1,0
3979360,!!studio next to empire state bldg.,20624434,matti,manhattan,midtown,40.74819,-73.9856,entire home/apt,240,3,7,2015-04-07,0.13,1,0
3983422,chelsea home with a view,17546682,angela,manhattan,chelsea,40.74496,-73.99934,entire home/apt,125,4,1,2018-07-19,0.08,1,0
3993553,north park slope studio,6198638,carla,brooklyn,park slope,40.67814,-73.9778,entire home/apt,155,2,2,2015-12-01,0.04,1,0
3999228,best location nyc! studio in heart of the village,14545465,tom,manhattan,west village,40.73455,-74.00614,entire home/apt,115,4,16,2017-03-17,0.27,1,0
4000133,ditmas park townhouse front bedroom,20738908,james,brooklyn,flatbush,40.64119,-73.96295,private room,50,2,4,2015-10-29,0.07,1,0
4000579,sunny 1 br brooklyn loft apartment,3146353,sara,brooklyn,clinton hill,40.68329,-73.9609,entire home/apt,157,4,3,2014-10-22,0.05,1,0
4006264,cozy parkside 1 bedroom apartment,942933,david,manhattan,harlem,40.80489,-73.95759,entire home/apt,115,1,1,2014-09-25,0.02,1,0
4016791,sunny private bedroom,20827756,jillian,manhattan,washington heights,40.84787,-73.93306,private room,36,2,10,2017-10-01,0.2,1,0
4017226,comfortable room in brooklyn,20830484,lorcán,brooklyn,gowanus,40.68163,-73.98088,private room,60,1,1,2014-09-21,0.02,1,0
4020957,sunny room in bedstuy,12876904,marla,brooklyn,bedford-stuyvesant,40.67918,-73.95318,private room,125,2,1,2015-06-05,0.02,1,0
4037379,"bright, spacious studio in brooklyn",5642757,ilona,brooklyn,flatbush,40.62918,-73.96348,entire home/apt,100,3,9,2016-04-05,0.16,1,0
4041189,"cozy 1 bedroom + air mattress, 2 cats, sleeps 3",19755511,agnieszka,manhattan,washington heights,40.83469,-73.93961,entire home/apt,80,4,3,2018-12-06,0.05,1,0
4044906,ft greene / garden / sauna,15582617,andrew,brooklyn,fort greene,40.6878,-73.97167,entire home/apt,90,4,3,2017-07-30,0.12,1,0
4051643,cozy chic uptown home,21009723,magen,manhattan,harlem,40.8242,-73.93789,private room,45,4,1,2016-06-02,0.03,1,0
4053249,quiet 2 bdrm in cozy clinton hill!,21019043,jason,brooklyn,clinton hill,40.68436,-73.96223,entire home/apt,200,2,14,2016-11-29,0.24,1,0
4053597,artist's creative cozy studio in park slope,5133495,mary kathryn,brooklyn,south slope,40.66202,-73.98589,entire home/apt,150,3,8,2019-05-27,0.15,1,0
4055732,stay in clinton hill sprout house!,12368114,rachelle,brooklyn,clinton hill,40.68454,-73.96382,private room,40,1,1,2015-06-07,0.02,1,0
4070027,room at east 110th st upper east/e. harlem,5558013,suzanne,manhattan,east harlem,40.7941,-73.94045,private room,80,2,2,2016-08-26,0.06,1,0
4076084,alcove studio & terrace best part of williamsburg!,7116594,russell,brooklyn,williamsburg,40.71009,-73.96471,entire home/apt,132,3,2,2017-12-30,0.05,1,0
4077427,"bright, modern loft in williamsburg",4148174,daniel,brooklyn,williamsburg,40.70808,-73.94757,entire home/apt,175,2,2,2014-10-12,0.03,1,0
4084603,prime east village 1 bedroom,7861502,aviad,manhattan,east village,40.72878,-73.98521,entire home/apt,200,1,1,2015-05-24,0.02,1,0
4090748,entire manhattan apt in upper east,21217401,yong,manhattan,upper east side,40.76965,-73.96258,entire home/apt,160,5,13,2016-09-20,0.22,1,0
4093591,1 room & 1 bath,11090576,michael,brooklyn,bushwick,40.69216,-73.90859,private room,25,1,8,2015-01-15,0.14,1,0
4098078,hamilton heights convent ave apartment,15277039,ryan,manhattan,harlem,40.8236,-73.94743,private room,80,4,2,2015-12-31,0.05,1,0
4117817,east williamsburg oasis,4516038,zak,brooklyn,williamsburg,40.71673,-73.94316,private room,64,5,4,2016-09-11,0.07,1,0
4119794,large studio in seaport area,21371406,anthony,manhattan,two bridges,40.70989,-74.00105,entire home/apt,149,6,1,2018-01-01,0.05,1,0
4121110,upper west side studio with private terrace,1923075,andrew,manhattan,upper west side,40.79145,-73.97709,entire home/apt,170,5,1,2014-10-19,0.02,1,0
4125398,private room in prime uws duplex!,21400083,katherine,manhattan,upper west side,40.78732,-73.97489,private room,100,1,10,2016-08-17,0.21,1,0
4127402,brand new furnished brooklyn apt.,21336880,madison,brooklyn,crown heights,40.67822,-73.95883,entire home/apt,150,5,14,2016-11-01,0.29,1,0
4127524,entire 1bd apt in long island city!,828682,leora,queens,long island city,40.74264,-73.95122,entire home/apt,200,1,2,2015-12-01,0.04,1,0
4128450,"sunny, spacious 1br in bococa",6885530,p,brooklyn,cobble hill,40.6883,-73.99132,entire home/apt,180,2,2,2014-10-18,0.03,1,0
4135848,cozy bedroom with en suite bathroom,21455632,venessa,manhattan,harlem,40.82498,-73.93629,private room,90,1,5,2017-08-26,0.11,1,0
4137414,"sunny, charming, and zen",9232428,scott,manhattan,east village,40.72934,-73.98603,entire home/apt,135,1,6,2015-12-27,0.1,1,0
4137645,beautiful williamsburg private room,11134688,noelle,brooklyn,williamsburg,40.71243,-73.95655,private room,60,1,1,2014-09-23,0.02,1,0
4137756,gorgeous newly-renovated apt,3145112,emma,queens,ridgewood,40.70293,-73.90771,entire home/apt,130,7,2,2016-01-07,0.03,1,0
4137900,beautiful apartment on the ues,6087686,tal,manhattan,upper east side,40.76968,-73.9593,entire home/apt,160,2,7,2016-05-03,0.12,1,0
4155012,true 1 br in prime east village,21560088,sarah,manhattan,east village,40.72784,-73.99104,entire home/apt,219,2,9,2017-09-22,0.15,1,0
4157064,16' x 11' furnished br with balcony,3563,arnie,brooklyn,sunset park,40.64076,-74.0224,private room,35,6,1,2014-11-28,0.02,1,0
4163742,lovely 1br in ft. greene,17451048,ritchie,brooklyn,fort greene,40.6888,-73.97635,entire home/apt,85,2,1,2016-10-22,0.03,1,0
4168660,northside williamsburg private bdrm,20979241,amy,brooklyn,williamsburg,40.72022,-73.96055,private room,60,3,5,2016-05-19,0.1,1,0
4171272,"clean, bright 1bd in bushwick!",21645208,grace,brooklyn,bushwick,40.69917,-73.93146,entire home/apt,150,1,3,2016-01-02,0.05,1,0
4172633,cozy one bedroom apt at the center of astoria,21652004,june,queens,astoria,40.75637,-73.92132,entire home/apt,160,2,1,2017-07-03,0.04,1,0
4173751,lovely apartment in harlem west,9197440,ana,manhattan,harlem,40.81619,-73.94003,entire home/apt,99,3,5,2016-07-02,0.09,1,0
4183424,charming west village 1 bdrm,9405848,susie,manhattan,west village,40.73314,-74.00475,entire home/apt,145,3,11,2019-04-08,0.34,1,0
4187653,great deal.,12360407,firas,brooklyn,bay ridge,40.62433,-74.02892,private room,85,2,1,2015-05-09,0.02,1,0
4191257,spacious 2 story apt in midtown!!,17106992,alejandro,manhattan,murray hill,40.74643,-73.97536,entire home/apt,200,1,1,2014-10-27,0.02,1,0
4194010,idealistic inwood,21759005,alaina,manhattan,inwood,40.86496,-73.9262,entire home/apt,100,3,15,2018-01-02,0.27,1,0
4201905,sunny 1 bedroom -financial district,4738242,meghna,manhattan,financial district,40.70956,-74.01341,entire home/apt,160,7,3,2015-01-03,0.05,1,0
4205232,private room in brooklyn,6468894,cherng-mao,brooklyn,williamsburg,40.71564,-73.95107,private room,75,1,10,2016-04-19,0.17,1,0
4205816,spacious  south slope apartment,20312973,diana,brooklyn,sunset park,40.66423,-73.99565,entire home/apt,119,5,6,2015-12-27,0.11,1,0
4206087,spacious artist's studio,2423107,brad,brooklyn,prospect-lefferts gardens,40.66066,-73.95965,entire home/apt,120,1,4,2015-05-03,0.07,1,0
4211276,"beautiful, spacious brooklyn home",21064917,alissa,brooklyn,prospect-lefferts gardens,40.66302,-73.95198,entire home/apt,275,3,3,2015-01-01,0.05,1,0
4216183,cozy and vibey apt in williamsburg,14565233,gabriela,brooklyn,williamsburg,40.71543,-73.94159,entire home/apt,115,2,3,2015-01-04,0.05,1,0
4216774,stay in the heart of williamsburg!,15243531,amanda,brooklyn,williamsburg,40.71722,-73.95862,entire home/apt,150,2,4,2015-11-16,0.07,1,0
4217268,1 bedroom apartment in washington heights - summer,21886798,robert,manhattan,washington heights,40.84261,-73.93771,entire home/apt,75,7,1,2018-08-12,0.09,1,0
4218067,central one bedroom manhattan apt,20448670,crystal,manhattan,harlem,40.81422,-73.94844,entire home/apt,109,2,11,2016-10-03,0.19,1,0
4221999,spacious & bright: 1 br midtown!,20335235,stephen,manhattan,midtown,40.75576,-73.96548,entire home/apt,225,1,10,2018-08-22,0.18,1,0
4225745,cute studio in trendy neighborhood,21930475,whitney,brooklyn,clinton hill,40.68275,-73.96542,entire home/apt,73,2,7,2018-08-13,0.13,1,0
4226269,private 1 bedroom in williamsburg,20112613,simone,brooklyn,williamsburg,40.70013,-73.95165,entire home/apt,90,2,3,2016-05-24,0.05,1,0
4226535,bright top floor apartment in the heart of bk,14543419,juli,brooklyn,crown heights,40.6721,-73.95372,entire home/apt,99,5,16,2018-12-06,0.28,1,0
4232865,beautiful oasis,21964818,anita,manhattan,upper west side,40.78278,-73.97437,entire home/apt,250,1,1,2015-11-01,0.02,1,0
4235961,central 2 bedroom in chelsea,16276317,lee,manhattan,chelsea,40.74366,-73.99721,entire home/apt,275,3,1,2016-07-07,0.03,1,0
4244476,sunny and funky greenpoint room,782008,lori,brooklyn,greenpoint,40.73093,-73.95332,private room,75,1,1,2015-07-10,0.02,1,0
4244576,very clean/comfortable shared room,21977919,nathaniel,manhattan,washington heights,40.8544,-73.93091,shared room,41,1,1,2015-06-05,0.02,1,0
4247883,sunny & quiet 2br in great location,22010885,anja,manhattan,west village,40.73545,-74.00097,entire home/apt,195,4,1,2014-12-27,0.02,1,0
4248788,w70s lg. studio with outdoor space,22047286,chloe,manhattan,upper west side,40.77881,-73.97726,entire home/apt,250,2,5,2015-11-27,0.11,1,0
4257572,charming studio in the heart of nyc,19644682,janet,manhattan,upper west side,40.78245,-73.98163,entire home/apt,120,6,5,2016-04-21,0.09,1,0
4261951,beautiful 1 bedroom in midtown west,8533891,lev,manhattan,hell's kitchen,40.76443,-73.99184,entire home/apt,225,3,2,2015-01-03,0.03,1,0
4263624,lovely garden apt for 2 to 4,22131209,gregory,brooklyn,crown heights,40.67566,-73.93944,entire home/apt,106,3,15,2019-04-22,0.26,1,0
4267133,large private room in huge les apt,6793885,nick,manhattan,lower east side,40.72156,-73.98712,private room,70,1,2,2015-06-10,0.03,1,0
4276618,"great location, great value",1405217,james,manhattan,chelsea,40.75238,-73.9945,entire home/apt,120,3,18,2018-01-03,0.31,1,0
4279323,"cozy/spacious 3bd, room for rent",21140491,ariel,brooklyn,prospect-lefferts gardens,40.65681,-73.9484,private room,80,1,2,2014-11-09,0.03,1,0
4280118,"lovely, light-filled bushwick flat",1990602,jessica,brooklyn,bushwick,40.70741,-73.92239,private room,60,3,2,2016-06-22,0.04,1,0
4285876,les/chinatown one bedroom apt (all to yourself),22248783,xiao,manhattan,lower east side,40.71281,-73.99174,entire home/apt,140,1,16,2019-04-06,0.28,1,0
4288361,cozy 1bd on historic stuyvesant st.,1994261,anna,manhattan,east village,40.73046,-73.98808,entire home/apt,150,3,1,2014-11-14,0.02,1,0
4294640,"bedroom, balcony and best of ny.",21499988,joey,brooklyn,williamsburg,40.71613,-73.95336,private room,56,1,1,2014-10-26,0.02,1,0
4295108,large sunny master private bedroom,19841476,rasheeda,manhattan,east harlem,40.80161,-73.94277,private room,75,1,7,2016-12-08,0.2,1,0
4295733,comfortable room w/access to full apartment,10981052,talisa,brooklyn,east flatbush,40.64768,-73.95138,private room,45,1,5,2018-07-27,0.27,1,0
4334513,1 bed/bath condo steps from bedford,2357221,swati,brooklyn,williamsburg,40.71104,-73.95917,entire home/apt,150,5,1,2015-01-02,0.02,1,0
4338541,beautiful 1br apt upper west side,22410033,georges,manhattan,morningside heights,40.80801,-73.9582,entire home/apt,132,2,9,2017-01-04,0.16,1,0
4339189,"big, bright fort greene apartment!",3341356,katie,brooklyn,fort greene,40.69172,-73.9703,entire home/apt,142,6,2,2015-11-28,0.04,1,0
4342895,the perfect 1brm apartment - sunny & spacious!,3800365,mei-ling,brooklyn,williamsburg,40.71874,-73.94055,entire home/apt,123,3,21,2017-11-22,0.61,1,0
4342924,large sunlight house,356690,latoya,brooklyn,flatlands,40.62677,-73.9326,entire home/apt,175,2,17,2018-08-27,0.49,1,0
4343011,city studio in the upper east side,3822369,maria,manhattan,upper east side,40.7681,-73.96018,private room,100,4,14,2016-07-06,0.25,1,0
4350495,private room for rent,14194388,michael,manhattan,east harlem,40.79008,-73.94766,private room,66,4,1,2015-11-27,0.02,1,0
4351563,rooftop apt in prospect heights,16504161,gung,brooklyn,prospect heights,40.67757,-73.96412,entire home/apt,110,3,8,2018-12-30,0.14,1,0
4362474,adorable east village 1 bedroom,13481367,anna,manhattan,east village,40.72841,-73.98231,entire home/apt,199,2,10,2016-05-10,0.18,1,0
4365833,"lux baby friendly apt, williamsburg, brooklyn",208410,mauricio,brooklyn,williamsburg,40.71759,-73.95407,entire home/apt,150,5,7,2019-02-18,0.12,1,0
4366115,bright duplex apartment,14400653,belinda,brooklyn,greenpoint,40.72668,-73.94728,entire home/apt,110,2,4,2017-01-04,0.12,1,0
4369737,"bright 1 bedroom, perfect location!",15154,gloria,manhattan,upper west side,40.78,-73.97793,entire home/apt,160,3,5,2016-03-29,0.09,1,0
4375146,beautiful & spacious apartment,22715031,fernando,queens,astoria,40.76575,-73.92092,private room,75,5,1,2014-11-10,0.02,1,0
4379145,specious 1bd apt on saint marks pl,16598048,yervand,manhattan,east village,40.72902,-73.98814,entire home/apt,248,6,1,2014-11-02,0.02,1,0
4379307,"west village apt with patio, steps from subway!",11742895,jonathan,manhattan,west village,40.73858,-74.00145,entire home/apt,180,2,1,2016-06-17,0.03,1,0
4383734,sunny room with private entrance,18674671,lindsay,brooklyn,bushwick,40.69435,-73.91852,private room,60,2,12,2016-12-19,0.21,1,0
4384442,bedroom in crown heights,7010789,adriana,brooklyn,crown heights,40.67054,-73.95668,private room,45,2,1,2016-06-29,0.03,1,0
4384820,n 6th & bedford prime williamsburg,22764554,linda,brooklyn,williamsburg,40.71797,-73.95981,private room,135,1,1,2014-11-04,0.02,1,0
4387491,"light filled spacious 1br, with cat",3597708,brittan,brooklyn,bedford-stuyvesant,40.68708,-73.9577,entire home/apt,115,2,9,2015-09-06,0.16,1,0
4390865,upper east side 1 bedroom gem,22688555,marc,manhattan,upper east side,40.77126,-73.95483,shared room,169,2,3,2016-07-09,0.07,1,0
4392996,heart of upper west side 1br,844096,joe,manhattan,upper west side,40.78568,-73.97698,entire home/apt,130,1,10,2016-09-23,0.19,1,0
4393519,penthouse for 4th of july weekend,6032373,vyacheslav,manhattan,hell's kitchen,40.7659,-73.99543,entire home/apt,200,2,2,2015-01-02,0.04,1,0
4394687,upper east side studio,10952317,angela,manhattan,upper east side,40.77626,-73.95246,entire home/apt,125,1,7,2016-10-03,0.13,1,0
4399721,bedroom in beautiful brooklyn loft,22840018,emily,brooklyn,crown heights,40.67828,-73.96228,private room,50,1,4,2019-03-25,0.11,1,0
4401193,"private studio, columbia university",22205787,adrien,manhattan,morningside heights,40.80699,-73.95937,entire home/apt,130,4,4,2015-09-26,0.07,1,0
4403159,cute bedroom in williamsburg,13061093,priscillia,brooklyn,williamsburg,40.70953,-73.95994,private room,45,1,1,2016-03-16,0.02,1,0
4415695,cozy room in classic ny apt//lively midtown area,10074473,dominique,manhattan,hell's kitchen,40.76638,-73.98741,private room,60,1,22,2018-02-10,0.63,1,0
4416667,"quiet brooklyn hideaway, at the subway",980118,alex,brooklyn,bedford-stuyvesant,40.69024,-73.95197,entire home/apt,125,3,7,2018-07-16,0.12,1,0
4416970,soaring space in laid-back brooklyn,22628166,caroline,brooklyn,bushwick,40.69787,-73.93202,private room,55,1,8,2016-08-20,0.17,1,0
4423782,large studio in trendy harlem,22963957,travis,manhattan,harlem,40.80479,-73.9529,entire home/apt,115,1,8,2016-04-12,0.16,1,0
4424261,large 1 br with backyard on uws,3447311,sarah,manhattan,upper west side,40.80188,-73.96808,entire home/apt,200,2,22,2019-05-21,0.5,1,0
4428027,true brooklyn loft experience,10396079,anissa,brooklyn,prospect heights,40.67734,-73.96814,entire home/apt,150,6,5,2016-01-01,0.09,1,0
4430819,prime east village one bedroom apt!,23002143,amanda,manhattan,east village,40.72847,-73.98682,entire home/apt,195,5,3,2015-08-03,0.05,1,0
4440181,one bedroom in 2 bedroom apartment,23046908,melissa,brooklyn,bedford-stuyvesant,40.69181,-73.95952,private room,64,1,14,2018-11-05,0.28,1,0
4440611,bright spacious bushwick home,14546480,irena,brooklyn,bushwick,40.7026,-73.92787,entire home/apt,100,3,4,2016-06-04,0.08,1,0
4446178,bright & big apt 3 blks from subway,946323,ran,brooklyn,flatbush,40.63826,-73.96815,entire home/apt,125,3,6,2016-07-08,0.11,1,0
4447524,charming west village studio,9685363,ceyda,manhattan,west village,40.73634,-74.00841,entire home/apt,200,2,9,2018-05-19,0.16,1,0
4453233,cozy hells kitchen/times sq 2br,5827529,ariel,manhattan,hell's kitchen,40.76221,-73.99028,entire home/apt,160,1,8,2015-10-18,0.14,1,0
4454538,"bright, spacious entire studio",22552201,lane,manhattan,upper west side,40.7982,-73.97119,entire home/apt,130,5,9,2015-12-31,0.16,1,0
4456004,spacious bedroom in bushwick w/ac,1171707,gabriel,brooklyn,bushwick,40.70112,-73.91201,private room,60,3,4,2016-06-12,0.09,1,0
4456555,entire flr-thru 2bdrm apartment near prospectpark!,747671,sarah jazmine,brooklyn,south slope,40.66347,-73.98438,entire home/apt,180,1,7,2017-01-01,0.12,1,0
4462491,beautiful loft in les manhattan!,302529,cynthia,manhattan,lower east side,40.71331,-73.98189,entire home/apt,175,3,2,2015-12-08,0.05,1,0
4464418,charming 1bd pre-war apartment,6526979,kim,manhattan,upper west side,40.78962,-73.97718,entire home/apt,165,2,9,2015-05-19,0.16,1,0
4479556,amazing convenient 5 min  to city,23243453,rodney,queens,long island city,40.74681,-73.94586,entire home/apt,225,1,1,2015-01-04,0.02,1,0
4485286,luxury apartment on wall street,14138135,sabir,manhattan,financial district,40.70388,-74.00633,entire home/apt,170,1,2,2015-08-03,0.04,1,0
4492303,"bright 1 bdrm apt near central park, shops & metro",7567309,susan,manhattan,upper west side,40.78137,-73.98183,entire home/apt,199,2,19,2019-05-20,0.35,1,0
4492678,heart of the east village- best loc,18601618,chris,manhattan,east village,40.72724,-73.98639,entire home/apt,175,1,2,2015-01-06,0.04,1,0
4492821,"great location, spacious apt.",743716,santiago,brooklyn,boerum hill,40.68348,-73.98087,entire home/apt,120,3,3,2016-01-05,0.05,1,0
4493474,cozy bedroom in best area of fidi,5777821,denis,manhattan,financial district,40.70428,-74.00952,private room,100,5,2,2016-01-01,0.04,1,0
4497294,"clean, quiet, safe 25min dwntn nyc",22831759,ruth,brooklyn,flatbush,40.64617,-73.97018,private room,80,2,11,2015-10-11,0.19,1,0
4500272,"huge studio-cozy,centrally located!",2829908,rahul,manhattan,murray hill,40.74685,-73.97598,entire home/apt,149,2,1,2016-01-01,0.02,1,0
4500794,"sunny/artistic, manhattan 2 bedroom",23342156,shelby,manhattan,washington heights,40.83714,-73.93713,private room,75,1,9,2016-05-06,0.2,1,0
4502545,xl off fifth avenue & central park,23084155,stefani,manhattan,upper east side,40.7671,-73.96968,entire home/apt,275,2,20,2019-01-02,0.45,1,0
4504353,"sunny, artsy brooklyn room",1607087,iyabo,brooklyn,crown heights,40.6771,-73.95994,private room,75,2,2,2015-11-15,0.04,1,0
4509664,2br - great west village location,23383529,joseph,manhattan,west village,40.73277,-74.00413,entire home/apt,205,2,6,2016-03-27,0.13,1,0
4518242,zen minipalace astoria,23424461,alex,queens,astoria,40.76369,-73.91601,entire home/apt,80,1,3,2016-01-02,0.05,1,0
4530085,cosy east village apartment!,2277244,victoria,manhattan,east village,40.72949,-73.97894,entire home/apt,180,1,2,2016-05-28,0.05,1,0
4530160,large apt in heart of williamsburg,9997747,devon,brooklyn,williamsburg,40.71906,-73.95798,entire home/apt,200,3,7,2016-06-27,0.12,1,0
4537198,huge room wt bathroom + entrance,6926899,liana,brooklyn,williamsburg,40.7113,-73.94938,private room,90,3,4,2016-06-11,0.07,1,0
4537520,1 bdrm apartment in boerum hill!,8737911,laura,brooklyn,boerum hill,40.6875,-73.99027,entire home/apt,125,1,2,2015-01-01,0.04,1,0
4539483,colorful studio near columbia univ.,2968247,lauren,manhattan,harlem,40.80583,-73.95712,entire home/apt,99,3,18,2017-08-26,0.33,1,0
4539520,spacious 1 bedroom in bohemian comfort,23538896,deedee,brooklyn,crown heights,40.67771,-73.96286,entire home/apt,167,4,6,2019-01-02,0.12,1,0
4546721,large 1 bdrm near l in williamsburg,23573737,michelle,brooklyn,williamsburg,40.71171,-73.94575,entire home/apt,120,5,1,2014-12-31,0.02,1,0
4549155,quaint brownstone with garden,1443186,ash,manhattan,east harlem,40.80985,-73.93919,entire home/apt,108,4,3,2016-08-29,0.07,1,0
4549248,cozy one bedroom in williamsburg!,22089583,cesar,brooklyn,williamsburg,40.71901,-73.95618,entire home/apt,200,3,3,2015-10-22,0.05,1,0
4554473,"bright and spacious, near the park",20042936,yarimar,brooklyn,prospect heights,40.67376,-73.96373,entire home/apt,120,5,1,2016-05-17,0.03,1,0
4554577,bright and cheerful prospect heights 1-bedroom,22568612,ilana,brooklyn,prospect heights,40.6803,-73.97185,entire home/apt,115,6,3,2017-08-27,0.06,1,0
4571518,park slope - furnished  room in 2br,23697064,matt,brooklyn,south slope,40.66289,-73.98176,private room,99,5,1,2015-10-09,0.02,1,0
4572225,columbia uws 1bd apt-quiet & comfy,14768898,yiyi,manhattan,morningside heights,40.80747,-73.9603,entire home/apt,145,1,12,2015-09-08,0.21,1,0
4576821,"charming apt. in brooklyn, new york",4362140,maría,brooklyn,bedford-stuyvesant,40.68798,-73.95678,entire home/apt,140,3,11,2015-09-22,0.2,1,0
4578471,charming 1-bd w city views,4263114,leeanne,manhattan,hell's kitchen,40.76612,-73.99324,entire home/apt,125,5,5,2015-08-24,0.09,1,0
4582785,between central park and the subway,13161042,tom,manhattan,upper east side,40.78555,-73.95311,entire home/apt,180,2,18,2017-07-30,0.33,1,0
4592475,private terrace in brooklyn!,4445796,courtney,brooklyn,greenpoint,40.72557,-73.95243,private room,95,1,7,2015-06-02,0.14,1,0
4601325,cozy private bedroom in manhattan,23847354,nicole,manhattan,east harlem,40.78882,-73.94869,private room,67,1,2,2016-02-07,0.05,1,0
4602440,great 2 bedroom greenpoint bk,6949069,laura,brooklyn,greenpoint,40.72403,-73.95055,entire home/apt,175,4,2,2015-12-30,0.04,1,0
4606385,coziest 2bd brownstone in jefftown,3184878,maggie,brooklyn,bushwick,40.70545,-73.91929,entire home/apt,150,1,1,2015-03-17,0.02,1,0
4606473,radiant 2bed e village apartment,23862900,cecily,manhattan,east village,40.72887,-73.98633,entire home/apt,219,5,1,2014-12-26,0.02,1,0
4606614,uptown convenience & comfort,23870076,sam,manhattan,morningside heights,40.80549,-73.96393,entire home/apt,185,3,10,2018-08-24,0.38,1,0
4611203,large 1 bedroom apt - can sleep 4,11702175,meghan,manhattan,east harlem,40.79038,-73.94412,entire home/apt,170,3,6,2017-01-01,0.11,1,0
4614146,stay on st. marks place for your nyc vacation!,4293340,teena,manhattan,east village,40.72764,-73.98748,private room,79,2,2,2017-12-25,0.1,1,0
4616452,upper east side spacious 2 bedrooms,23915731,helene,manhattan,upper east side,40.77439,-73.94965,entire home/apt,249,3,1,2016-07-19,0.03,1,0
4620262,cozy bedroom in heart of manhattan,1599319,lakshmi,manhattan,little italy,40.71954,-73.9975,private room,60,7,5,2016-04-26,0.09,1,0
4620954,"tranquil, clean bedroom,",23935018,marlon,brooklyn,bedford-stuyvesant,40.68175,-73.95417,private room,85,3,1,2015-10-24,0.02,1,0
4623217,bright and charming studio east v.,23945185,natalia,manhattan,east village,40.726,-73.97773,entire home/apt,100,7,6,2016-03-02,0.11,1,0
4623696,great deal in heart of greenpoint,2378231,romy,brooklyn,greenpoint,40.73108,-73.95416,entire home/apt,85,4,4,2015-12-29,0.07,1,0
4628804,cozy room in nyc!  =),23971734,rene,queens,sunnyside,40.73978,-73.92124,private room,67,5,4,2016-10-26,0.07,1,0
4636643,"sunny, spacious 1 bdrm in e. vil.",24007762,kate,manhattan,east village,40.72639,-73.98827,entire home/apt,125,1,8,2018-03-02,0.15,1,0
4637145,cozy apartment in williamsburg,3123405,pénélope,brooklyn,williamsburg,40.7033,-73.94305,private room,55,1,4,2018-02-22,0.13,1,0
4639746,charming studio in carroll gardens,6470787,franklin,brooklyn,carroll gardens,40.68244,-73.99539,entire home/apt,100,3,15,2016-06-13,0.27,1,0
4641406,cozy loft-style studio near subway,17281607,alexis,manhattan,harlem,40.80297,-73.95537,entire home/apt,100,7,2,2016-01-05,0.04,1,0
4642539,spacious 2 bdrm near times square,5025692,annika,manhattan,hell's kitchen,40.7616,-73.99677,entire home/apt,225,5,13,2018-09-28,0.24,1,0
4643192,quiet 1 bedroom near union square,6694436,itai,manhattan,gramercy,40.73533,-73.98384,entire home/apt,139,2,5,2016-05-10,0.11,1,0
4643295,great one bedroom loft space in manhattan,8555319,simsim,manhattan,chinatown,40.71399,-73.99744,entire home/apt,140,4,13,2019-04-29,0.65,1,0
4644828,hip&central! charming williamsburg!,805843,johnny,brooklyn,williamsburg,40.71745,-73.95961,entire home/apt,175,2,5,2017-01-06,0.12,1,0
4645824,"room in front of prospect park, 1 block to subway",1660261,andres mekos,brooklyn,prospect-lefferts gardens,40.65859,-73.96196,private room,40,6,10,2019-04-15,0.21,1,0
4652629,classic east village apartment,9953720,eva,manhattan,east village,40.72921,-73.98631,private room,140,1,1,2015-01-03,0.02,1,0
4653508,1 br in shiny new building + bikes!,6349214,david,brooklyn,fort greene,40.69492,-73.97061,entire home/apt,160,3,4,2017-12-30,0.07,1,0
4654785,"parkslope, 1 bdrm, steps to subway",24094211,rebecca,brooklyn,park slope,40.67256,-73.97229,entire home/apt,115,5,4,2017-01-02,0.08,1,0
4658293,luxury 1bd apt by prospect park,7518105,dan & michelle,brooklyn,windsor terrace,40.64961,-73.97465,entire home/apt,198,2,7,2017-06-04,0.13,1,0
4660633,quiet and cozy 2br. great location!,4517642,kali,manhattan,morningside heights,40.8104,-73.95977,entire home/apt,170,3,6,2016-05-23,0.11,1,0
4660964,"cozy 1br, 5 minutes from the train",24118443,megan,brooklyn,williamsburg,40.7193,-73.94502,entire home/apt,140,2,18,2018-12-28,0.33,1,0
4663804,cozy room by centralpark-times sq,24132118,deborah,manhattan,hell's kitchen,40.76793,-73.98817,private room,79,7,1,2015-06-17,0.02,1,0
4666794,cozy bedroom in large apartment,18511357,meagan,queens,ditmars steinway,40.77272,-73.90757,private room,60,7,1,2017-07-01,0.04,1,0
4667707,beautifully furnished 1 br w/office,24149026,nychele,bronx,concourse village,40.82393,-73.92414,entire home/apt,145,5,1,2016-01-02,0.02,1,0
4671552,garden level brooklyn brownstone,10860081,hillary,brooklyn,clinton hill,40.68241,-73.96354,entire home/apt,130,1,9,2015-12-27,0.16,1,0
4671712,spacious luxury loft downtown nyc,1901846,andre,manhattan,lower east side,40.7136,-73.98936,entire home/apt,115,3,8,2016-07-19,0.16,1,0
4672452,"great bright 1br,in true bk style",3108161,michelle,brooklyn,williamsburg,40.71596,-73.95876,entire home/apt,170,3,22,2017-09-26,0.4,1,0
4678514,cozy 1br in the heart of harlem,23939128,mariela,manhattan,harlem,40.8136,-73.94999,entire home/apt,80,5,5,2017-11-23,0.1,1,0
4679967,big quiet room in harlem,7304425,elia,manhattan,harlem,40.82888,-73.94467,private room,56,1,7,2016-06-07,0.14,1,0
4680299,sunny lg br in 2br apt- sleeps 2,23047797,marie,manhattan,washington heights,40.85658,-73.92656,private room,70,2,7,2016-09-28,0.13,1,0
4686678,large great studio hells kitchen,7759020,valmik,manhattan,hell's kitchen,40.76663,-73.9895,entire home/apt,150,1,3,2015-06-08,0.05,1,0
4690677,flatiron studio next to madison pk,19007585,darren,manhattan,flatiron district,40.744,-73.9907,entire home/apt,110,7,11,2016-03-25,0.2,1,0
4691649,new studio loft in williamsburg w/ private terrace,8501698,meghan,brooklyn,williamsburg,40.71971,-73.95919,entire home/apt,140,4,1,2016-06-01,0.03,1,0
4693338,"brooklyn off j/z, newly renovated",9123948,chris,brooklyn,bedford-stuyvesant,40.68229,-73.91574,private room,46,4,3,2016-01-03,0.05,1,0
4694179,artsy and cozy 1b. - walk everywhere!,3753306,michelle,manhattan,gramercy,40.73287,-73.98585,entire home/apt,180,1,1,2017-09-15,0.05,1,0
4694688,happy chic convenient new listing!,4217567,emily,manhattan,chelsea,40.7416,-73.99681,entire home/apt,250,3,2,2016-01-03,0.04,1,0
4695408,spacious bedroom for summer months,15642271,julissa,manhattan,washington heights,40.8442,-73.93721,private room,60,1,3,2015-07-13,0.05,1,0
4699535,light and spacious your 1br fort greene apt awaits,41358,jen,brooklyn,fort greene,40.6908,-73.97332,entire home/apt,145,2,1,2015-09-28,0.02,1,0
4699963,"cozy 1bd in plg, brooklyn!",24295835,aaron,brooklyn,prospect-lefferts gardens,40.66074,-73.96035,entire home/apt,100,3,15,2017-05-24,0.27,1,0
4700082,fort greene brooklyn 1 bedroom apt,21409261,trey,brooklyn,fort greene,40.69477,-73.97258,entire home/apt,119,4,19,2017-07-23,0.36,1,0
4704813,new york upper east side luxury apt,24319884,pete & laurie,manhattan,upper east side,40.77429,-73.95628,entire home/apt,235,7,8,2017-08-29,0.16,1,0
4706957,amazing location! cozy apartment!,633339,sara,manhattan,east harlem,40.80651,-73.93776,shared room,60,1,4,2015-08-31,0.08,1,0
4707057,"private, sunny room!",6327629,bb,manhattan,harlem,40.82502,-73.94404,private room,90,3,1,2014-12-08,0.02,1,0
4709252,room available in perfect flat,1511206,mauricio,manhattan,east harlem,40.79912,-73.94187,private room,150,2,1,2015-09-30,0.02,1,0
4710315,comfy 2bdr railroad in greenpoint,129558,osvaldo,brooklyn,greenpoint,40.72907,-73.95468,entire home/apt,112,2,8,2016-10-10,0.18,1,0
4713896,charming brownstone,10148113,caylah,brooklyn,bedford-stuyvesant,40.68927,-73.94767,private room,70,2,3,2015-02-04,0.05,1,0
4717237,spacious apt in bushwick!,2358032,vanessa,brooklyn,bushwick,40.70027,-73.9231,entire home/apt,70,4,8,2017-09-17,0.33,1,0
4718031,cool artist apartment in williamsburg/bushwick,9633085,henrique,brooklyn,williamsburg,40.70659,-73.94049,entire home/apt,132,4,7,2018-08-20,0.16,1,0
4719825,ideal one bedroom on uws,24381419,adam,manhattan,upper west side,40.79973,-73.9711,entire home/apt,160,2,6,2015-08-09,0.11,1,0
4720789,"spacious, sun filled village haven",855266,jennifer,manhattan,west village,40.73767,-74.0065,entire home/apt,250,5,1,2017-10-17,0.05,1,0
4721007,cozy bedroom in brooklyn,6720617,nadine,brooklyn,crown heights,40.67116,-73.93582,private room,40,1,1,2015-01-06,0.02,1,0
4724943,charming 1bd across from park,24403405,naomi,brooklyn,crown heights,40.67163,-73.94265,entire home/apt,82,1,1,2015-01-01,0.02,1,0
4725852,cozy home in south williamsburg,405090,sacha,brooklyn,williamsburg,40.7119,-73.96377,entire home/apt,100,7,6,2019-01-09,0.15,1,0
4730371,hipster-chic bushwick apartment,6898927,sarah,brooklyn,bushwick,40.69738,-73.91162,private room,33,2,9,2019-01-01,0.19,1,0
4734170,modern 1 bd near prospect park,17893360,charles,brooklyn,crown heights,40.67238,-73.95768,entire home/apt,109,1,18,2017-04-14,0.38,1,0
4735505,greenwich village w private garden,3570170,john,manhattan,greenwich village,40.72874,-74.00088,private room,95,2,4,2017-06-02,0.08,1,0
4737830,great room in the best place,24459029,nima,brooklyn,crown heights,40.67083,-73.94944,private room,44,1,3,2015-07-15,0.05,1,0
4738946,"amazing, classy, safe & convenient!",15821855,tessa,manhattan,morningside heights,40.81615,-73.95921,private room,65,1,1,2015-09-14,0.02,1,0
4739407,"spacious, cool 1-bd in brooklyn",24467359,juan-pablo,brooklyn,crown heights,40.67656,-73.94542,entire home/apt,85,5,14,2016-02-18,0.26,1,0
4744276,huge room in first floor brownstone,24487418,daniel,brooklyn,crown heights,40.67318,-73.94842,private room,75,2,19,2016-08-26,0.39,1,0
4744592,quiet & peaceful upper west escape,6648212,mike,manhattan,morningside heights,40.81509,-73.96019,entire home/apt,120,4,4,2015-05-30,0.07,1,0
4745012,charming ues 1bdr near central park,1766929,stephanie,manhattan,upper east side,40.76339,-73.95832,entire home/apt,154,4,17,2017-08-05,0.31,1,0
4745212,bright & spacious  in williamsburg,2665225,sila,brooklyn,williamsburg,40.71717,-73.95688,entire home/apt,150,3,1,2016-01-03,0.02,1,0
4745876,urban sanctuary in the heart of nyc,21047204,michael,queens,long island city,40.74821,-73.94803,entire home/apt,150,2,1,2014-12-31,0.02,1,0
4746171,modern 2br apartment in heart of east village,24450948,peter,manhattan,east village,40.72649,-73.98284,entire home/apt,250,2,11,2017-01-01,0.2,1,0
4753571,your own west village/ soho home,24529969,ellie,manhattan,soho,40.72704,-74.00558,entire home/apt,200,3,10,2017-03-31,0.21,1,0
4757941,cute & cozy 1br in the east village,24551170,neil,manhattan,east village,40.72619,-73.98284,entire home/apt,239,2,2,2015-02-05,0.04,1,0
4758601,sunny room in charming bed-stuy apartment,24554369,laina,brooklyn,bedford-stuyvesant,40.68778,-73.92484,private room,31,5,1,2015-08-01,0.02,1,0
4758924,luxury apt in artsy bushwick,24555785,shanna,brooklyn,bushwick,40.69685,-73.92933,private room,73,1,1,2015-01-03,0.02,1,0
4765123,beautiful apt in west harlem,24584990,travis,manhattan,harlem,40.8261,-73.95074,private room,50,3,8,2016-09-02,0.15,1,0
4766198,private room with own entrance,24590092,debbie,queens,astoria,40.75962,-73.91419,private room,80,1,2,2015-06-26,0.04,1,0
4767549,charming apartment up in the trees,207356,martin & julia,brooklyn,carroll gardens,40.68171,-73.99765,entire home/apt,150,5,1,2016-09-06,0.03,1,0
4774763,1br 2-blocks from bk museum,24404928,jeremy,brooklyn,crown heights,40.67117,-73.95934,entire home/apt,130,1,9,2016-05-28,0.16,1,0
4775278,private apartment in heart of brooklyn,6948005,matt,brooklyn,bedford-stuyvesant,40.69294,-73.96001,private room,75,1,1,2016-01-01,0.02,1,0
4775737,a cozy studio in clinton hill,24630374,takako,brooklyn,clinton hill,40.68233,-73.96418,entire home/apt,110,4,14,2016-12-25,0.25,1,0
4777745,"600 sf appartment in nyc, manhattan",24639120,alexander,manhattan,midtown,40.76022,-73.9744,entire home/apt,235,6,13,2017-01-10,0.25,1,0
4782243,charming les studio w/ bbq patio,2715121,miriam,manhattan,lower east side,40.71801,-73.99078,entire home/apt,180,1,5,2016-05-22,0.09,1,0
4782799,spacious studio- midtown manhattan!,2910317,megan,manhattan,midtown,40.7555,-73.96575,entire home/apt,225,1,14,2016-04-26,0.25,1,0
4783614,master bedroom w/ private bathroom and free gym,3805240,lika,brooklyn,bushwick,40.7001,-73.93009,private room,85,7,2,2018-02-12,0.09,1,0
4783738,modern luxury hotel residence in midtown,7655962,dee j,manhattan,hell's kitchen,40.7574,-73.99361,entire home/apt,99,6,11,2018-11-01,0.22,1,0
4784846,1 br in loft / bushwick,24667595,pierre,brooklyn,bushwick,40.69169,-73.92351,private room,30,1,8,2017-06-25,0.15,1,0
4785941,beautiful greenwich village loft,1786943,nikolaos,manhattan,greenwich village,40.72904,-74.00129,entire home/apt,200,4,2,2016-04-13,0.04,1,0
4786030,east village sunny/new bedroom,24672682,panayota,manhattan,east village,40.72879,-73.97959,private room,110,1,1,2015-01-01,0.02,1,0
4788812,comfy apt next to central park!,23020530,val,manhattan,upper west side,40.77917,-73.97397,entire home/apt,139,1,1,2016-02-04,0.02,1,0
4794322,true one bedroom,24704747,eli,manhattan,upper east side,40.77378,-73.95684,entire home/apt,200,1,3,2016-03-27,0.07,1,0
4795029,morning side heights private room,24710778,nick,manhattan,harlem,40.81004,-73.95231,private room,60,1,1,2015-01-03,0.02,1,0
4798794,roomy west village studio,1660906,victoria,manhattan,west village,40.73245,-74.00275,entire home/apt,250,2,3,2015-10-19,0.06,1,0
4802299,"spacious 1 bdr in astoria, queens",24740606,zsuzsanna,queens,astoria,40.76457,-73.91205,entire home/apt,150,2,2,2015-05-24,0.04,1,0
4802648,one bed room apt in midtown east,13026391,kenneth,manhattan,midtown,40.75456,-73.96626,entire home/apt,165,2,11,2016-04-24,0.21,1,0
4804228,kosher upper west side studio apt,24750076,chaz,manhattan,upper west side,40.79331,-73.97537,entire home/apt,149,4,15,2019-04-27,0.3,1,0
4807492,"quiet, sunny, floor-through brownstone",1870841,david,brooklyn,prospect heights,40.67995,-73.97021,entire home/apt,130,3,5,2018-05-08,0.11,1,0
4807899,complete 1 bedroom near columbia u,3422859,martin,manhattan,harlem,40.80434,-73.95476,entire home/apt,95,3,9,2016-07-16,0.16,1,0
4813259,big & bright near park & museum,4312196,joshua,brooklyn,crown heights,40.6794,-73.9616,private room,90,4,1,2015-07-08,0.02,1,0
4817139,studio apartment in midtown,21671443,leandro,manhattan,hell's kitchen,40.76557,-73.98745,entire home/apt,159,2,16,2016-12-21,0.31,1,0
4817208,perfect private studio in nyc,3514707,kaori,manhattan,east harlem,40.7945,-73.94298,entire home/apt,90,5,2,2015-09-26,0.04,1,0
4821218,a mini home away from home,24827152,wendy,brooklyn,bedford-stuyvesant,40.68383,-73.95298,private room,45,3,5,2016-01-06,0.09,1,0
4821605,1 br in spacious 4 br duplex,24828814,aaron,brooklyn,bushwick,40.70295,-73.91354,private room,38,1,1,2016-04-02,0.03,1,0
4821786,sunny & cozy 1 bedroom apartment,1543006,sophia,brooklyn,bedford-stuyvesant,40.68675,-73.93749,entire home/apt,100,2,3,2015-09-18,0.06,1,0
4822057,room in airy williamsburg apt,19660044,jennifer,brooklyn,williamsburg,40.70816,-73.94244,private room,103,1,7,2016-05-31,0.13,1,0
4822324,nyc duplex + terrace in east 60s,24832100,lindsay,manhattan,upper east side,40.76172,-73.96074,entire home/apt,185,3,7,2016-07-24,0.13,1,0
4822822,luxury building $80 per night,11708118,brian,manhattan,financial district,40.70373,-74.00827,private room,86,4,2,2016-08-29,0.06,1,0
4824052,"big, bright park slope 2.5 bedroom!",24839116,ainsley,brooklyn,south slope,40.66437,-73.9823,entire home/apt,175,3,14,2017-07-22,0.25,1,0
4824146,spacious apt in bushwick,24840863,daniel,brooklyn,bushwick,40.70092,-73.92945,entire home/apt,95,1,1,2015-01-04,0.02,1,0
4824211,bright comfy room in east village,24841295,micheline,manhattan,east village,40.72503,-73.97696,private room,70,2,5,2017-06-08,0.14,1,0
4824847,times square midtown mahattan room,20934972,kai,manhattan,kips bay,40.74246,-73.9767,private room,99,1,5,2015-11-03,0.11,1,0
4825359,bright & spacious gp/n williamsburg,3800548,phoebe,brooklyn,greenpoint,40.73176,-73.95371,private room,70,4,6,2017-01-01,0.11,1,0
4829088,1br apartment in the heart of soho,854458,brian,manhattan,greenwich village,40.72812,-73.99983,entire home/apt,180,2,11,2017-05-22,0.22,1,0
4829779,sunlit room in brooklyn brownstone,1631807,jillian,brooklyn,clinton hill,40.6868,-73.96517,private room,80,5,1,2016-07-07,0.03,1,0
4831703,astoria gem: 15min. from manhattan,24614110,adreanna,queens,astoria,40.76042,-73.92073,entire home/apt,150,1,3,2015-05-15,0.06,1,0
4838260,large private room in the sky,20357771,jun,brooklyn,williamsburg,40.71114,-73.94438,private room,100,1,1,2015-05-19,0.02,1,0
4839016,queen room in penthouse fidi apt,24903878,herbie,manhattan,financial district,40.70465,-74.00773,private room,150,1,1,2015-01-01,0.02,1,0
4839805,beautiful room by central park,6430105,lisa,manhattan,upper west side,40.77773,-73.97764,private room,200,1,1,2015-06-22,0.02,1,0
4840381,"chill 2b uws, close to a,c,e/1,2,3",12730517,robert,manhattan,upper west side,40.80107,-73.96065,entire home/apt,50,1,1,2016-03-16,0.02,1,0
4840794,1 bedroom apt. in nolita/chinatown,24833732,bobby,manhattan,little italy,40.71763,-73.99753,entire home/apt,160,2,6,2017-04-17,0.12,1,0
4841187,well-kept studio/♥ of chelsea,14923355,ra-ey,manhattan,chelsea,40.74583,-74.00405,entire home/apt,200,3,7,2017-07-12,0.13,1,0
4846199,beautiful boerum hill apartment!,5545129,brady,brooklyn,boerum hill,40.68896,-73.98961,entire home/apt,110,5,2,2015-10-12,0.04,1,0
4847624,cozy 1br in brooklyn heights,22930715,natalie,brooklyn,brooklyn heights,40.69191,-73.99331,entire home/apt,130,2,1,2015-01-03,0.02,1,0
4847648,spacious williamsburg home,157051,agatha,brooklyn,williamsburg,40.71411,-73.9495,entire home/apt,240,2,9,2017-12-28,0.2,1,0
4848500,cesco's house,6902571,francesco,brooklyn,bedford-stuyvesant,40.68886,-73.95212,entire home/apt,130,2,6,2018-04-24,0.29,1,0
4849703,huge loft in heart of bushwick,21209568,greg,brooklyn,bushwick,40.70516,-73.91946,entire home/apt,88,7,2,2015-09-27,0.04,1,0
4849864,cozy quiet apt 10min to manhattan,2464823,andy,queens,astoria,40.7643,-73.92637,entire home/apt,112,7,5,2016-10-04,0.1,1,0
4855612,cozy spacious apartment,24448659,christian,brooklyn,midwood,40.62971,-73.95069,entire home/apt,60,3,1,2015-01-02,0.02,1,0
4855835,"brooklyn luxury bldg, with rooftop and balcony!",2306320,michelle,brooklyn,crown heights,40.6785,-73.96041,entire home/apt,125,1,7,2016-10-30,0.2,1,0
4857619,entire one-bedroom apartment near columbia univers,19263941,john,manhattan,morningside heights,40.80442,-73.96338,entire home/apt,145,5,3,2016-01-02,0.06,1,0
4865377,spacious studio apartment,11457159,logan,manhattan,upper east side,40.78335,-73.94822,entire home/apt,130,1,2,2017-10-25,0.09,1,0
4865387,"spacious, cozy 1 bedroom",7017213,lenore,brooklyn,flatbush,40.64919,-73.96129,entire home/apt,72,1,3,2016-06-05,0.07,1,0
4866875,2bd loft with 180 manhattan view,87473,sibin,brooklyn,greenpoint,40.72996,-73.95302,entire home/apt,150,6,1,2019-01-03,0.16,1,0
4871966,williamsburg brooklyn apartment,3896287,andrew and clara,brooklyn,williamsburg,40.71396,-73.94021,entire home/apt,225,4,9,2016-07-18,0.16,1,0
4879911,"sunny, spacious bedroom with a view",1473630,hillela,brooklyn,gowanus,40.68234,-73.98168,private room,100,1,2,2015-04-25,0.04,1,0
4886678,big & sunny room w private entrance,2470606,ben,brooklyn,greenpoint,40.72418,-73.94757,private room,59,1,2,2015-06-02,0.04,1,0
4887727,spend the fall in nolita!,3339901,meghan,manhattan,nolita,40.72285,-73.99409,entire home/apt,250,4,7,2015-10-21,0.14,1,0
4891616,"very spacious, clean manhattan apt",25168328,daniel,manhattan,harlem,40.82389,-73.94033,entire home/apt,70,1,1,2016-02-01,0.02,1,0
4901269,brooklyn heights,6285979,alexandra,brooklyn,brooklyn heights,40.6945,-73.99543,entire home/apt,200,3,6,2016-11-10,0.11,1,0
4901617,"bright, spacious 1br - west village",16460889,daniel,manhattan,greenwich village,40.72969,-73.9995,entire home/apt,175,1,4,2016-01-03,0.08,1,0
4909438,new year's in the east village,24127267,arnell,manhattan,east village,40.73037,-73.98268,entire home/apt,175,1,1,2015-01-02,0.02,1,0
4916150,great location in south manhattan,236659,justin,manhattan,financial district,40.7082,-74.00139,private room,78,1,1,2015-02-20,0.02,1,0
4930306,charming one bedroom in chelsea,25394253,pete,manhattan,chelsea,40.74141,-73.99996,entire home/apt,175,1,1,2015-02-20,0.02,1,0
4931807,cozy & quaint,25401356,krystle,manhattan,east harlem,40.79717,-73.93298,entire home/apt,125,2,7,2016-01-09,0.15,1,0
4932714,1 bd artist retreat in brooklyn,25295888,alanna,brooklyn,bedford-stuyvesant,40.67917,-73.92565,private room,52,2,16,2017-09-30,0.37,1,0
4941141,cozy apt.near park/museums & subway,15297517,christopher,manhattan,upper east side,40.78096,-73.9475,entire home/apt,155,4,9,2015-10-27,0.19,1,0
4946624,stylish apartment in post-war walk-up building,25494876,vivienne,manhattan,lower east side,40.71959,-73.9919,entire home/apt,149,2,14,2018-09-09,0.28,1,0
4965152,stylish and cozy soho loft bedroom,14854832,alix,manhattan,soho,40.72101,-74.00189,private room,130,1,9,2016-12-16,0.17,1,0
4967004,funky union square apartment,2007148,chris,manhattan,gramercy,40.73721,-73.98887,entire home/apt,156,3,4,2017-01-03,0.08,1,0
4977744,lower east side gem,10350245,brian,manhattan,lower east side,40.72076,-73.98925,entire home/apt,200,1,1,2015-01-18,0.02,1,0
4977756,1bd in fantastic bk location,25659180,justin,brooklyn,crown heights,40.6729,-73.96003,entire home/apt,100,2,4,2016-04-29,0.08,1,0
4983691,greenpoint is the place to be!,4162067,citlali,brooklyn,greenpoint,40.72811,-73.94925,private room,95,4,1,2015-10-28,0.02,1,0
4994058,mymoderncrib w/ empire state views,25747773,ellen!,manhattan,kips bay,40.74045,-73.98175,private room,140,5,2,2016-05-21,0.05,1,0
4995083,east village studio,25748492,david,manhattan,east village,40.72954,-73.98337,entire home/apt,120,1,8,2016-05-30,0.18,1,0
5006927,private sunny room in bushwick!,25821864,viva,queens,ridgewood,40.70739,-73.91498,private room,65,3,5,2015-10-07,0.09,1,0
5014831,cozy studio close to everything,5349999,david,brooklyn,crown heights,40.67777,-73.95131,entire home/apt,100,6,13,2019-01-04,0.26,1,0
5019373,"cozy apt, terrace in williamsburg",25895198,mateo,brooklyn,williamsburg,40.71505,-73.93936,entire home/apt,80,7,10,2016-06-20,0.22,1,0
5050799,great prospect / crown heights 1br,16616158,will,brooklyn,crown heights,40.67586,-73.9621,entire home/apt,85,5,22,2015-10-28,0.42,1,0
5068972,modern 1br downtown manhattan,23340108,andrew,manhattan,financial district,40.71182,-74.00497,entire home/apt,150,3,7,2016-05-25,0.13,1,0
5084887,clean & warm east village escape!,26265097,nancy,manhattan,east village,40.7295,-73.98398,entire home/apt,100,5,1,2015-02-06,0.02,1,0
5093174,flexible 1bd live/ work space bk,17312709,matthew,brooklyn,bedford-stuyvesant,40.6926,-73.94719,entire home/apt,140,5,4,2015-06-06,0.08,1,0
5093352,room w/artwork & huge window on historic block!,19850240,neal,manhattan,harlem,40.80954,-73.94227,private room,83,7,18,2019-03-03,0.66,1,0
5102006,quaint sunny cobble hill brownstone,26360956,jen,brooklyn,cobble hill,40.68854,-73.99533,entire home/apt,160,4,16,2016-11-21,0.3,1,0
5102132,huge sunny private room in bushwick,26260328,alec,brooklyn,bushwick,40.70206,-73.91342,private room,45,7,1,2016-02-16,0.02,1,0
5105514,modern studio apt in williamsburg,26380626,shamim,brooklyn,williamsburg,40.71768,-73.95355,entire home/apt,90,7,1,2018-04-29,0.07,1,0
5106214,historic west village charmer,22984995,erin,manhattan,west village,40.73822,-74.00606,entire home/apt,275,2,11,2018-07-18,0.21,1,0
5110541,upper east side beautiful studio,1965783,cranford,manhattan,upper east side,40.76996,-73.95875,entire home/apt,245,1,3,2015-05-24,0.06,1,0
5115534,large williamsburg apt. sleeps 4.,26433326,martha,brooklyn,williamsburg,40.70783,-73.94858,entire home/apt,195,2,3,2015-12-30,0.06,1,0
5136833,spacious private room upper west side,26558533,jinqiu,manhattan,upper west side,40.79678,-73.96545,private room,79,2,8,2016-10-16,0.22,1,0
5137531,luxury*doorman*walk to central park,7881946,emmanuel,manhattan,harlem,40.80657,-73.95532,entire home/apt,140,2,5,2015-03-05,0.09,1,0
5141379,true 1br apt in greenwich village,21112602,maggie,manhattan,greenwich village,40.73253,-73.99826,entire home/apt,198,2,15,2016-09-29,0.29,1,0
5144831,modern and convenient,2055698,nadia dara,manhattan,upper east side,40.77944,-73.95296,entire home/apt,125,3,2,2016-08-25,0.05,1,0
5148878,"gorgeous 2 bd penth., 500sf terrace",215570,dirk,brooklyn,williamsburg,40.71135,-73.96596,entire home/apt,125,2,5,2018-01-01,0.12,1,0
5164045,"cozy, sunny private room",26710027,sara,brooklyn,bedford-stuyvesant,40.68074,-73.92513,private room,65,2,21,2016-07-17,0.43,1,0
5179785,3 bedroom 2 1/2 bath duplex park slope,10711342,mr. & mrs. kris,brooklyn,sunset park,40.66298,-73.99012,entire home/apt,150,5,1,2018-08-14,0.09,1,0
5180624,"cozy room in bushwick, brooklyn",26794599,carmen,brooklyn,bushwick,40.69237,-73.92097,private room,60,2,1,2015-09-21,0.02,1,0
5184986,large studio in manhattan,26819401,alberto,manhattan,upper east side,40.77594,-73.95584,entire home/apt,180,3,3,2016-02-16,0.06,1,0
5185359,1.5 bedroom - artist's retreat,5788393,amy,queens,long island city,40.76117,-73.9265,entire home/apt,105,2,19,2018-02-17,0.41,1,0
5191630,comfortable & spacious 1 br apt,21538710,marýa,brooklyn,crown heights,40.67116,-73.94293,entire home/apt,72,7,11,2016-11-11,0.21,1,0
5199814,sunny 1bedroom with yard,26899122,katherine,brooklyn,south slope,40.66437,-73.98353,entire home/apt,85,3,1,2015-09-01,0.02,1,0
5204458,vintage jewel in crown heights,1238879,kristen,brooklyn,crown heights,40.67198,-73.93011,entire home/apt,95,3,2,2015-08-27,0.04,1,0
5207973,bright 2bd in east village,26942242,alfred,manhattan,east village,40.7295,-73.98623,entire home/apt,230,2,1,2015-03-31,0.02,1,0
5211090,"central 1 bdrm, w/d, roof deck",26958002,justin,manhattan,kips bay,40.74041,-73.98176,entire home/apt,225,2,2,2015-06-25,0.04,1,0
5213963,cozy east harlem 1bd,26975156,vanessa,manhattan,east harlem,40.80302,-73.93476,entire home/apt,115,4,1,2015-04-01,0.02,1,0
5217507,great 1-bd apartment in murray hill,3510638,eugene,manhattan,murray hill,40.74479,-73.97573,entire home/apt,149,5,13,2018-05-20,0.24,1,0
5219488,luxury upper east side studio apt,26781249,harman,manhattan,upper east side,40.76802,-73.95653,entire home/apt,150,4,10,2018-05-29,0.19,1,0
5232570,"cozy room awaits, best location, center of nyc",27081028,norman,manhattan,midtown,40.759,-73.9701,private room,55,1,16,2019-05-18,0.52,1,0
5233279,"quiet, cozy studio walk to central park",19034179,jennifer,manhattan,upper east side,40.76902,-73.95807,entire home/apt,139,2,2,2017-01-03,0.07,1,0
5258014,"williamsburg gardens flat, large room private bath",3605729,drew,brooklyn,williamsburg,40.70709,-73.95191,private room,100,3,19,2019-05-05,0.42,1,0
5261712,large bedroom in east village,17491348,valentin,manhattan,east village,40.72878,-73.97747,private room,60,7,1,2015-05-15,0.02,1,0
5262333,excellent midtown location!,27053744,antal,manhattan,midtown,40.76186,-73.97324,entire home/apt,149,3,1,2015-02-28,0.02,1,0
5268960,cozy 1 bdrm greenpoint-williamsburg,6155803,barrie,brooklyn,greenpoint,40.72402,-73.95025,entire home/apt,190,2,12,2017-10-15,0.29,1,0
5276704,"cozy, sunny, clean ues home in central location",27314977,roza,manhattan,upper east side,40.76771,-73.95844,entire home/apt,110,4,8,2018-12-20,0.15,1,0
5277117,comfortable crown heights room,6023360,ali,brooklyn,crown heights,40.67221,-73.95584,private room,50,1,1,2015-05-16,0.02,1,0
5277242,sleek bushwick loft,8627814,alex,brooklyn,williamsburg,40.70629,-73.92884,entire home/apt,100,2,3,2016-04-13,0.06,1,0
5278810,cozy room in a newly renovated apt!,6900870,harish,brooklyn,prospect heights,40.67382,-73.96782,private room,75,2,14,2016-09-19,0.27,1,0
5285141,big williamsburg br near the j train!,11483208,claire,brooklyn,williamsburg,40.70903,-73.95936,private room,55,1,4,2016-04-24,0.1,1,0
5286096,amazing studio-empirestatebuilding,3866196,guillaume,manhattan,midtown,40.7461,-73.98632,entire home/apt,281,1,3,2016-04-22,0.07,1,0
5288942,quaint and cozy sun-filled room,1189622,janira,queens,ridgewood,40.69804,-73.90683,private room,40,4,15,2016-11-14,0.3,1,0
5292616,chelsea apartment - great location!!!!,16427090,frank,manhattan,chelsea,40.73933,-73.99879,entire home/apt,229,3,2,2016-11-01,0.06,1,0
5293662,ft greene/clinton hill jr 1 bedroom,6177121,casey,brooklyn,clinton hill,40.69358,-73.96966,entire home/apt,70,2,1,2016-01-03,0.02,1,0
5298299,sunny private bedroom in chelsea,11462251,danielle,manhattan,chelsea,40.73885,-73.99701,private room,109,2,2,2015-09-21,0.04,1,0
5299177,bright & spacious apt in prime brooklyn,11414889,ben,brooklyn,prospect heights,40.67986,-73.97027,entire home/apt,190,2,9,2018-06-10,0.25,1,0
5303100,"cute & cozy room in greenpoint, bk",25854571,bryn,brooklyn,greenpoint,40.72556,-73.94104,private room,49,1,2,2016-06-08,0.05,1,0
5309810,private room near columbia,24528234,hua,manhattan,harlem,40.80446,-73.95786,private room,65,1,8,2015-11-27,0.18,1,0
5315798,williamsburg apt. s 2nd & bedford,22761603,dan,brooklyn,williamsburg,40.71425,-73.96054,private room,90,1,1,2015-03-17,0.02,1,0
5316158,sunny 2-bedroom in clinton hill,936258,kelsey,brooklyn,clinton hill,40.68378,-73.96483,entire home/apt,175,2,8,2016-08-22,0.15,1,0
5316266,studio in north manhattan,27538684,pat,manhattan,harlem,40.81186,-73.94019,entire home/apt,125,6,2,2015-08-25,0.04,1,0
5327598,convenient & updated- prime east village location!,11576606,katie,manhattan,east village,40.72259,-73.98502,entire home/apt,199,3,1,2016-10-02,0.03,1,0
5340170,spacious room in park slope,27240422,hardik,brooklyn,park slope,40.67487,-73.98459,private room,45,1,2,2015-07-09,0.04,1,0
5344850,cozy room 15 min from manhattan,27698133,jakub,queens,woodside,40.74705,-73.89564,private room,38,5,13,2018-12-18,0.25,1,0
5352802,unique loft space in the middle of manhattan!,5740424,maria,manhattan,midtown,40.75045,-73.98456,entire home/apt,200,6,1,2016-12-30,0.03,1,0
5353431,charming studio close to everything,16548665,britta,brooklyn,bedford-stuyvesant,40.69365,-73.95841,entire home/apt,80,5,5,2016-01-05,0.09,1,0
5359410,"comfy room, close to the train!",27782348,morgan,brooklyn,bushwick,40.6983,-73.92607,private room,50,1,1,2015-03-10,0.02,1,0
5361021,beautiful washington heights room,27790643,carl,manhattan,washington heights,40.84522,-73.93952,private room,49,1,1,2015-03-23,0.02,1,0
5361824,"1br bright studio w/ priv bathroom, own entrance!",1290741,kelvin,brooklyn,williamsburg,40.71539,-73.95426,private room,65,4,2,2018-11-20,0.04,1,0
5363669,brand new apt close to central park,13483550,eleanor,manhattan,east harlem,40.79312,-73.94115,entire home/apt,110,2,10,2016-08-15,0.19,1,0
5364814,artist loft in bushwick,9881214,darcy,brooklyn,bushwick,40.70018,-73.92586,entire home/apt,125,1,1,2015-04-01,0.02,1,0
5373297,comfy 1 bedroom apt with guest room,26951283,alexsis,brooklyn,park slope,40.67092,-73.98759,entire home/apt,100,2,4,2016-10-23,0.08,1,0
5374226,homey well-located apartment!,6917906,michelle,manhattan,gramercy,40.73554,-73.98855,entire home/apt,169,2,16,2016-09-03,0.31,1,0
5376069,w village - airy & charming studio,10306287,debra,manhattan,west village,40.73666,-74.00691,entire home/apt,149,2,3,2017-06-17,0.1,1,0
5390483,snowfort penthouse with lots of natural light,4589525,michael,manhattan,upper west side,40.77461,-73.98899,private room,250,7,3,2015-11-07,0.06,1,0
5396325,clean and cozy in greenpoint/w'burg,1721426,ashia,brooklyn,greenpoint,40.72559,-73.95384,entire home/apt,167,5,2,2015-06-09,0.04,1,0
5401148,"artful chelsea 1-br apt, br faces garden",27998261,adrienne,manhattan,chelsea,40.74742,-73.99617,entire home/apt,195,7,14,2018-09-24,0.29,1,0
5402239,full apt. in prime williamsburg!,27159364,brett,brooklyn,williamsburg,40.71475,-73.95557,entire home/apt,90,4,1,2015-03-14,0.02,1,0
5409372,artsy english basement apartment,7016520,patricia,brooklyn,windsor terrace,40.65497,-73.97459,entire home/apt,120,2,17,2019-06-24,0.33,1,0
5412567,bright & colorful studio in bk,19655924,dominique,brooklyn,bedford-stuyvesant,40.68856,-73.95315,entire home/apt,110,1,3,2015-11-16,0.06,1,0
5414178,master bedroom in prime brooklyn,28065838,dana,brooklyn,prospect heights,40.6769,-73.96485,private room,150,1,2,2015-04-24,0.04,1,0
5419405,cozy 1br with backyard,1020326,michael & andrea,brooklyn,carroll gardens,40.67757,-73.99617,entire home/apt,150,7,1,2015-08-03,0.02,1,0
5424994,ideal soho 1br,9488731,steven,manhattan,soho,40.72593,-74.00185,entire home/apt,150,1,5,2018-06-08,0.1,1,0
5430560,columbus circle studio apt,15402737,gabriella,manhattan,upper west side,40.7717,-73.98759,private room,140,1,2,2016-10-21,0.04,1,0
5433367,huge bedroom in a charming house with private yard,6480337,sandra,brooklyn,greenpoint,40.72665,-73.94832,private room,58,2,4,2017-08-21,0.17,1,0
5447255,cozy 1br  near theater distict!,28255422,sara,manhattan,hell's kitchen,40.76387,-73.99039,entire home/apt,151,7,12,2015-10-26,0.24,1,0
5447434,a cozy night in the heart of nyc,28173937,jeehee,manhattan,hell's kitchen,40.7634,-73.98928,private room,98,2,20,2016-01-03,0.41,1,0
5465270,"sunny, and spacious in cobble hill!",4413909,adam,brooklyn,boerum hill,40.68557,-73.99074,entire home/apt,170,3,7,2016-08-07,0.14,1,0
5470350,spacious rm 15 mins from downtown!,1340207,deena,manhattan,harlem,40.81574,-73.94877,private room,80,2,5,2016-09-19,0.1,1,0
5487204,spacious room in  brooklyn,6834165,amanda,brooklyn,crown heights,40.67044,-73.94292,shared room,70,2,2,2015-08-25,0.04,1,0
5492696,"lovely studio, a block from trains!",15107994,saad,queens,jackson heights,40.74761,-73.89466,entire home/apt,85,4,6,2016-01-06,0.11,1,0
5500197,luxurious studio w/ rooftop & gym,6050250,aram,brooklyn,williamsburg,40.71404,-73.93982,entire home/apt,145,3,8,2016-10-24,0.16,1,0
5505918,winter deal! cosy room available in east village,28557212,marion,manhattan,gramercy,40.73305,-73.98255,private room,73,5,4,2017-02-21,0.08,1,0
5506438,luxury high rise apartment,2263462,anna meng,manhattan,murray hill,40.74467,-73.97202,private room,100,1,1,2015-10-03,0.02,1,0
5507371,no sleep till....brooklyn!,28564535,emily,brooklyn,bedford-stuyvesant,40.69129,-73.93338,private room,50,1,1,2016-07-29,0.03,1,0
5512274,west village ground floor studio,7033514,paul,manhattan,west village,40.73426,-74.00525,entire home/apt,199,1,1,2015-10-30,0.02,1,0
5518629,cozy east village 1bdrm apt w/ yard,2353777,natalie,manhattan,east village,40.72843,-73.97872,entire home/apt,195,2,3,2015-10-12,0.06,1,0
5522518,cozy & bright west village 1br apt!,201390,meggie,manhattan,west village,40.73174,-74.00309,entire home/apt,145,3,13,2016-05-06,0.25,1,0
5523654,hamilton heights heaven,28645131,nadeen,manhattan,harlem,40.81777,-73.95753,entire home/apt,80,5,2,2017-04-05,0.06,1,0
5525206,gorgeous studio uws lincoln center!,1854977,amanda,manhattan,upper west side,40.77361,-73.97908,entire home/apt,180,3,7,2016-01-02,0.15,1,0
5534192,"spacious, cozy 1br in washington heights",28696923,steven,manhattan,washington heights,40.84347,-73.93406,entire home/apt,99,1,8,2016-12-04,0.23,1,0
5534660,studio apartment in greenpoint,28699661,andrzej,brooklyn,greenpoint,40.73066,-73.955,entire home/apt,120,7,17,2016-01-05,0.33,1,0
5543210,sunny oasis in carroll gardens,3424719,demetria,brooklyn,columbia st,40.68255,-74.00224,private room,90,4,8,2019-05-13,0.16,1,0
5550377,sunny east village,13972159,erin,manhattan,east village,40.72681,-73.97994,entire home/apt,250,2,12,2017-12-12,0.26,1,0
5557135,beautiful chic studio,28809821,michelle,manhattan,murray hill,40.74444,-73.97174,shared room,115,1,7,2016-11-06,0.15,1,0
5558242,sunny park slope studio brownstone,16548032,galya,brooklyn,park slope,40.66907,-73.97609,entire home/apt,115,5,4,2017-06-23,0.08,1,0
5562962,lovely upper east side studio,1389487,lina,manhattan,upper east side,40.77399,-73.95101,entire home/apt,149,2,15,2017-06-22,0.29,1,0
5569167,private room in heart of astoria,13728275,elvira,queens,astoria,40.76272,-73.92004,private room,50,4,1,2015-03-16,0.02,1,0
5579147,"bright, big 2 bedroom in park slope",10054163,jaclyn,brooklyn,south slope,40.6642,-73.98435,entire home/apt,149,2,1,2015-04-09,0.02,1,0
5579629,lovely sunlit room in brooklyn,329917,clémentine,brooklyn,greenpoint,40.72905,-73.95755,private room,53,2,5,2016-10-21,0.13,1,0
5580648,sunnyprivateroom trendyneighborhood,21497854,meaghan,brooklyn,bushwick,40.70124,-73.92218,private room,45,2,13,2015-08-17,0.25,1,0
5588684,spacious + modern with yard,489950,maria,brooklyn,greenpoint,40.73111,-73.95592,entire home/apt,190,3,16,2018-10-13,0.4,1,0
5593205,room available in fort greene,20083880,maryam,brooklyn,fort greene,40.69701,-73.97353,private room,45,1,1,2016-01-01,0.02,1,0
5594865,large bedroom in two bedroom apartment,1342014,christian,manhattan,lower east side,40.71369,-73.98828,private room,81,1,3,2019-04-24,0.68,1,0
5598465,1 br bohemian oasis in astoria,18941320,alexandra,queens,astoria,40.76327,-73.92457,entire home/apt,105,1,7,2017-10-22,0.14,1,0
5602200,quiet artist's den,24665235,ippei,brooklyn,bedford-stuyvesant,40.68417,-73.94977,entire home/apt,75,2,9,2016-04-19,0.2,1,0
5624807,"luxury 2br, prime location, 20 min to manhattan",15775091,asaf,brooklyn,crown heights,40.67051,-73.95851,entire home/apt,180,2,2,2017-06-11,0.07,1,0
5625386,1 bdrm apt near prospect park,6372947,michelle & sebastien,brooklyn,flatbush,40.65305,-73.95818,entire home/apt,80,5,1,2015-09-15,0.02,1,0
5626601,easy tourist resting place!,29161738,gerardo,manhattan,harlem,40.82855,-73.94745,private room,55,1,7,2016-06-12,0.18,1,0
5656458,quiet cobble hill gem 2br duplex,16091512,ana,brooklyn,cobble hill,40.68534,-73.99471,entire home/apt,235,5,10,2016-02-25,0.21,1,0
5671103,"chic, clean, and comfortable!",1686834,daniel,queens,astoria,40.76632,-73.91873,private room,80,3,11,2016-11-07,0.21,1,0
5672288,cozy 1 br apartment in williamsburg,15586243,andrew and coline,brooklyn,williamsburg,40.7095,-73.94933,entire home/apt,100,3,1,2015-04-27,0.02,1,0
5672704,cozy room in times square,6003891,inigo,manhattan,hell's kitchen,40.76196,-73.99194,private room,70,3,3,2016-04-22,0.07,1,0
5681745,charming1 bedroom apt in greenpoint,29456424,dallas,brooklyn,greenpoint,40.73125,-73.95905,entire home/apt,150,2,8,2015-11-09,0.16,1,0
5684147,sun drenched amazing large 1 br,1606397,andrew,brooklyn,prospect-lefferts gardens,40.6589,-73.95969,entire home/apt,118,5,1,2015-05-26,0.02,1,0
5692492,cozy room in unique artsy apartment,3148473,maria,manhattan,washington heights,40.83891,-73.93758,private room,45,1,10,2016-09-04,0.19,1,0
5693978,1 large bedroom apartment available,29518961,akshay,manhattan,upper west side,40.77937,-73.97805,entire home/apt,120,1,1,2015-03-22,0.02,1,0
5697062,"sunny, open studio apartment",29537636,lauren,manhattan,financial district,40.7091,-74.01286,entire home/apt,225,1,3,2015-10-24,0.07,1,0
5707888,"homey, large, gorgeous 2 br apt!",3780975,shira,manhattan,harlem,40.80403,-73.95615,entire home/apt,200,2,6,2016-01-03,0.12,1,0
5708360,large 1 bdrm in prospect heights,2946319,heather,brooklyn,prospect heights,40.67758,-73.96452,entire home/apt,125,7,1,2017-01-31,0.03,1,0
5717674,welcome to brooklyn!,29642992,annalyn,brooklyn,kensington,40.63694,-73.97487,private room,70,3,8,2016-10-18,0.17,1,0
5718494,spacious studio between nolita and les,11559667,veronica and tyler,manhattan,lower east side,40.72019,-73.99297,entire home/apt,150,2,3,2017-09-15,0.13,1,0
5718935,spacious studio - central park!,29651191,adam,manhattan,upper west side,40.79589,-73.96187,entire home/apt,225,3,13,2018-01-02,0.25,1,0
5720133,cozy apt next to park & train for 4,5735779,aubrey,brooklyn,prospect-lefferts gardens,40.66012,-73.96078,entire home/apt,98,5,11,2017-03-25,0.24,1,0
5720988,perfect studio in the west village,29664627,luis,manhattan,west village,40.73271,-74.00545,entire home/apt,200,2,8,2016-07-06,0.19,1,0
5725154,dntwn bk / boerum hill sky loft,29683852,lindsay,brooklyn,downtown brooklyn,40.68927,-73.98423,entire home/apt,150,1,2,2015-04-12,0.04,1,0
5727093,urban rustic room in artist's loft!,29693386,jeffrey,brooklyn,williamsburg,40.70506,-73.93201,private room,65,7,1,2015-04-08,0.02,1,0
5728014,cozy & quiet 1 br - lincoln center,29698290,allie,manhattan,upper west side,40.77655,-73.98074,entire home/apt,200,3,9,2019-01-01,0.19,1,0
5742795,big bedroom in huge loft. w.37thnyc,29786027,peter,manhattan,hell's kitchen,40.75437,-73.99334,private room,99,4,2,2015-06-14,0.04,1,0
5743959,private room available!,29792577,nina,manhattan,harlem,40.82171,-73.95515,private room,50,1,6,2016-08-16,0.12,1,0
5766895,charmingly rustic apt in ft greene,3448931,rachel,brooklyn,clinton hill,40.69174,-73.96872,entire home/apt,195,3,6,2017-05-29,0.12,1,0
5771361,newly renovated 2 bed 2 bath in ev,21191263,jonny,manhattan,east village,40.72915,-73.98866,entire home/apt,275,1,1,2015-03-30,0.02,1,0
5774245,bright peaceful clean | one bedroom,25859072,elizabeth,brooklyn,clinton hill,40.6896,-73.96761,entire home/apt,140,5,5,2017-10-03,0.1,1,0
5779471,new sunny east village apartment,1674428,jules,manhattan,east village,40.72478,-73.9755,entire home/apt,160,7,9,2016-11-13,0.24,1,0
5779752,east village with 2x balcony + roof,19498957,peter,manhattan,east village,40.72481,-73.98216,private room,125,3,4,2015-10-07,0.08,1,0
5790990,big private bedroom in williamsburg townhouse,8818661,jordan,brooklyn,williamsburg,40.71335,-73.9655,private room,70,3,16,2018-08-27,0.49,1,0
5791540,brooklyn heights gem,30046603,jane,brooklyn,brooklyn heights,40.69758,-73.99139,entire home/apt,200,2,2,2017-06-13,0.05,1,0
5792144,wall street luxury short term stay,15175443,val,manhattan,financial district,40.70471,-74.00817,private room,150,3,2,2015-07-28,0.04,1,0
5792453,renovated 1 bdrmunion sq/e.village,30050649,samantha,manhattan,east village,40.73141,-73.98737,entire home/apt,185,1,9,2016-11-06,0.24,1,0
5804184,dreamy belltower room in huge loft,30112106,john,brooklyn,bushwick,40.70033,-73.93964,private room,45,6,13,2019-06-23,0.25,1,0
5806687,comfortable bedroom in bushwick,18060780,jessica,brooklyn,bushwick,40.69611,-73.92258,private room,65,1,1,2015-05-05,0.02,1,0
5821886,"sunny,private,williamsburg 1bd apt",10553573,william,brooklyn,williamsburg,40.71122,-73.95602,entire home/apt,210,1,3,2015-07-01,0.06,1,0
5823337,beautiful 2br upper west side,30224326,matthew,manhattan,morningside heights,40.8063,-73.96268,entire home/apt,150,7,2,2016-08-11,0.05,1,0
5842819,"amazing apartment, heart of willy!",3560299,auminea,brooklyn,williamsburg,40.71671,-73.95591,private room,90,1,1,2015-06-03,0.02,1,0
5845124,beautiful astoria apartment,30346554,kristin,queens,astoria,40.76956,-73.91787,private room,75,2,6,2016-06-06,0.12,1,0
5846654,huge 1br on the upper east side,30354449,avraham,manhattan,upper east side,40.77139,-73.95766,entire home/apt,110,1,3,2016-02-14,0.07,1,0
5848422,doorman buildng studio-east village,13465396,ami,manhattan,east village,40.72956,-73.98613,entire home/apt,82,5,3,2016-01-20,0.07,1,0
5848515,sunny bedroom in the west village,28252018,ellie,manhattan,west village,40.73379,-74.00422,private room,90,1,5,2015-10-26,0.1,1,0
5850978,"huge, central & artsy park ave apt!",2843970,m&j,manhattan,flatiron district,40.74121,-73.98648,entire home/apt,220,1,1,2015-06-17,0.02,1,0
5851054,serenity in the heart of brooklyn,26440049,samantha,brooklyn,bushwick,40.70088,-73.91831,private room,95,3,12,2017-12-10,0.25,1,0
5856685,private room in “hipster times square”,4194830,stephanie,brooklyn,williamsburg,40.71047,-73.95732,private room,60,1,13,2019-04-23,0.39,1,0
5856760,"renovated 1br in exciting, convenient area",29408349,chad,manhattan,chinatown,40.7149,-73.99976,entire home/apt,179,5,7,2017-04-18,0.14,1,0
5861963,one bedroom apt,30436731,kristine,queens,astoria,40.76279,-73.92039,entire home/apt,90,2,16,2019-03-31,0.31,1,0
5869197,large/modern apt - lincoln center,30475154,cynthia,manhattan,upper west side,40.77636,-73.98937,entire home/apt,250,1,3,2015-12-28,0.07,1,0
5872177,sunny one bedroom-amazing location,9893040,sari,manhattan,chelsea,40.74302,-74.00015,entire home/apt,163,3,12,2016-05-12,0.24,1,0
5878382,"beautiful, bright and friendly",18527346,kaley,brooklyn,prospect heights,40.67417,-73.96518,private room,60,1,5,2016-06-12,0.1,1,0
5894720,bright lux 1br in williamsburg,8201914,faye,brooklyn,williamsburg,40.71124,-73.95256,entire home/apt,234,4,11,2018-08-26,0.23,1,0
5904490,spacious & sunny near mccarren park,30667498,cristina,brooklyn,greenpoint,40.72492,-73.95097,entire home/apt,175,1,1,2015-07-16,0.02,1,0
5904522,2 bedroom apartment in chelsea,30667653,adam,manhattan,chelsea,40.74621,-73.99119,entire home/apt,250,2,1,2015-10-26,0.02,1,0
5913433,spacious apartment in greenpoint,30710562,tim,brooklyn,greenpoint,40.7229,-73.94775,entire home/apt,125,2,5,2015-10-12,0.1,1,0
5915351,amazing apartment!,30719563,david,brooklyn,bedford-stuyvesant,40.67953,-73.95136,private room,150,7,12,2018-08-26,0.25,1,0
5917209,"secret garden apartment in bed stuy, brooklyn",7956482,lauren,brooklyn,bedford-stuyvesant,40.68701,-73.95412,entire home/apt,190,2,1,2017-06-26,0.04,1,0
5918356,heart of times square best location,2588808,arturo,manhattan,hell's kitchen,40.76115,-73.98707,entire home/apt,125,7,4,2018-02-19,0.08,1,0
5925550,classic 4 br brownstone,30768511,richard,brooklyn,park slope,40.67616,-73.97418,entire home/apt,275,5,1,2016-07-30,0.03,1,0
5935275,~*awesome room in lic w/ backyard*~,28846474,adam,queens,long island city,40.7477,-73.94438,private room,80,4,3,2015-09-02,0.06,1,0
5936796,room-convenient ues near everything,30824695,idamil,manhattan,upper east side,40.7817,-73.94613,private room,85,3,3,2017-08-16,0.09,1,0
5940868,sunlit gem in happening greenpoint,2862308,auran,brooklyn,greenpoint,40.72777,-73.95231,entire home/apt,75,2,6,2017-01-04,0.14,1,0
5943770,chambre privée près de central park,18002339,juliette,manhattan,upper west side,40.79788,-73.9618,private room,60,7,1,2015-06-15,0.02,1,0
5954466,sunny elegant parkside apartment,30909882,peter,brooklyn,greenpoint,40.72102,-73.94808,entire home/apt,175,5,21,2019-04-16,0.41,1,0
5992438,room in historic fort greene apt.,2537749,anna,brooklyn,fort greene,40.6942,-73.97104,private room,50,1,2,2016-09-23,0.06,1,0
5998890,classic brooklyn row house,5574620,lynn,brooklyn,crown heights,40.67215,-73.95753,entire home/apt,220,2,5,2015-08-11,0.1,1,0
5998978,small room in heart of manhattan,4198853,chad,manhattan,lower east side,40.71769,-73.98801,private room,125,1,1,2015-05-04,0.02,1,0
6006711,awesome place in the heart of ev,28429835,arpan,manhattan,east village,40.72753,-73.98749,private room,250,1,1,2015-05-22,0.02,1,0
6006837,large private bdrm in s. park slope,6527023,sehrish,brooklyn,sunset park,40.66343,-73.99324,private room,70,4,1,2015-05-13,0.02,1,0
6026166,perfect 1bd in east village,3372156,kate,manhattan,east village,40.7254,-73.98854,private room,125,3,2,2016-01-03,0.04,1,0
6026546,beautiful studio steps from the met,22613302,brittany,manhattan,upper east side,40.77793,-73.9602,entire home/apt,170,5,2,2015-10-05,0.04,1,0
6027485,1 bedroom in 3 bedroom apartment,31283971,ana,brooklyn,bedford-stuyvesant,40.68568,-73.95237,private room,38,3,1,2017-12-31,0.05,1,0
6029332,very private & large room wburg bk,1257611,arthur,brooklyn,williamsburg,40.71192,-73.94161,private room,110,2,4,2015-08-29,0.08,1,0
6029987,spacious & trendy uptown apartment,15635060,chris,manhattan,washington heights,40.84305,-73.94045,entire home/apt,125,2,10,2016-06-29,0.21,1,0
6031895,private bedroom near time square,6396863,tianhui,manhattan,theater district,40.76257,-73.98574,private room,60,1,1,2015-08-02,0.02,1,0
6043199,big room in central bk neighborhood,9745447,clara,brooklyn,bedford-stuyvesant,40.68915,-73.95116,private room,60,1,11,2017-10-08,0.32,1,0
6043733,cozy 1 br - prospect heights,6475110,meg,brooklyn,crown heights,40.67652,-73.96147,entire home/apt,100,2,3,2016-10-27,0.09,1,0
6048583,3 bedroom apartment - greenwich vlg,31389734,matt,manhattan,greenwich village,40.72966,-73.99787,entire home/apt,120,4,1,2015-08-22,0.02,1,0
6051856,homey room w/ lots of sunlight!,9828418,gabriela,manhattan,washington heights,40.84411,-73.93764,private room,45,2,3,2016-05-07,0.07,1,0
6052129,a charming & spacious flat in nyc,7809025,omri,manhattan,east harlem,40.79816,-73.94111,entire home/apt,149,4,14,2019-06-01,0.28,1,0
6054194,"bright, clean 1 bd 2 blks to trains",2568690,collin,queens,astoria,40.75673,-73.9253,entire home/apt,125,3,3,2015-06-11,0.06,1,0
6054864,"sunny, spacious, perfect location!",3088202,pete,brooklyn,carroll gardens,40.68051,-73.99743,entire home/apt,109,4,6,2017-03-05,0.12,1,0
6070899,spacious family apt block from park,13934385,jesse,manhattan,upper west side,40.77684,-73.97979,entire home/apt,175,5,2,2017-10-18,0.04,1,0
6071347,"cozy, entire apt, close to l train",3987736,marcel,brooklyn,bushwick,40.70069,-73.91114,entire home/apt,80,5,8,2017-09-08,0.16,1,0
6072842,convenient and cozy space!,31522185,dimitri,queens,astoria,40.76602,-73.91742,shared room,75,5,4,2016-08-28,0.08,1,0
6078788,"les  3 br apt, centrally located!",1820750,eric,manhattan,lower east side,40.72004,-73.98896,entire home/apt,257,3,11,2017-08-02,0.22,1,0
6079197,single private room near train 1,31555753,naichen,manhattan,upper west side,40.80272,-73.96634,private room,45,1,7,2015-08-02,0.14,1,0
6088910,charming 1 bed room/ exposed brick,31599293,courtney,manhattan,hell's kitchen,40.75749,-73.99657,entire home/apt,180,3,1,2015-05-04,0.02,1,0
6091224,sunny 1 bedroom in harlem!,2798394,dana,manhattan,harlem,40.80386,-73.95369,entire home/apt,105,4,9,2019-01-02,0.18,1,0
6092607,manhattan 1br for $2000/mo sublet,7271842,arlen,manhattan,washington heights,40.83987,-73.94279,entire home/apt,100,2,1,2016-11-01,0.03,1,0
6099485,enormous sunny room in prime clinton hill brooklyn,15763944,maral,brooklyn,clinton hill,40.69069,-73.96043,private room,68,3,2,2018-06-25,0.11,1,0
6103146,beautiful 1 br by prospect park,182477,shante,brooklyn,prospect-lefferts gardens,40.6566,-73.96148,entire home/apt,60,5,9,2018-04-18,0.19,1,0
6106142,studio apartment/ 3 blocks from central park,2077383,tatiana,manhattan,upper east side,40.77724,-73.95883,entire home/apt,75,3,3,2016-06-14,0.06,1,0
6114161,beautiful apartment in soho,21327551,liza,manhattan,nolita,40.72191,-73.99587,private room,125,1,1,2015-05-19,0.02,1,0
6114353,"ideal ""hotel style"" bedroom in les",16923190,chris,manhattan,lower east side,40.71974,-73.98549,private room,89,3,19,2019-01-01,0.41,1,0
6131266,big sunny room in crown heights,3940516,ali,brooklyn,crown heights,40.67331,-73.95863,private room,55,1,1,2015-05-15,0.02,1,0
6133150,spend your fall in bed-stuy,31817441,andré,brooklyn,bedford-stuyvesant,40.68227,-73.93305,private room,52,2,1,2015-11-01,0.02,1,0
6142960,cleanlovely 1br apt in clinton hill,10520210,scarlet,brooklyn,bedford-stuyvesant,40.69315,-73.95998,entire home/apt,110,2,19,2016-06-10,0.44,1,0
6145124,spacious bedroom in brooklyn,31876574,morteza,brooklyn,crown heights,40.66739,-73.9501,private room,44,1,1,2015-05-21,0.02,1,0
6149507,2b williamsburg loft apartment,21558108,emma,brooklyn,williamsburg,40.712,-73.96666,entire home/apt,157,1,1,2015-05-07,0.02,1,0
6150778,guest suite in prime williamsburg,608113,adam,brooklyn,williamsburg,40.71059,-73.9506,private room,80,4,1,2015-05-20,0.02,1,0
6151450,large room in hamilton heights,26790498,esther,manhattan,harlem,40.82366,-73.9461,private room,50,3,1,2018-05-28,0.07,1,0
6155857,heart of west village cozy apt,7573842,christina,manhattan,west village,40.73405,-74.00283,entire home/apt,250,3,1,2016-07-21,0.03,1,0
6156319,bright studio perfect for the wknd!,7775447,sara,manhattan,upper east side,40.78073,-73.94976,entire home/apt,185,1,4,2015-12-07,0.08,1,0
6156442,2 bedroom in hell's kitchen,31937844,ryan,manhattan,hell's kitchen,40.76329,-73.99554,entire home/apt,130,1,2,2015-04-28,0.04,1,0
6163657,cosy and sunny studio for you!,6090087,giulia,manhattan,upper east side,40.77253,-73.95789,entire home/apt,120,1,9,2017-01-02,0.18,1,0
6165032,entire apt right at the park!,25406101,sara,brooklyn,prospect-lefferts gardens,40.66216,-73.96114,entire home/apt,123,2,2,2015-07-27,0.04,1,0
6167683,charming one bedroom central park,25228783,laurence,manhattan,upper west side,40.77804,-73.97611,entire home/apt,210,6,7,2017-08-26,0.14,1,0
6167817,sunny studio west village/chelsea,31997128,rachel,manhattan,west village,40.73905,-74.0014,entire home/apt,139,3,4,2016-09-05,0.08,1,0
6168331,sun-filled living room with futon!,32001723,lena,brooklyn,bushwick,40.69505,-73.93161,shared room,45,1,1,2015-05-05,0.02,1,0
6168663,private bedroom in sunny apt,15743117,alice,manhattan,harlem,40.81192,-73.95239,private room,79,5,2,2015-10-07,0.04,1,0
6169981,spacious gramercy penthouse studio,32011239,mike,manhattan,gramercy,40.73556,-73.98679,entire home/apt,200,2,14,2016-09-10,0.28,1,0
6179500,"ideal location, spacious ibr",26819117,sagnes,manhattan,kips bay,40.74174,-73.97878,private room,115,7,1,2015-05-31,0.02,1,0
6184748,"sunny, charming williamsburg 1-br",8389213,danny,brooklyn,williamsburg,40.70778,-73.94953,entire home/apt,125,4,7,2016-09-29,0.14,1,0
6184827,large and beautiful 1 bedroom in bushwick,1912541,clayton,brooklyn,bushwick,40.68994,-73.92125,entire home/apt,100,2,3,2015-08-19,0.06,1,0
6184855,artist loft  heart of williamsburg,23593179,alexander,brooklyn,williamsburg,40.71998,-73.95838,entire home/apt,195,2,3,2015-06-20,0.06,1,0
6188014,spacious 1 br near central park!,32096696,matt,manhattan,upper west side,40.77901,-73.97596,entire home/apt,220,1,4,2016-01-03,0.08,1,0
6188022,handsome historic greenpoint 2br,1811344,jennifer,brooklyn,greenpoint,40.73163,-73.95434,entire home/apt,225,3,1,2015-08-01,0.02,1,0
6196265,charming house in astoria,10618197,ambre,queens,ditmars steinway,40.7802,-73.90913,entire home/apt,150,7,1,2015-07-02,0.02,1,0
6196860,comfy convenient apt. by the trains,32135311,oliver,manhattan,inwood,40.85901,-73.92874,entire home/apt,79,4,4,2016-01-20,0.09,1,0
6198636,studio steps from park & train!,31877774,alexandra,manhattan,upper west side,40.77889,-73.98155,entire home/apt,190,2,1,2015-05-22,0.02,1,0
6208002,oasis in manhattan on hudson river!,15498912,ksenia,manhattan,washington heights,40.85677,-73.93715,private room,70,3,14,2019-05-30,0.3,1,0
6208855,upper east side - private room,32195844,jiaying,manhattan,upper east side,40.78428,-73.94872,private room,85,4,1,2015-05-19,0.02,1,0
6209084,spacious room in williamsburg,14772147,javier,brooklyn,williamsburg,40.71295,-73.93716,private room,50,4,2,2016-01-21,0.04,1,0
6209799,"spacious, new studio, in gramercy",7894614,daniel,manhattan,gramercy,40.73697,-73.98074,entire home/apt,150,7,5,2015-08-24,0.1,1,0
6225935,columbia university in manhattan,19682564,yi,manhattan,upper west side,40.80301,-73.96644,private room,70,4,2,2015-06-28,0.04,1,0
6234329,luxury 1 bedroom in astoria,13324888,duygu,queens,astoria,40.77262,-73.92364,entire home/apt,200,7,2,2016-09-18,0.04,1,0
6244461,bright studio in the heart of brooklyn,7290581,juliana,brooklyn,prospect heights,40.67847,-73.96694,entire home/apt,150,2,2,2017-01-14,0.06,1,0
6245408,sweet harlem studio,7038817,sarah,manhattan,harlem,40.80373,-73.95523,entire home/apt,105,5,5,2016-12-30,0.1,1,0
6246559,"quiet, sunny studio in downtown nyc",519483,ashley,manhattan,east village,40.72587,-73.98244,entire home/apt,125,2,3,2015-10-30,0.06,1,0
6246681,sun-drenched williamsburg apartment,27428499,allyssa,brooklyn,williamsburg,40.71475,-73.93782,entire home/apt,190,2,1,2015-09-28,0.02,1,0
6247466,comfy room in e williamsburg loft,4336757,geoff,brooklyn,williamsburg,40.71905,-73.93905,private room,55,3,4,2015-08-26,0.08,1,0
6248093,beautiful ues apt w/ door man,32443084,jordan,manhattan,upper east side,40.76288,-73.96084,entire home/apt,130,3,2,2015-12-28,0.04,1,0
6249740,"brooklyn brownstone, 3-bdr & garden",6493905,christine,brooklyn,bedford-stuyvesant,40.68537,-73.95402,entire home/apt,199,3,10,2018-11-24,0.2,1,0
6255407,cozy & bright 1 bedroom,8095903,christelle,manhattan,harlem,40.82903,-73.94123,entire home/apt,100,1,2,2015-08-26,0.04,1,0
6257715,sunny top floor of a brownstone,1856829,annie,brooklyn,fort greene,40.68559,-73.96932,entire home/apt,100,2,1,2015-05-10,0.02,1,0
6259928,private bedroom in st. marks place,31405259,oliver,manhattan,east village,40.72745,-73.98362,private room,75,6,3,2017-01-07,0.06,1,0
6262496,bedroom right in chelsea!,4582357,dennis,manhattan,chelsea,40.73889,-73.99749,private room,150,1,1,2015-05-06,0.02,1,0
6262536,centrally located studio - times sq,405555,prerna,manhattan,theater district,40.76295,-73.98435,entire home/apt,230,1,1,2015-06-05,0.02,1,0
6278513,little brownstone,29111260,kham,brooklyn,bedford-stuyvesant,40.69148,-73.9388,private room,55,1,2,2016-06-17,0.05,1,0
6286307,terrific location in prospect heights,1771148,alex & laura,brooklyn,crown heights,40.67809,-73.95903,private room,62,4,12,2016-09-02,0.24,1,0
6287961,east village oasis,4405241,guy,manhattan,east village,40.73112,-73.98364,entire home/apt,230,6,6,2019-02-18,0.13,1,0
6291454,spacious & sunny williamsburg apt,20565470,branden,brooklyn,williamsburg,40.71859,-73.95598,entire home/apt,140,3,2,2015-06-18,0.04,1,0
6291568,2 bedroom in wburg w/ living room,987621,tommy,brooklyn,williamsburg,40.70792,-73.94274,private room,80,1,2,2015-05-25,0.04,1,0
6292893,great east village studio,2563284,jonas,manhattan,east village,40.72232,-73.98289,entire home/apt,120,3,6,2016-11-06,0.12,1,0
6300424,sunny room! block from park! sweet!,19575935,dov,brooklyn,greenpoint,40.72469,-73.95099,private room,80,1,2,2016-04-03,0.05,1,0
6301965,beautiful soho loft,655506,silvia,manhattan,soho,40.7234,-73.99967,entire home/apt,16,3,3,2018-01-08,0.16,1,0
6302460,private bedroom and office,21211868,cliff,brooklyn,bedford-stuyvesant,40.68728,-73.94104,private room,55,5,1,2015-06-21,0.02,1,0
6302996,spacious room in washington heights,18671223,josette,manhattan,washington heights,40.84773,-73.93346,private room,45,1,1,2015-06-26,0.02,1,0
6304307,charming 1br apt in williamsburg!,10384362,michael,brooklyn,williamsburg,40.716,-73.94666,entire home/apt,140,2,7,2017-05-27,0.14,1,0
6304928,huge backyard  - williamsburg loft,886705,nicholas,brooklyn,williamsburg,40.71749,-73.96525,entire home/apt,249,2,4,2015-06-22,0.08,1,0
6309328,bboho room in williamsburg/bushwick,30494262,sanam,brooklyn,bushwick,40.70227,-73.92926,private room,55,2,4,2016-05-18,0.08,1,0
6311716,1 bedroom greenpoint close to all,32826638,nadia,brooklyn,greenpoint,40.73284,-73.95822,entire home/apt,135,3,2,2015-08-14,0.04,1,0
6311978,les private room in 3br apt,4309521,sarah,manhattan,lower east side,40.71959,-73.98984,private room,60,1,1,2016-01-05,0.02,1,0
6316666,sunny private room in park slope,1231888,alejandra,brooklyn,park slope,40.67173,-73.97724,private room,70,1,1,2015-07-01,0.02,1,0
6322937,large sunny nyc entire apt 15 mins!,80447,francesca,queens,long island city,40.7645,-73.93181,entire home/apt,115,5,6,2016-10-16,0.13,1,0
6326345,comfortable private room brooklyn,23589288,fabian,brooklyn,bedford-stuyvesant,40.68851,-73.9574,private room,60,3,9,2017-01-16,0.18,1,0
6326568,w village - 3 br -  5/31 to 7/2,32924122,jeffrey,manhattan,west village,40.73623,-74.00036,entire home/apt,207,1,1,2015-06-29,0.02,1,0
6326959,unique 1br near columbia medical,16152105,marc,manhattan,washington heights,40.8531,-73.94091,entire home/apt,125,7,6,2018-02-01,0.13,1,0
6327529,beautiful west village apartment,27289127,joel,manhattan,west village,40.74039,-74.00665,entire home/apt,200,5,3,2016-01-01,0.06,1,0
6328046,spacious 1bdr apartment upper west side,31033526,natalia,manhattan,upper west side,40.79466,-73.96623,entire home/apt,141,7,4,2018-06-17,0.16,1,0
6328175,large apartment near columbia univ,25697753,eduardo,manhattan,morningside heights,40.80692,-73.96434,entire home/apt,120,4,2,2016-06-22,0.04,1,0
6331598,stylish apt in the heart of bedstuy,32958503,shatia,brooklyn,bedford-stuyvesant,40.686,-73.93793,entire home/apt,90,1,2,2016-09-21,0.04,1,0
6335490,best location in nyc!,4365980,benjamin,manhattan,gramercy,40.73481,-73.98669,entire home/apt,194,2,8,2017-01-19,0.16,1,0
6337725,cozy harlem 1bd 15 mins to midtown,33000709,casey,manhattan,harlem,40.81412,-73.95185,entire home/apt,140,2,2,2015-08-27,0.04,1,0
6342741,private bedroom & bathroom  tribeca,29893120,marco,manhattan,tribeca,40.71466,-74.00802,private room,89,3,9,2016-05-13,0.18,1,0
6343619,room in historical crown heights,33037772,acadia,brooklyn,crown heights,40.66756,-73.95187,private room,55,1,5,2015-08-26,0.1,1,0
6345728,dwtn 1 bedroom w/spectacular views,13275837,jaime,manhattan,greenwich village,40.73109,-73.99411,entire home/apt,190,3,7,2017-04-10,0.15,1,0
6347548,furnished room with view of e river,33063310,judy,manhattan,kips bay,40.73789,-73.97493,private room,113,1,2,2015-06-29,0.04,1,0
6347713,huge private room in the best location,33064443,judy,manhattan,flatiron district,40.74169,-73.9933,private room,95,3,1,2017-07-14,0.04,1,0
6349111,perfect location!,10562062,dajana,manhattan,east village,40.72297,-73.98604,private room,190,2,1,2015-05-25,0.02,1,0
6356359,gorgeous home steps from the park!,31600563,beatrice,brooklyn,park slope,40.67194,-73.97247,entire home/apt,152,3,1,2015-06-02,0.02,1,0
6356366,extra large 1 bdroom sunny/spacious,33113275,iz,manhattan,east village,40.72872,-73.98043,entire home/apt,249,3,3,2015-10-21,0.06,1,0
6357527,great uws studio apartment,18762837,gino,manhattan,upper west side,40.79159,-73.97809,entire home/apt,130,2,3,2015-05-29,0.06,1,0
6358723,2 bedroom duplex,33125859,sylvia,brooklyn,prospect heights,40.67758,-73.97239,entire home/apt,145,3,18,2019-06-25,0.37,1,0
6359266,"1 train, delis, duane read,eat outs",33128992,sundar,manhattan,morningside heights,40.81444,-73.95863,private room,75,1,1,2015-05-18,0.02,1,0
6362227,"cozy room with beautiful yard and huge, soft bed",28645487,ilana,brooklyn,bushwick,40.6952,-73.92396,private room,50,4,11,2018-09-23,0.48,1,0
6363059,fidi brand new studio on 33th floor,33152462,elly,manhattan,financial district,40.70778,-74.00685,entire home/apt,150,1,9,2015-07-11,0.18,1,0
6364086,spacious luxury studio-96th and wea,3471132,robin,manhattan,upper west side,40.7966,-73.97154,entire home/apt,190,4,8,2016-11-27,0.16,1,0
6364117,lovely lofted room in uws,7532832,wing-yee,manhattan,upper west side,40.80066,-73.96941,private room,125,1,1,2015-06-09,0.02,1,0
6364280,breathtaking light & view west village apartment,4358400,shehzad,manhattan,west village,40.73707,-74.00524,private room,150,1,1,2015-05-26,0.02,1,0
6370889,1 bd in washington heights,33198779,catherine,manhattan,washington heights,40.84064,-73.93727,private room,35,1,4,2015-10-31,0.08,1,0
6371504,sunny upper west side summer rental,26484511,emily,manhattan,upper west side,40.78293,-73.97667,entire home/apt,175,3,4,2016-06-18,0.08,1,0
6371593,fantastic apt. amazing les location,11740479,brian,manhattan,lower east side,40.71818,-73.9935,entire home/apt,249,1,6,2015-12-30,0.12,1,0
6373790,enjoy a comfy apartment on the uws,26818265,gat,manhattan,upper west side,40.79745,-73.96916,entire home/apt,280,1,1,2015-07-05,0.02,1,0
6374545,studio one block from central park,33221872,jocelyn,manhattan,upper west side,40.78587,-73.97181,entire home/apt,200,7,3,2015-08-21,0.06,1,0
6376606,"gramercy apt, private bedroom",33234599,smit,manhattan,kips bay,40.74025,-73.98323,private room,64,3,4,2016-04-13,0.08,1,0
6377624,duplex garden brownstone apt,25472836,maeva & aaron,brooklyn,clinton hill,40.68672,-73.96376,entire home/apt,145,2,2,2016-08-10,0.06,1,0
6384560,sublet in furnished master bedroom,4233168,kim,brooklyn,prospect-lefferts gardens,40.65628,-73.95753,private room,75,1,1,2015-07-10,0.02,1,0
6385364,front bdrm in massive nolita loft,3922258,alex,manhattan,lower east side,40.7188,-73.99452,private room,100,1,1,2015-08-10,0.02,1,0
6387739,"room in bushwick, brooklyn",33297467,camilla,brooklyn,bushwick,40.70104,-73.92278,private room,39,4,4,2018-12-17,0.13,1,0
6388721,"amazing windows, large west village one-bedroom",3269171,alison,manhattan,west village,40.73507,-74.00826,entire home/apt,239,2,6,2017-01-01,0.18,1,0
6390092,desirable apt. in prime location,33159253,julianne,brooklyn,williamsburg,40.71999,-73.94551,entire home/apt,125,1,1,2015-05-29,0.02,1,0
6391062,"cozy, artistic room in brooklyn apt",5972246,elle,brooklyn,bedford-stuyvesant,40.68217,-73.9534,private room,45,3,3,2018-01-07,0.06,1,0
6391286,private room in spacious house,3911265,ali,queens,long island city,40.75405,-73.93717,private room,60,7,1,2015-10-01,0.02,1,0
6397963,room in bushburg apt w/ rooftop,21894410,jordan,brooklyn,williamsburg,40.70125,-73.94061,private room,95,1,3,2016-03-28,0.06,1,0
6400482,"new! safe, bright in the heights",15195194,akiea,manhattan,washington heights,40.839,-73.94543,entire home/apt,115,1,4,2015-07-30,0.08,1,0
6400649,cosy bedroom in typical brownstone,11731168,candice,brooklyn,boerum hill,40.68848,-73.99009,private room,65,2,6,2016-07-06,0.13,1,0
6402424,bright private room in williamsburg!,7256646,surabhi,brooklyn,williamsburg,40.70609,-73.95332,private room,120,1,3,2016-06-26,0.08,1,0
6402712,private room in astoria,30166510,alina,queens,astoria,40.77006,-73.93043,private room,50,1,1,2015-08-10,0.02,1,0
6402807,stylish central 1 br apartment,6354467,robert,manhattan,chelsea,40.74476,-73.99862,entire home/apt,100,4,4,2017-01-03,0.09,1,0
6403755,entire williamsburg music lovers palace―1 blk to l,33396510,christopher,brooklyn,williamsburg,40.70745,-73.94223,entire home/apt,59,7,9,2019-06-12,0.19,1,0
6405859,eclectic williamsburg townhouse,10396710,robbie,brooklyn,williamsburg,40.70933,-73.95577,private room,56,3,2,2016-06-13,0.04,1,0
6407534,"clean, bright, renovated apt in lower east side",5919678,carole,manhattan,lower east side,40.71983,-73.98801,entire home/apt,140,5,8,2018-06-14,0.16,1,0
6408849,modern nyc apartment,33426004,joshua,manhattan,murray hill,40.74583,-73.97834,entire home/apt,160,1,5,2015-09-25,0.1,1,0
6416714,1 private bedroom in williamsburg,24448775,mo,brooklyn,williamsburg,40.70883,-73.94068,private room,85,4,4,2015-09-19,0.08,1,0
6420850,great sunny room in a fun house,2216353,kat,brooklyn,bedford-stuyvesant,40.69435,-73.93294,private room,100,1,1,2015-06-09,0.02,1,0
6421011,"cozy ""jr."" 1b, historic brownstone",33499491,seth,brooklyn,crown heights,40.67699,-73.95179,entire home/apt,110,1,5,2016-01-01,0.1,1,0
6421335,cozy room near les/chinatown,6680071,billy,manhattan,chinatown,40.71489,-73.99168,private room,80,5,1,2015-05-25,0.02,1,0
6422762,cozy room in ues apartment,13341919,jennifer,manhattan,upper east side,40.78396,-73.95218,private room,110,2,3,2015-12-27,0.06,1,0
6423521,private room w/ access to terrace,33513998,mackenzie,manhattan,upper west side,40.77883,-73.97494,private room,160,1,7,2016-05-21,0.14,1,0
6423799,uws studio,26624082,maurine,manhattan,upper west side,40.78885,-73.98013,entire home/apt,90,4,1,2016-03-26,0.03,1,0
6425712,roomy and quiet 2br in manhattan!,16598550,candace,manhattan,washington heights,40.85516,-73.9378,entire home/apt,200,1,2,2015-06-27,0.04,1,0
6425850,"spacious, charming studio",32715865,yelena,manhattan,upper west side,40.79169,-73.97498,entire home/apt,86,1,5,2017-09-23,0.13,1,0
6428581,nolita room - convenient & quaint,3760161,sharmilli,manhattan,nolita,40.72066,-73.99566,private room,95,4,1,2016-06-11,0.03,1,0
6432836,enormous bedroom in uws 2-bed,19251040,barr,manhattan,upper west side,40.79275,-73.97199,private room,90,3,1,2015-06-11,0.02,1,0
6437347,cosy williamsburg,7108862,estelle,brooklyn,williamsburg,40.7103,-73.96622,private room,75,4,2,2015-06-13,0.04,1,0
6445126,williamsburg 2 bedroom,32850071,mary kate,brooklyn,williamsburg,40.71411,-73.95771,entire home/apt,150,2,1,2015-05-25,0.02,1,0
6447797,l.e.s. / chinatown,33616159,jada,manhattan,chinatown,40.71762,-73.99328,private room,89,4,3,2015-09-29,0.06,1,0
6449002,soho/greenwich village 1br apt,11179499,jeffrey,manhattan,greenwich village,40.72846,-74.00113,entire home/apt,180,3,2,2015-05-31,0.04,1,0
6449238,astoria next to beer garden!,517772,faye,queens,ditmars steinway,40.77387,-73.91778,entire home/apt,70,4,2,2015-09-17,0.04,1,0
6450240,brooklyn cute room + private bath!,4498389,zuzi,brooklyn,clinton hill,40.68384,-73.96042,private room,70,1,4,2015-10-26,0.08,1,0
6451892,spacious room is park slope,20192028,alexander,brooklyn,gowanus,40.66683,-73.99308,private room,55,1,1,2015-06-16,0.02,1,0
6452019,loft studio midtown lux doorman,17408676,patrick,manhattan,midtown,40.74957,-73.98255,entire home/apt,195,3,5,2018-05-19,0.1,1,0
6452251,modern 1br next to central park,33433635,casey,manhattan,harlem,40.80273,-73.95748,entire home/apt,170,3,1,2015-07-18,0.02,1,0
6452940,spacious studio in midtown,19475826,mark,manhattan,murray hill,40.7487,-73.97358,entire home/apt,125,2,21,2016-12-30,0.44,1,0
6459617,prime williamsburg loft next to bedford l,1531125,marek,brooklyn,williamsburg,40.71741,-73.95555,entire home/apt,215,3,14,2018-09-28,0.33,1,0
6481924,"brooklyn, sundrenched & peaceful",1862576,gan,brooklyn,sunset park,40.65168,-74.00178,entire home/apt,105,7,3,2016-01-06,0.06,1,0
6487196,huge&bright room in greenwich vill.,3263765,shef,manhattan,greenwich village,40.72986,-73.99468,private room,75,2,4,2015-11-02,0.08,1,0
6487933,bk heights apartment for cat lovers,14063,meredith & dave,brooklyn,brooklyn heights,40.7007,-73.99257,entire home/apt,150,5,15,2017-08-04,0.31,1,0
6491278,cozy home in williamsburg!,818508,souheil,brooklyn,williamsburg,40.71515,-73.94798,entire home/apt,100,7,15,2018-12-16,0.3,1,0
6492190,live like a real new yorker right by central park,1982268,chloe,manhattan,upper west side,40.79,-73.97318,entire home/apt,220,2,13,2018-08-25,0.26,1,0
6492864,private artisitic room east village,1480124,goldwyn,manhattan,east village,40.72174,-73.98418,private room,82,3,11,2015-09-26,0.23,1,0
6499058,great upper east side location!,33970775,mcclain,manhattan,upper east side,40.764,-73.9587,entire home/apt,135,3,11,2016-05-30,0.22,1,0
6499870,kid friendly 2 bedroom in harlem,33975064,jessica,manhattan,harlem,40.80571,-73.95429,entire home/apt,150,3,2,2016-08-06,0.04,1,0
6502493,stylish apartment in great west village location,14231957,milan,manhattan,west village,40.73408,-74.00263,entire home/apt,250,2,5,2016-09-20,0.14,1,0
6505898,riverside and 160th--long stay,34009194,seán,manhattan,washington heights,40.83771,-73.94638,entire home/apt,200,2,1,2015-06-30,0.02,1,0
6506449,"large, charming studio on uws",34013546,yelena,manhattan,upper west side,40.79324,-73.97489,entire home/apt,140,1,2,2015-06-22,0.04,1,0
6509338,vintage 1b artist loft in brooklyn,25441469,kyle,brooklyn,prospect-lefferts gardens,40.6587,-73.95911,entire home/apt,85,2,2,2018-03-04,0.09,1,0
6512429,charming park slope 1br w/ patio,34049419,becky and john,brooklyn,south slope,40.6675,-73.98898,entire home/apt,140,3,14,2016-08-18,0.28,1,0
6512929,large studio on the upper east side,34052554,whitney,manhattan,upper east side,40.77499,-73.94875,entire home/apt,120,1,1,2015-06-29,0.02,1,0
6515562,studio in the east village,14979188,esther,manhattan,east village,40.72781,-73.9862,entire home/apt,110,4,3,2015-08-27,0.06,1,0
6524806,great room for couples on a budget!,34124276,nicole,queens,long island city,40.75235,-73.93714,private room,52,1,4,2016-07-28,0.08,1,0
6525622,garden apt.  east village ny,33733944,john,manhattan,east village,40.72152,-73.97761,entire home/apt,125,1,4,2017-09-04,0.09,1,0
6528103,spacious bedroom in astoria,34143084,sam,queens,astoria,40.77238,-73.92446,private room,53,3,2,2018-12-29,0.22,1,0
6536719,perfect room in brooklyn,34186180,grant,brooklyn,bushwick,40.70252,-73.9279,private room,80,7,2,2015-07-25,0.04,1,0
6539114,private room in williamsburg apt,111837,emeka,brooklyn,williamsburg,40.71145,-73.95302,private room,78,2,1,2015-06-16,0.02,1,0
6541214,huge one bedroom apartment,7155183,stephanie,brooklyn,crown heights,40.67191,-73.95265,entire home/apt,115,5,1,2015-08-23,0.02,1,0
6542603,private one bedroom in williamsburg,3057531,jeffrey,brooklyn,williamsburg,40.71839,-73.94329,entire home/apt,175,3,10,2019-01-05,0.2,1,0
6543312,lovely 1 br duplex in prime chelsea,18342421,patty,manhattan,chelsea,40.73963,-73.99898,entire home/apt,175,4,5,2017-01-05,0.1,1,0
6543852,sunny apt. in historic harlem bldg.,2482106,jennifer,manhattan,harlem,40.82553,-73.93875,private room,63,1,6,2016-05-18,0.13,1,0
6550596,studio-heart of harlem****,34262042,jodil h.,manhattan,harlem,40.81781,-73.9347,entire home/apt,75,2,15,2018-12-19,0.32,1,0
6553874,"perfect 1 br, elevator, best area!!",34276823,mike,manhattan,west village,40.73626,-74.00181,entire home/apt,264,2,5,2017-01-01,0.12,1,0
6554833,fun & trendy kid friendly family home,33125778,kt,brooklyn,bedford-stuyvesant,40.68683,-73.95466,entire home/apt,215,3,5,2017-07-23,0.1,1,0
6555586,a 2br oasis in red hook,34285520,penny,brooklyn,red hook,40.67811,-74.00606,entire home/apt,145,7,2,2015-09-01,0.04,1,0
6555997,"sunny, clean & spacious in the les",11513446,erica,manhattan,lower east side,40.71908,-73.99446,entire home/apt,150,3,2,2016-01-01,0.04,1,0
6556848,bright and airy brooklyn abode,9119676,angeline,brooklyn,prospect heights,40.6815,-73.97309,entire home/apt,175,2,10,2015-12-28,0.2,1,0
6559985,big bright bushwick loft 2 blocks from jefferson l,3531344,eleanor & greg,brooklyn,bushwick,40.70755,-73.92277,entire home/apt,150,3,16,2018-09-02,0.33,1,0
6560165,large upper west side 1 bedroom,23311838,adrianna,manhattan,upper west side,40.7791,-73.98565,entire home/apt,175,1,4,2016-06-11,0.08,1,0
6568523,2 bdrm in luxury condo on hudson,33459378,karen,manhattan,battery park city,40.7101,-74.01721,entire home/apt,195,7,2,2015-08-16,0.04,1,0
6571441,brooklyn brownstone master bedroom,31458100,drew,brooklyn,bedford-stuyvesant,40.68527,-73.95307,private room,53,2,11,2016-04-11,0.23,1,0
6576327,"manhattan uptown 2/b, excellent for big family",33680030,ruby,manhattan,harlem,40.82033,-73.95632,entire home/apt,120,1,3,2015-07-28,0.06,1,0
6585852,1 bedroom close to central park,1263574,lauren,manhattan,upper west side,40.80133,-73.96574,private room,60,4,5,2015-07-22,0.1,1,0
6590549,luxury 1bdrm w/ private terrace,6495511,kari,brooklyn,williamsburg,40.71214,-73.95111,entire home/apt,175,3,5,2016-08-15,0.1,1,0
6590569,private bedroom in chelsea,20113500,clement,manhattan,chelsea,40.74465,-73.9955,private room,110,3,2,2015-09-06,0.04,1,0
6599302,"an entire, lovely nyc apartment",15386409,mateo,manhattan,harlem,40.82879,-73.93821,entire home/apt,80,3,3,2017-08-15,0.06,1,0
6601120,entire place in williamsburg. rustic den.,34534668,gohe,brooklyn,williamsburg,40.71297,-73.96409,entire home/apt,165,2,5,2018-04-29,0.27,1,0
6601683,sunny lrg 1 br in chilled bushwick,5226684,kate,brooklyn,bushwick,40.70338,-73.91374,private room,45,1,2,2015-08-07,0.04,1,0
6609293,spacious brownstone apt in park sl,26228337,jon,brooklyn,park slope,40.6801,-73.97918,entire home/apt,120,7,20,2018-05-18,0.43,1,0
6612941,1 bedroom apt. sunnyside queens!,33976673,jake,queens,sunnyside,40.74137,-73.9234,private room,60,7,11,2015-09-29,0.22,1,0
6619100,cozy studio in the heart of chelsea,34642925,anastasia,manhattan,chelsea,40.74327,-73.99807,entire home/apt,230,2,1,2015-06-07,0.02,1,0
6622389,bright and spacious in trendy area,5025809,sarah,brooklyn,crown heights,40.6737,-73.95913,entire home/apt,100,1,1,2015-07-06,0.02,1,0
6627016,spacious 1br in prime williamsburg,263614,justin,brooklyn,williamsburg,40.71932,-73.95446,entire home/apt,250,3,1,2015-06-25,0.02,1,0
6627254,private room - perfect location!,10899109,dave & nat,brooklyn,south slope,40.66526,-73.98449,private room,100,2,1,2015-06-26,0.02,1,0
6628117,cozy room in heart of williamsburg,24839107,brittany,brooklyn,williamsburg,40.71681,-73.96141,private room,80,1,7,2015-11-02,0.14,1,0
6636968,1 br and a sleeper sofa,34738375,robert,brooklyn,prospect-lefferts gardens,40.66205,-73.96301,entire home/apt,150,5,12,2018-01-04,0.34,1,0
6637311,spacious contemporary nomad loft,34740215,previn,manhattan,midtown,40.74801,-73.98817,entire home/apt,225,3,11,2016-05-16,0.23,1,0
6638377,lightfilled studio in brooklyn,31889552,chris,brooklyn,fort greene,40.68711,-73.9747,entire home/apt,95,3,1,2015-07-27,0.02,1,0
6638446,"modern, spacious 2br apartment",23032146,florian,manhattan,washington heights,40.84239,-73.93574,entire home/apt,139,4,3,2016-09-27,0.07,1,0
6644669,1 bedroom upper west side apartment,34779392,joseph,manhattan,upper west side,40.77689,-73.98103,entire home/apt,135,5,8,2019-05-18,0.16,1,0
6645263,brooklyn at its finest,351650,nick,brooklyn,williamsburg,40.71084,-73.96557,entire home/apt,175,3,2,2016-07-06,0.05,1,0
6646009,loft space in south williamsburg!,4580943,brian,brooklyn,williamsburg,40.70569,-73.95329,private room,50,1,1,2015-06-12,0.02,1,0
6649555,amazing 1br - heart of west village,20700509,gunnar,manhattan,west village,40.73592,-74.00492,entire home/apt,169,4,11,2016-03-19,0.22,1,0
6650704,"beautiful, comfortable park slope home",18081869,francesca,brooklyn,south slope,40.66561,-73.98843,entire home/apt,173,3,1,2015-07-27,0.02,1,0
6652353,bienvenue à ny - 2bdm with a view,7106617,nacer,manhattan,upper west side,40.79828,-73.97231,entire home/apt,150,5,6,2016-08-30,0.12,1,0
6654081,4-br townhouse on quiet brooklyn block,2979971,anna,brooklyn,prospect-lefferts gardens,40.66016,-73.95382,entire home/apt,205,3,1,2019-01-06,0.16,1,0
6655786,"sunny, modern 1 bedroom condo",7088466,carly,brooklyn,prospect heights,40.67904,-73.967,entire home/apt,165,2,13,2016-07-04,0.27,1,0
6657134,"spacious 2br/2ba, great location!",1131394,jeremy,manhattan,upper east side,40.78071,-73.95309,entire home/apt,240,5,4,2019-02-23,0.09,1,0
6657454,spacious & sunny in clinton hill :),6913285,marc,brooklyn,bedford-stuyvesant,40.69154,-73.95544,entire home/apt,95,5,4,2016-06-03,0.08,1,0
6659371,cute mid-century bushwick sleeps 3!,192349,peter,brooklyn,bushwick,40.70323,-73.92836,entire home/apt,99,1,3,2015-09-09,0.06,1,0
6660816,light filled apartment on tree-lined street,1546620,alison,brooklyn,bedford-stuyvesant,40.68657,-73.94072,entire home/apt,100,3,1,2016-10-06,0.03,1,0
6661923,"hell´s kitchen, cozy functional 2br",15008796,admir,manhattan,hell's kitchen,40.7611,-73.99316,entire home/apt,150,4,1,2015-07-05,0.02,1,0
6673630,stylish l.e.s studio,6591262,natasha,manhattan,lower east side,40.71661,-73.98916,entire home/apt,150,3,1,2015-08-01,0.02,1,0
6674155,upper east side alcove studio,1208337,sandra,manhattan,upper east side,40.76832,-73.96118,entire home/apt,200,1,4,2016-01-31,0.08,1,0
6679063,luxury apt near time square,7409073,leiya,manhattan,hell's kitchen,40.75885,-73.99584,private room,130,7,2,2015-11-07,0.04,1,0
6684697,"modern williamsburg apt w/gym, roof",315082,nicholas,brooklyn,williamsburg,40.70877,-73.94889,entire home/apt,125,3,20,2017-05-07,0.4,1,0
6686140,1 bedroom apartment in nolita,6743604,lauren,manhattan,nolita,40.72227,-73.99526,entire home/apt,130,1,13,2016-10-09,0.26,1,0
6688119,cozy apartement,35005938,carole,brooklyn,south slope,40.66136,-73.98437,entire home/apt,199,1,1,2015-06-06,0.02,1,0
6688617,"quiet, spacious, safe studio in bk",35008385,abe,brooklyn,williamsburg,40.71366,-73.94021,entire home/apt,49,7,1,2015-06-09,0.02,1,0
6691723,bright cozy lux 1br w/balcony,35025150,chris,brooklyn,williamsburg,40.72006,-73.95694,entire home/apt,180,2,6,2019-01-02,0.14,1,0
6692573,sunny 1br in hip east village,35030648,corey,manhattan,east village,40.72354,-73.9819,private room,108,2,17,2016-08-01,0.35,1,0
6692975,cozy room in chelsea,29417590,alice,manhattan,chelsea,40.7465,-73.991,private room,100,1,2,2015-08-24,0.04,1,0
6700860,"family friendly, brooklyn, nyc 2br",35075473,amanda,brooklyn,carroll gardens,40.67885,-74.00027,entire home/apt,150,5,5,2016-08-28,0.1,1,0
6703106,"cozy 1br in williamsburg, brooklyn",34841020,tara,brooklyn,williamsburg,40.71056,-73.94906,private room,110,1,1,2015-06-18,0.02,1,0
6706074,beautiful neighborhood,25071191,khamis,queens,ditmars steinway,40.78112,-73.91079,entire home/apt,110,5,5,2018-09-10,0.1,1,0
6709867,large private room in prime bk,11039369,mike,brooklyn,fort greene,40.68881,-73.97391,private room,55,1,1,2016-03-24,0.02,1,0
6712618,"big room 2 blocks from central park, uws manhattan",22651758,tiphaine,queens,sunnyside,40.74147,-73.91997,entire home/apt,85,1,2,2015-09-08,0.04,1,0
6716066,harlem/columbia historic landmark,6226676,aparna,manhattan,harlem,40.80748,-73.94922,entire home/apt,120,2,1,2015-06-24,0.02,1,0
6716160,park slope family oasis w/ patio,171653,stefanie,brooklyn,park slope,40.6669,-73.97827,entire home/apt,250,2,1,2016-09-11,0.03,1,0
6716199,large private bedroom,31765814,yassine,queens,astoria,40.76561,-73.92056,private room,85,1,3,2019-05-12,0.06,1,0
6716444,large and quiet private bedroom,24466159,tim,manhattan,east village,40.72879,-73.98575,private room,100,7,2,2015-06-26,0.04,1,0
6722799,spacious 2 br sun-filled apartment  in chelsea,21079341,georgina,manhattan,chelsea,40.74558,-74.00325,entire home/apt,260,2,2,2018-12-30,0.18,1,0
6728550,"cozy, spacious bedstuy pad",34058193,beverly,brooklyn,bedford-stuyvesant,40.68972,-73.95629,entire home/apt,60,5,5,2015-11-25,0.1,1,0
6730056,sunny studio in chelsea,7186661,sabrina,manhattan,chelsea,40.74688,-74.00145,entire home/apt,200,1,4,2017-09-16,0.09,1,0
6731170,nice & sweet apartment in manhhatan,24131487,liu,manhattan,harlem,40.80352,-73.95079,entire home/apt,109,3,1,2015-08-29,0.02,1,0
6731830,williamsburg apartment on bedford,30345458,thomas,brooklyn,williamsburg,40.71444,-73.96024,entire home/apt,98,3,8,2017-06-24,0.21,1,0
6737815,chic modern apt w/ view of hudson,10576227,alexander,manhattan,chelsea,40.7481,-74.00533,entire home/apt,200,5,1,2015-07-05,0.02,1,0
6738207,heart of lower east side,8965532,claire,manhattan,lower east side,40.71937,-73.99098,entire home/apt,120,1,11,2017-06-29,0.27,1,0
6741094,gorgeous luxury apartment,35299368,adriana,manhattan,murray hill,40.74798,-73.9814,private room,200,1,1,2015-06-21,0.02,1,0
6743935,whole west village studio,740756,lydia,manhattan,west village,40.73742,-74.00171,entire home/apt,199,2,14,2016-05-08,0.29,1,0
6747308,luxury 2 bd with spectacular views,3282552,roger,manhattan,upper west side,40.77818,-73.98959,entire home/apt,256,4,11,2017-07-27,0.23,1,0
6748933,cozy 1 br in ideal location,1490702,amanda,manhattan,chelsea,40.74121,-74.00122,entire home/apt,145,6,2,2017-06-26,0.04,1,0
6759052,bed-stuy apt with central air,5693024,peter,brooklyn,bedford-stuyvesant,40.68675,-73.94497,private room,40,1,1,2015-07-28,0.02,1,0
6759527,room available in sunset park!,35388074,maddie,brooklyn,sunset park,40.64465,-74.01881,private room,150,1,1,2015-06-12,0.02,1,0
6760295,"sunny, couple-friendly masterbedroom in greenpoint",12432739,monica,brooklyn,greenpoint,40.73511,-73.95551,private room,75,7,1,2016-11-15,0.03,1,0
6760353,city living in a suburb on nyc,35391852,sunita,brooklyn,bushwick,40.69545,-73.92336,entire home/apt,85,5,2,2015-06-20,0.04,1,0
6760893,central park / full apartment / 5th ave,11631535,scott,manhattan,east harlem,40.79596,-73.94958,entire home/apt,124,3,6,2016-08-26,0.14,1,0
6761717,brooklyn heights brownstone duplex,1549503,alison,brooklyn,brooklyn heights,40.69009,-73.99355,entire home/apt,195,3,1,2015-06-28,0.02,1,0
6763899,"bright, spacious room in manhattan",5360450,sarah,manhattan,harlem,40.81791,-73.95357,private room,60,1,5,2015-09-15,0.1,1,0
6764999,"large, light-filled w. village condo w/river views",35415860,debra,manhattan,west village,40.7342,-74.00854,entire home/apt,225,2,6,2016-08-28,0.12,1,0
6765965,williamsburg cozy apartement,35421272,joffrey,brooklyn,williamsburg,40.71128,-73.954,entire home/apt,119,4,6,2016-09-26,0.12,1,0
6766662,gorgeous 1 bedroom: balcony + view!,35426209,talia,queens,astoria,40.76964,-73.91402,entire home/apt,150,3,3,2016-08-01,0.06,1,0
6766908,renovated & spacious apt.,308930,andres,brooklyn,prospect-lefferts gardens,40.65577,-73.95903,entire home/apt,130,5,7,2017-12-18,0.15,1,0
6776230,ridgewood 2 bedroom,35474215,gregory,queens,ridgewood,40.70966,-73.90064,entire home/apt,100,4,1,2015-07-15,0.02,1,0
6776711,"classic nyc, upper east side apt",35476099,alec,manhattan,upper east side,40.76966,-73.95319,entire home/apt,150,5,2,2016-12-26,0.04,1,0
6778776,private room in bohemian haven,18591697,heidi,manhattan,washington heights,40.83705,-73.9399,private room,55,7,4,2016-07-31,0.09,1,0
6779136,west village on the hudson river,35488245,jillian,manhattan,west village,40.73212,-74.01051,entire home/apt,195,1,1,2015-08-25,0.02,1,0
6784171,bright and clean little italy apt.,18268348,paul,manhattan,little italy,40.71968,-73.9968,private room,110,4,12,2017-08-02,0.26,1,0
6784669,charming one bedroom upper east,29509026,melissa,manhattan,upper east side,40.76644,-73.95803,entire home/apt,130,1,6,2016-06-01,0.13,1,0
6792415,family getaway with amazing roof.,8198108,gabriel,brooklyn,greenpoint,40.72278,-73.94478,entire home/apt,140,2,8,2016-08-15,0.17,1,0
6792888,one br sunny apt-15 min from timesq,35340889,uros,queens,sunnyside,40.74589,-73.91956,entire home/apt,89,5,4,2015-10-09,0.09,1,0
6798811,"spacious, quiet and comfortable 1br",33279657,mariya,brooklyn,midwood,40.61291,-73.94972,entire home/apt,85,2,20,2017-04-26,0.41,1,0
6804319,"big, sunny garden apt in brooklyn",20279153,matthew,brooklyn,crown heights,40.67702,-73.96261,entire home/apt,250,5,3,2017-07-01,0.06,1,0
6807281,bright spacious 1br on the park,35634594,eden,brooklyn,prospect-lefferts gardens,40.66233,-73.9615,entire home/apt,130,7,1,2015-08-14,0.02,1,0
6807871,manhattan studio,35637698,yaniv,manhattan,kips bay,40.74362,-73.98058,entire home/apt,100,6,4,2016-10-10,0.08,1,0
6809332,"cozy, warm home in the west village",198010,shenaz,manhattan,west village,40.73728,-74.00773,entire home/apt,95,5,4,2016-02-21,0.09,1,0
6812270,bushwick/bed stuy border,21130473,justin,brooklyn,bedford-stuyvesant,40.68587,-73.92094,private room,40,5,4,2015-11-25,0.08,1,0
6821839,"1 br apt., historic jackson heights",35726649,chris,queens,jackson heights,40.75129,-73.88784,entire home/apt,135,5,8,2019-06-29,0.17,1,0
6821978,"charming, sunny home in heart of bk",13219494,new,brooklyn,clinton hill,40.68636,-73.96207,entire home/apt,125,1,1,2015-07-14,0.02,1,0
6823578,beautiful home in the heights,35350208,zachary,manhattan,washington heights,40.84872,-73.93633,private room,69,1,1,2015-07-18,0.02,1,0
6831518,awesome location with best commute,35788303,kimihiro,manhattan,chelsea,40.74733,-73.99023,private room,99,1,17,2019-01-01,0.39,1,0
6833000,studio in the heart of manhattan,1587123,raymond,manhattan,upper east side,40.76716,-73.96366,entire home/apt,135,3,4,2016-05-24,0.09,1,0
6833049,sunny spacious 1br in west village,1787313,lauren,manhattan,west village,40.73185,-74.00271,entire home/apt,150,4,5,2017-12-11,0.1,1,0
6837529,1 br available in lovely les unit,35829854,ben,manhattan,lower east side,40.72082,-73.98592,private room,135,1,6,2016-05-07,0.12,1,0
6843145,"perfect, 1 block from central park",5361360,michael,manhattan,upper west side,40.78787,-73.97116,entire home/apt,200,3,6,2017-07-17,0.16,1,0
6845877,big & bright & elevator on the ues,14171882,brett,manhattan,upper east side,40.77372,-73.94986,entire home/apt,120,1,6,2016-09-11,0.12,1,0
6852731,cozy apt in very hip greenpoint!,2407990,linsy,brooklyn,greenpoint,40.72982,-73.95503,entire home/apt,120,3,2,2015-12-14,0.05,1,0
6853661,"clean, spacious les 1 bdrm",35914632,pete,manhattan,lower east side,40.71905,-73.98487,entire home/apt,250,2,2,2015-09-28,0.04,1,0
6854221,convenient room in greenpoint,14495918,sam,brooklyn,greenpoint,40.73376,-73.95443,private room,40,7,2,2016-08-24,0.05,1,0
6854372,beautiful bedroom in brooklyn,1461503,phillip,brooklyn,bedford-stuyvesant,40.68645,-73.92425,private room,55,1,2,2015-10-25,0.04,1,0
6862600,bright parkside brownstone,21705761,jonathan,brooklyn,park slope,40.66722,-73.97811,entire home/apt,215,2,2,2016-04-05,0.05,1,0
6863948,studio + loft space in gramercy,3313475,mimi,manhattan,kips bay,40.74229,-73.98165,entire home/apt,150,2,2,2015-07-25,0.04,1,0
6866061,delightful & roomy 1 bdrm apt,4939720,masha,brooklyn,crown heights,40.66689,-73.95882,entire home/apt,88,1,8,2016-01-29,0.17,1,0
6871251,large uws apartment by the park,34780872,natalie,manhattan,upper west side,40.7787,-73.98088,entire home/apt,259,3,20,2017-12-30,0.41,1,0
6879485,charming classic brooklyn railroad,26490481,matthew,brooklyn,greenpoint,40.72424,-73.95303,entire home/apt,125,1,1,2015-08-29,0.02,1,0
6880990,en suite room  upper west side,36055888,ryan,manhattan,harlem,40.83019,-73.94991,private room,75,2,1,2015-07-26,0.02,1,0
6882689,cool centrally located les apt.,4040200,bobby,manhattan,lower east side,40.71952,-73.98535,entire home/apt,198,2,17,2016-04-05,0.35,1,0
6884254,cozy quiet room off of broadway,19789003,mike,brooklyn,bedford-stuyvesant,40.68666,-73.91972,private room,35,1,1,2015-08-22,0.02,1,0
6884974,private bedroom in cozy loft,7238334,ethan,brooklyn,greenpoint,40.72253,-73.94733,private room,110,1,1,2015-07-20,0.02,1,0
6885805,private room in south williamsburg,5743711,frasier,brooklyn,williamsburg,40.70748,-73.95503,private room,75,2,2,2015-10-11,0.04,1,0
6887405,private room in comfy nyc apt!,11081099,rob,manhattan,harlem,40.82878,-73.94625,private room,50,1,1,2015-06-27,0.02,1,0
6895123,"large, sunny 1 br  greenpoint",7107154,zyanna,brooklyn,greenpoint,40.73659,-73.95354,entire home/apt,95,5,4,2017-01-01,0.11,1,0
6901484,williamsburg - berry and n 9th,36166165,johnathon,brooklyn,williamsburg,40.71909,-73.95811,private room,62,1,1,2017-09-17,0.05,1,0
6909447,cozy & perfectly located studio,36207962,ariel,manhattan,upper west side,40.78267,-73.97661,entire home/apt,150,3,13,2015-11-28,0.26,1,0
6909615,nifty room near express a train!,36208205,jakob,manhattan,washington heights,40.84666,-73.9379,private room,45,1,1,2015-08-25,0.02,1,0
6910072,sunny room in bushwick & central ac,36211685,vienna,queens,ridgewood,40.70588,-73.91464,private room,85,1,1,2015-08-17,0.02,1,0
6913431,garden level nest in brooklyn,36229779,juliana,brooklyn,bedford-stuyvesant,40.68512,-73.95767,entire home/apt,105,1,9,2015-08-09,0.18,1,0
6913795,nevena's,10716661,dimitrios,queens,ditmars steinway,40.77228,-73.91345,entire home/apt,75,3,2,2016-01-31,0.04,1,0
6914516,large bedroom with private terrace,36237566,nora,manhattan,east village,40.72714,-73.97894,private room,100,1,1,2015-11-18,0.02,1,0
6919971,studio apartment on upper west side,36268893,brittany nicole,manhattan,upper west side,40.80108,-73.9705,entire home/apt,70,1,1,2016-07-18,0.03,1,0
6921831,home sweet harlem,36279488,brian,manhattan,harlem,40.8122,-73.95246,private room,172,3,8,2017-10-30,0.17,1,0
6921974,williamsburg studio,35921273,andrew,brooklyn,williamsburg,40.7173,-73.9532,entire home/apt,160,1,1,2015-07-14,0.02,1,0
6921984,the perfect west village stay!,619693,nick,manhattan,west village,40.73323,-74.00434,entire home/apt,198,2,3,2016-10-22,0.07,1,0
6923000,williamsburg luxury apartment,1164568,emilie,brooklyn,williamsburg,40.71199,-73.96022,entire home/apt,180,3,3,2016-08-25,0.06,1,0
6923161,cozy room just off central park,36285615,selim,manhattan,harlem,40.80152,-73.9509,private room,90,2,12,2016-07-05,0.24,1,0
6925777,lofty/sunny private rm in bushwick!,26330490,sandy,brooklyn,bushwick,40.70479,-73.92316,private room,40,7,5,2016-08-09,0.11,1,0
6926686,clean and comfy room avail in soho!,4667102,alexia,manhattan,little italy,40.7185,-73.99805,private room,95,5,1,2015-08-24,0.02,1,0
6933582,cozy home in the heart of astoria,35914251,loren,queens,astoria,40.76371,-73.92049,entire home/apt,100,4,2,2015-12-31,0.04,1,0
6934249,"location, light, and charm",24465231,gael,brooklyn,greenpoint,40.72464,-73.9533,entire home/apt,149,7,7,2018-07-01,0.15,1,0
6936903,williamsburg oasis w/ private yard!,36369314,rinat,brooklyn,williamsburg,40.71616,-73.94352,entire home/apt,199,7,3,2016-08-07,0.06,1,0
6937480,bushwick beaut! private bed & bath,36373090,erika,brooklyn,bushwick,40.70043,-73.92167,private room,70,5,1,2015-08-19,0.02,1,0
6938827,prime apartment in prime park slope location!,36381094,gidon,brooklyn,park slope,40.67177,-73.97882,entire home/apt,229,3,22,2018-12-26,0.46,1,0
6939024,chic 1 br in east village,34930811,paloma,manhattan,east village,40.72517,-73.98742,entire home/apt,195,1,15,2015-12-06,0.31,1,0
6939758,mid-century apt. next to subway,3266476,jack,manhattan,kips bay,40.74206,-73.98014,private room,100,5,11,2018-05-31,0.23,1,0
6939859,"nice room, very close to the subway",36388501,loralee,brooklyn,williamsburg,40.70658,-73.93801,private room,50,3,5,2015-09-16,0.1,1,0
6946479,lovely 3 story cottage in park slope,204472,raul,brooklyn,south slope,40.66672,-73.98462,entire home/apt,250,3,2,2016-08-28,0.04,1,0
6949104,"chelsea flat-gorgeous, bright, safe",6884282,matthew,manhattan,chelsea,40.74682,-74.00417,private room,135,5,1,2015-08-09,0.02,1,0
6950074,"beautiful, cozy apartment",6434434,jenna,queens,ditmars steinway,40.7789,-73.90688,entire home/apt,110,2,14,2017-12-10,0.29,1,0
6950477,cozy studio in historic brownstone,7253422,nate',manhattan,harlem,40.82599,-73.94545,entire home/apt,76,1,3,2015-08-22,0.06,1,0
6950807,spacious 1bdrm in long island city,36441990,samir,queens,astoria,40.75671,-73.91749,entire home/apt,105,1,5,2016-08-13,0.1,1,0
6952302,2br- downtown brooklyn,31883140,fabiana,brooklyn,fort greene,40.69173,-73.97756,entire home/apt,120,4,1,2016-07-04,0.03,1,0
6953013,one bedroom apt in east harlem,36453453,khaled,manhattan,east harlem,40.79063,-73.94718,entire home/apt,110,5,3,2017-07-24,0.06,1,0
6954288,cozy and chic 1 bedroom!!,14379468,pamela,manhattan,harlem,40.81254,-73.94118,entire home/apt,125,1,4,2016-11-20,0.09,1,0
6956358,spacious & happy gem in les!,7013442,rafael,manhattan,lower east side,40.71996,-73.98729,private room,100,3,2,2015-08-30,0.04,1,0
6956956,spacious room near manhattan!,18091740,brittany,brooklyn,williamsburg,40.70198,-73.947,private room,70,4,1,2016-12-08,0.03,1,0
6957272,"beautiful, spacious & sunny 1br",15647782,reinier,manhattan,upper west side,40.80271,-73.96853,entire home/apt,155,4,10,2017-05-12,0.21,1,0
6957328,williamsburg❤️central location queen bed a/c,330976,daniel,brooklyn,williamsburg,40.70875,-73.95364,private room,85,1,20,2018-07-27,0.42,1,0
6959212,a well equipped studio,28601986,isiah,manhattan,east harlem,40.79952,-73.93502,entire home/apt,84,3,10,2019-01-02,0.21,1,0
6967305,prospect heights garden apartment,36531150,stephanie,brooklyn,prospect heights,40.67886,-73.96802,entire home/apt,164,1,2,2015-08-16,0.04,1,0
6967861,a huge apartment near manhattan,36534042,rabie,brooklyn,fort hamilton,40.62084,-74.03739,entire home/apt,120,7,1,2015-08-01,0.02,1,0
6968737,park slope brooklyn for july,36538690,thomas,brooklyn,south slope,40.6648,-73.98044,entire home/apt,224,4,1,2015-07-31,0.02,1,0
6970005,"artist home, greenwich village, nyc",23026033,charlotte,manhattan,greenwich village,40.73104,-73.99708,entire home/apt,230,7,1,2015-09-19,0.02,1,0
6970965,"cozy and spacious, 1 bedroom, astoria",36551297,sebastian,queens,astoria,40.76194,-73.91881,private room,70,2,8,2016-12-23,0.16,1,0
6972046,large private upper west side room,23574544,maxwell,manhattan,upper west side,40.78567,-73.97665,private room,150,1,7,2015-09-26,0.14,1,0
6972534,nice room in a super nice apartment,21803081,terry,brooklyn,williamsburg,40.71591,-73.9417,private room,55,7,2,2015-08-16,0.04,1,0
6972554,nice 1 br apartment at central park,17155244,drew,manhattan,east harlem,40.7984,-73.94777,entire home/apt,155,4,4,2015-09-08,0.08,1,0
6972673,spacious one bedroom with en-suite,13698410,rawan,brooklyn,clinton hill,40.69489,-73.96496,private room,80,7,12,2017-06-25,0.25,1,0
6973159,bed-stuy belle,4225192,gaby,brooklyn,bedford-stuyvesant,40.6936,-73.94653,private room,40,1,1,2015-07-11,0.02,1,0
6973598,large bedroom in astoria/lic area,36566148,felicia,queens,long island city,40.75328,-73.92244,private room,55,1,5,2015-07-28,0.1,1,0
6974249,prime williamsburg location,6623402,robert,brooklyn,williamsburg,40.7196,-73.95599,entire home/apt,125,1,6,2016-08-28,0.13,1,0
6974801,"1br with roof, balcony, best 'hood!",21175506,peter,brooklyn,greenpoint,40.73006,-73.95694,entire home/apt,165,1,1,2015-07-03,0.02,1,0
6975129,"large room, cozy, 15min manhattan",36575095,hana,brooklyn,clinton hill,40.68409,-73.96531,private room,50,1,1,2015-07-03,0.02,1,0
6976045,cozy apt in lively carroll gardens,1373836,carlotta,brooklyn,carroll gardens,40.68151,-73.99285,entire home/apt,150,5,3,2016-12-27,0.06,1,0
6988793,"perfect for cat, book, park lovers!",13857446,laura,brooklyn,flatbush,40.65371,-73.95623,entire home/apt,90,2,12,2015-12-19,0.25,1,0
6989258,cozy gem in harlem close to all!,7339760,maritza,manhattan,east harlem,40.79243,-73.93952,entire home/apt,130,2,1,2015-08-13,0.02,1,0
6992939,"beautiful cute studio, fort greene",1281637,jessica,brooklyn,fort greene,40.6873,-73.97225,entire home/apt,140,2,1,2015-08-24,0.02,1,0
6999056,manhattan at its best! trendy area,415502,enrica,manhattan,harlem,40.80418,-73.95513,private room,70,1,3,2015-08-21,0.06,1,0
7002269,15 min walk to prospect park!,10945786,keith,brooklyn,prospect-lefferts gardens,40.65887,-73.94882,private room,30,6,1,2015-09-17,0.02,1,0
7002884,studio with east river view,36713105,markus,manhattan,east harlem,40.78551,-73.94167,entire home/apt,99,3,4,2016-06-15,0.1,1,0
7002915,charming uws 1-bedroom w/loft,1599175,louise,manhattan,upper west side,40.77828,-73.9764,entire home/apt,165,3,1,2017-03-20,0.04,1,0
7003788,luxury apt 10mins manhattan,21773199,joo,queens,long island city,40.74406,-73.94504,entire home/apt,149,4,4,2015-10-17,0.09,1,0
7006151,warm cozy manhattan studio,36727985,patricia,manhattan,midtown,40.74379,-73.98795,entire home/apt,177,3,22,2019-06-21,0.45,1,0
7010681,gorgeous garden apt steps to park,36754170,steve,brooklyn,prospect-lefferts gardens,40.65703,-73.95964,entire home/apt,110,1,2,2015-08-10,0.04,1,0
7015831,relaxing bedroom in 6br apartment,36029533,john,brooklyn,bushwick,40.69034,-73.91666,private room,35,1,1,2015-07-28,0.02,1,0
7018619,cozy bedroom in renovated harlem apartment,4783045,delesia,manhattan,harlem,40.81435,-73.94588,private room,52,2,1,2016-07-20,0.03,1,0
7019534,beautiful convenient brooklyn loft,34908118,linda,brooklyn,williamsburg,40.70711,-73.95136,entire home/apt,100,3,5,2016-12-14,0.11,1,0
7023437,loft rental off of graham!,1298759,frances,brooklyn,williamsburg,40.71303,-73.94063,entire home/apt,220,7,2,2016-08-23,0.04,1,0
7024303,lightfilled one bedroom loft,2750745,sarah,brooklyn,bedford-stuyvesant,40.69039,-73.95947,entire home/apt,120,2,4,2017-10-29,0.08,1,0
7024538,sublet entire apt in brooklyn,16112564,laszlo jakab,brooklyn,brooklyn heights,40.69382,-73.99334,entire home/apt,130,7,1,2015-06-29,0.02,1,0
7024774,our beautiful apt in fort greene,703023,rebecca,brooklyn,fort greene,40.69276,-73.97061,entire home/apt,205,3,3,2019-06-30,0.06,1,0
7025026,prime west village w/outdoor patio,3011750,drew,manhattan,west village,40.73669,-74.00375,entire home/apt,149,3,5,2016-05-15,0.1,1,0
7032396,large 1br apt + balcony in les!,3716646,elena,manhattan,lower east side,40.72115,-73.98308,entire home/apt,240,5,1,2015-09-16,0.02,1,0
7034609,comfy room close to columbia,36871638,francisco,manhattan,morningside heights,40.81142,-73.95978,private room,70,4,5,2018-01-02,0.1,1,0
7036435,quiet bushwick bedroom,5476372,stonie,brooklyn,bushwick,40.69289,-73.92312,private room,35,1,3,2017-01-11,0.06,1,0
7047076,patio oasis in upper east side,3434070,margaret,manhattan,upper east side,40.77703,-73.94773,entire home/apt,159,4,8,2016-08-08,0.17,1,0
7051619,big studio-one stop from midtown,36980964,christopher,queens,long island city,40.74989,-73.93777,entire home/apt,155,2,5,2015-10-11,0.1,1,0
7054585,"spacious loft in nyc, close to all",24830540,david,brooklyn,williamsburg,40.71188,-73.95088,private room,85,1,1,2015-10-07,0.02,1,0
7062987,full cozy 1 bedroom apt in the ues,4193378,laureen,manhattan,upper east side,40.77269,-73.95055,entire home/apt,140,7,8,2018-01-04,0.18,1,0
7064199,one-month sublet - bright big room,37040263,hector and miriam,brooklyn,bushwick,40.69682,-73.91458,private room,80,1,1,2015-07-14,0.02,1,0
7065307,central soho apartment,4242708,jen,manhattan,soho,40.726,-74.00204,entire home/apt,150,4,12,2019-01-01,0.31,1,0
7065653,modern one bedroom in kips bay (4),1306850,kalpana,manhattan,kips bay,40.7402,-73.97935,entire home/apt,195,2,7,2016-11-19,0.15,1,0
7066122,1 bedroom penthouse w amazing views,7951613,andrew,queens,long island city,40.7419,-73.95738,entire home/apt,125,2,7,2016-07-03,0.14,1,0
7070287,bushwick artist's bedroom,16602154,travis,brooklyn,bushwick,40.69811,-73.93051,private room,60,3,1,2015-07-24,0.02,1,0
7071677,"cozy room in bushwick, dekalb l train, backyard!",37076121,christopher,brooklyn,bushwick,40.69899,-73.92286,private room,50,2,2,2017-08-31,0.06,1,0
7073418,mod glamor in bed-stuy garden flat,4582256,consuelo,brooklyn,bedford-stuyvesant,40.68297,-73.93804,entire home/apt,250,2,3,2015-10-20,0.06,1,0
7074488,"bilevel penthouse: park, city views",43772,david,brooklyn,greenpoint,40.72074,-73.94741,entire home/apt,272,3,3,2015-08-31,0.06,1,0
7074504,lovely private room with half bath,37091023,olivia,brooklyn,park slope,40.67102,-73.9808,private room,100,1,1,2015-07-19,0.02,1,0
7074961,"spacious bright 2-bed duplex in bed-stuy, brooklyn",37095710,mary,brooklyn,clinton hill,40.68664,-73.95981,entire home/apt,170,7,3,2016-09-09,0.08,1,0
7075103,1br greenwich village apt. nyc,37096607,neil,manhattan,greenwich village,40.72968,-74.00114,entire home/apt,175,2,5,2015-12-30,0.11,1,0
7075449,bushwick beauty,11453695,sasha,brooklyn,bushwick,40.70317,-73.92724,private room,85,6,1,2015-07-06,0.02,1,0
7082866,comfy alcove studio,6766728,javier,manhattan,east village,40.72639,-73.98756,entire home/apt,150,4,1,2016-01-02,0.02,1,0
7084130,large sunny private room,22095455,danni,manhattan,civic center,40.71674,-74.00334,private room,100,5,1,2015-08-03,0.02,1,0
7087752,lovely room in wonderful apartment,12602098,benjamin,brooklyn,bedford-stuyvesant,40.68115,-73.95074,private room,55,1,2,2015-07-15,0.04,1,0
7089639,"cozy room, heart of east village",19834927,ryan,manhattan,east village,40.72382,-73.98171,private room,80,1,3,2016-01-02,0.06,1,0
7091390,apartment on riverside,14329995,nikolas,manhattan,harlem,40.82632,-73.95168,entire home/apt,125,4,2,2018-06-25,0.04,1,0
7093122,perfect downtown location in nolita,36562419,dan,manhattan,nolita,40.72123,-73.99513,private room,90,1,1,2015-07-17,0.02,1,0
7094262,53rd & 3rd midtown manhattan,22625462,gwendolyn,manhattan,midtown,40.75788,-73.9689,entire home/apt,149,2,14,2016-05-01,0.3,1,0
7094462,adorable one bedroom in greenpoint,10896584,julianna,brooklyn,greenpoint,40.7324,-73.95828,entire home/apt,120,2,6,2015-10-04,0.13,1,0
7094619,luxury apt in prime location,37186427,olta,manhattan,kips bay,40.7449,-73.97959,private room,120,1,1,2015-07-24,0.02,1,0
7095534,private br in abc,37191710,kevin,manhattan,east village,40.72474,-73.98273,private room,110,1,1,2015-07-23,0.02,1,0
7101296,cute apartment in upper west side,37011739,stacey,manhattan,upper west side,40.79435,-73.9745,entire home/apt,145,5,7,2018-08-01,0.16,1,0
7101822,bright & airy 2br penthouse apt,3627066,andrea,brooklyn,south slope,40.66657,-73.98725,entire home/apt,190,7,2,2015-10-17,0.04,1,0
7105709,great place in chelsea/west village,3664074,kudjo,manhattan,west village,40.73894,-74.00067,entire home/apt,250,2,5,2016-08-22,0.1,1,0
7108992,huge upper west side apartment - 3 rooms,3801047,anna,manhattan,upper west side,40.7982,-73.96931,entire home/apt,187,3,1,2015-09-05,0.02,1,0
7111775,charming park slope studio,37252712,shira,brooklyn,park slope,40.66817,-73.98406,entire home/apt,100,3,5,2018-02-24,0.17,1,0
7116034,beautiful room. private bathroom.,16296388,mario,brooklyn,bushwick,40.68412,-73.91045,private room,43,1,4,2017-06-06,0.13,1,0
7116654,big room overlooking prospect park!,7078254,leila,brooklyn,prospect-lefferts gardens,40.65683,-73.9609,private room,45,1,2,2015-09-07,0.04,1,0
7124926,sunny 2br in heart of fort greene,2055744,hila,brooklyn,fort greene,40.68842,-73.97254,entire home/apt,149,4,1,2015-12-31,0.02,1,0
7125323,beautiful uws apartment in doorman building,5549408,aryeh,manhattan,upper west side,40.79033,-73.9729,entire home/apt,140,2,4,2016-10-26,0.09,1,0
7127458,great 1 bdr in a 1 bedroom apartment. great deal!,37332180,thibault,queens,astoria,40.76264,-73.91156,entire home/apt,70,4,10,2017-10-10,0.21,1,0
7129972,"beautiful, modern soho/tribeca apt",3704762,akash,manhattan,civic center,40.71649,-74.00267,entire home/apt,169,4,8,2016-05-15,0.17,1,0
7131007,cozy home in brooklyn brownstone,2830197,roberta & rob,brooklyn,bedford-stuyvesant,40.6852,-73.95636,entire home/apt,110,3,14,2017-10-15,0.29,1,0
7144379,sunny bedroom in the heart of les,34582356,christina,manhattan,lower east side,40.71754,-73.99025,private room,75,1,1,2015-07-09,0.02,1,0
7151565,"bottom half of duplex, williamsburg",37453881,hadrien,brooklyn,williamsburg,40.71827,-73.94258,private room,95,1,6,2018-10-20,0.17,1,0
7158417,dov & naomi's beautiful apt.,15878233,dov,brooklyn,kensington,40.64456,-73.97723,entire home/apt,115,4,3,2018-07-31,0.09,1,0
7159258,forrest and bogart,292421,steven,brooklyn,bushwick,40.70272,-73.93151,private room,100,1,14,2018-09-13,0.37,1,0
7161189,modern and spacious in bed stuy,37503617,sonia,brooklyn,bedford-stuyvesant,40.69325,-73.94819,entire home/apt,150,7,3,2015-10-05,0.06,1,0
7172107,upper west side family escape,37565381,rebecka,manhattan,upper west side,40.79527,-73.96695,entire home/apt,165,5,5,2016-04-14,0.1,1,0
7173864,"beautiful, spacious 1 bedroom in bk",20914965,karen,brooklyn,kensington,40.64621,-73.98163,entire home/apt,95,1,4,2015-07-19,0.08,1,0
7176975,new/spacious 2 bedrooom 1.5 bath!,32933539,maria,manhattan,washington heights,40.83524,-73.943,entire home/apt,165,4,1,2016-06-29,0.03,1,0
7177958,convienent 1-bedroom near columbia,780952,maria,manhattan,morningside heights,40.80441,-73.96409,entire home/apt,120,2,7,2016-10-10,0.15,1,0
7181422,cute 1br in williamsburg,4993337,stephanie,brooklyn,williamsburg,40.71044,-73.953,entire home/apt,110,1,2,2015-08-10,0.04,1,0
7193201,private rm in heart of east village,33739627,natasha,manhattan,east village,40.72896,-73.9843,private room,99,1,4,2015-10-24,0.08,1,0
7194042,spacious williamsburg loft studio,7546816,emma,brooklyn,williamsburg,40.71781,-73.96251,entire home/apt,168,2,20,2018-11-11,0.41,1,0
7194972,"charming, central park studio apt",22502429,doug,manhattan,upper west side,40.78363,-73.97485,entire home/apt,190,3,9,2015-10-28,0.19,1,0
7195202,sunny central wmsburg apartment,2902496,craig,brooklyn,williamsburg,40.7113,-73.94249,entire home/apt,99,1,2,2015-11-29,0.04,1,0
7197915,the heart of the lower east side!,37691482,andrew,manhattan,lower east side,40.72135,-73.98668,entire home/apt,180,2,8,2018-05-28,0.19,1,0
7198878,sunny + comfy bedroom in greenpoint,30066276,rachel,brooklyn,greenpoint,40.72328,-73.94041,private room,55,1,1,2015-07-21,0.02,1,0
7199464,upper west side rm by central park!,21651082,brooks,manhattan,upper west side,40.78487,-73.97816,private room,68,6,1,2015-07-27,0.02,1,0
7204721,charming cozy brooklyn 1br,37188272,rachel,brooklyn,crown heights,40.67357,-73.95268,entire home/apt,95,2,4,2016-07-25,0.11,1,0
7205212,sunny studio next to central park,35651880,ayesha,manhattan,upper west side,40.79874,-73.96034,entire home/apt,130,3,18,2017-09-30,0.39,1,0
7205456,enjoy a few days in greenpoint,16282382,natalie,brooklyn,greenpoint,40.7359,-73.95799,entire home/apt,130,2,3,2016-01-02,0.06,1,0
7206579,"sunny, spacious room- heart of williamsburg!",15491509,autumn,brooklyn,williamsburg,40.71544,-73.95433,private room,66,2,6,2018-01-25,0.13,1,0
7216192,room in classic harlem brownstone,17464442,kirsti,manhattan,harlem,40.80492,-73.94486,private room,125,2,3,2016-07-25,0.08,1,0
7221239,lovely 1 bdrm boerum hill apt,6466155,katherine,brooklyn,boerum hill,40.68618,-73.98837,entire home/apt,124,2,1,2018-09-02,0.1,1,0
7221712,"williamsburg, brooklyn artist loft",92436,yasmin,brooklyn,williamsburg,40.70833,-73.9564,entire home/apt,86,7,1,2015-08-01,0.02,1,0
7222354,"sunny upper east side apt, balcony",18489745,fon,manhattan,upper east side,40.76446,-73.95603,private room,86,2,2,2016-03-13,0.04,1,0
7224028,modest and cute room in bushwick brooklyn!,5998033,eddie,brooklyn,bushwick,40.68929,-73.90484,private room,36,2,3,2017-07-01,0.06,1,0
7239527,clean and cozy ues,37903935,gabriel,manhattan,east harlem,40.79831,-73.93961,private room,70,1,1,2015-07-20,0.02,1,0
7239575,"2 bedroom, ues",37904263,talal,manhattan,upper east side,40.76364,-73.9588,entire home/apt,120,5,5,2016-07-20,0.13,1,0
7241020,spacious & bright artist retreat,6697833,john and laurie,manhattan,washington heights,40.85487,-73.93777,entire home/apt,115,7,2,2015-10-29,0.04,1,0
7243708,spacious sunny room in clinton hill,3302103,steph,brooklyn,clinton hill,40.69158,-73.96699,private room,65,2,6,2016-11-19,0.12,1,0
7244824,inviting private room in nyc.,37932285,sarah,manhattan,harlem,40.82028,-73.95381,private room,65,1,3,2018-01-03,0.08,1,0
7244923,east village duplex private yard,37934478,edward,manhattan,east village,40.72877,-73.98175,private room,139,1,9,2016-10-02,0.23,1,0
7245876,beautiful studio in bed stuy,9539044,nicholas,brooklyn,williamsburg,40.71292,-73.94873,entire home/apt,66,6,3,2017-03-02,0.06,1,0
7247763,master bedroom in artsy bushwick,2483508,sarah,brooklyn,bushwick,40.70464,-73.91596,private room,44,5,1,2015-07-27,0.02,1,0
7255372,~room for guest in stunning bk apt~,37987441,addie,brooklyn,bedford-stuyvesant,40.68538,-73.92447,private room,32,3,7,2019-01-27,0.15,1,0
7257311,cozy walk-up apt in the historic lower east side.,14726038,kimberly,manhattan,chinatown,40.71475,-73.9912,entire home/apt,120,2,13,2018-04-04,0.37,1,0
7258306,studio in the heart of greenwich!!!,23387933,john,manhattan,greenwich village,40.73088,-74.00035,entire home/apt,140,1,1,2015-07-13,0.02,1,0
7259369,1 bedroom apartment in nolita/ soho,20404001,emma,manhattan,nolita,40.7208,-73.99647,entire home/apt,80,1,1,2015-07-12,0.02,1,0
7263899,large room in bushwick near trains!,38029848,ramona,brooklyn,bedford-stuyvesant,40.69649,-73.93645,private room,38,1,2,2015-11-07,0.04,1,0
7264263,beautiful classic nyc studio,5030772,jessica,manhattan,upper east side,40.77258,-73.95213,entire home/apt,120,1,13,2016-12-27,0.27,1,0
7264496,morningsideheights/columbia studio,38032297,melissa,manhattan,morningside heights,40.80445,-73.9649,entire home/apt,140,4,2,2015-08-21,0.04,1,0
7265253,1 bed in a lux apt on wall street,15899061,amelia,manhattan,financial district,40.70583,-74.00717,shared room,47,1,2,2015-08-17,0.04,1,0
7275655,cosy 1 bed in trendy east village!,19491505,kristine,manhattan,east village,40.72457,-73.98142,entire home/apt,170,2,5,2016-04-04,0.11,1,0
7277143,quiet private room upper east side,24821272,sabrina,manhattan,upper east side,40.77877,-73.94824,private room,100,1,3,2015-10-23,0.06,1,0
7277180,"bedroom in financial district, nyc",38101644,lucia,manhattan,financial district,40.70811,-74.01301,private room,65,1,1,2015-08-04,0.02,1,0
7277878,sunny and spacious 1 bedroom!,6862694,hayley,brooklyn,prospect heights,40.67628,-73.96425,entire home/apt,90,5,1,2015-09-02,0.02,1,0
7288752,comfortable greenpoint apt. short or longer stay,38169148,liz,brooklyn,greenpoint,40.72642,-73.94519,private room,70,7,3,2016-11-16,0.06,1,0
7302762,spacious duplex with private deck,1533248,emily,brooklyn,greenpoint,40.7272,-73.95134,entire home/apt,120,3,2,2016-08-10,0.05,1,0
7307027,large room in two-story brownstone,16237939,seth,brooklyn,prospect heights,40.67958,-73.96956,private room,70,2,4,2016-07-11,0.09,1,0
7307468,large room in brooklyn w/ office,26364541,claire,brooklyn,bedford-stuyvesant,40.69381,-73.944,private room,49,1,1,2015-07-20,0.02,1,0
7308735,big room with great natural light,38288441,nathaniel,manhattan,harlem,40.82416,-73.94623,private room,55,3,8,2017-06-26,0.22,1,0
7308927,cool room in bushwick loft,34873213,melody,brooklyn,williamsburg,40.70909,-73.9256,private room,55,1,1,2015-07-22,0.02,1,0
7309633,small one bedroom bk - quiet n cute,38294553,joan,brooklyn,bedford-stuyvesant,40.68211,-73.94775,entire home/apt,78,1,1,2015-08-08,0.02,1,0
7310097,"3 bedroom, 1st fl, family apt.",38297695,suvi,brooklyn,prospect heights,40.67797,-73.9701,entire home/apt,200,2,1,2016-01-05,0.02,1,0
7310413,beautiful spacious ground floor apt,1603343,carina,brooklyn,bushwick,40.70403,-73.91276,entire home/apt,225,2,3,2015-11-28,0.06,1,0
7320522,large apt in theatre district,38350446,chris,manhattan,hell's kitchen,40.76146,-73.9896,private room,160,5,5,2016-11-28,0.13,1,0
7321054,"great room, 7 min from manhattan!",38352423,ashley,queens,long island city,40.75508,-73.92918,private room,45,1,1,2015-07-20,0.02,1,0
7324832,uws bedroom with rooftop access!,379663,kenya,manhattan,upper west side,40.78763,-73.97308,private room,129,3,5,2015-09-26,0.1,1,0
7326871,brooklyn flavor atelier,38380486,tiffany,brooklyn,williamsburg,40.70521,-73.94258,entire home/apt,140,2,4,2018-01-01,0.08,1,0
7327096,modern 1 br in the east village,33300449,rachel,manhattan,east village,40.72869,-73.97653,entire home/apt,120,1,2,2016-02-21,0.05,1,0
7327833,charming apartment in crown heights,27630423,julianne,brooklyn,crown heights,40.67464,-73.94276,entire home/apt,120,2,2,2015-10-03,0.04,1,0
7328319,cool apartment in chinatown,15743291,maria,manhattan,chinatown,40.71479,-73.99284,entire home/apt,120,4,7,2017-12-31,0.15,1,0
7328775,the studio on the park!,38392850,emma,brooklyn,fort greene,40.68794,-73.97393,entire home/apt,150,3,10,2016-03-28,0.21,1,0
7331201,sunny and homie bk apartment,681331,wes,brooklyn,crown heights,40.66539,-73.96041,entire home/apt,120,3,5,2016-10-17,0.11,1,0
7332196,bright and hip in morningside,5628243,drew,manhattan,harlem,40.81024,-73.9525,private room,95,1,10,2017-01-17,0.21,1,0
7339802,"hugr 1br+ in sugar hill, harlem",38452274,aly,manhattan,harlem,40.82196,-73.94247,entire home/apt,100,3,14,2018-01-12,0.29,1,0
7340318,private greenpoint studio floor 1,6772512,curtis,brooklyn,greenpoint,40.72138,-73.94709,entire home/apt,100,3,7,2016-10-28,0.14,1,0
7340902,cozy apt 10 minutes to central park,11354707,andre,queens,long island city,40.75588,-73.93117,entire home/apt,130,3,6,2016-01-09,0.13,1,0
7341077,classic lower east side apartment,21498479,cate,manhattan,east village,40.72168,-73.98418,entire home/apt,130,7,2,2015-09-22,0.04,1,0
7344761,luxury tribeca apartment w/roofdeck,12149983,kerry,manhattan,civic center,40.71645,-74.00402,entire home/apt,250,2,2,2016-04-24,0.04,1,0
7345443,spacious 3 bedroom on prospect park,38480982,arnold,brooklyn,south slope,40.66378,-73.97813,entire home/apt,166,3,6,2016-09-05,0.13,1,0
7346434,cozy/private bdrm by central park!,9166875,clara,manhattan,upper west side,40.80304,-73.96582,private room,64,4,1,2015-08-28,0.02,1,0
7347350,room in east williamsburg 1 block from l train,6284410,fiona,brooklyn,williamsburg,40.70794,-73.93976,private room,35,5,1,2016-07-21,0.03,1,0
7347733,studio in central historical harlem,21056821,martina,manhattan,harlem,40.80819,-73.94315,entire home/apt,120,1,1,2016-07-13,0.03,1,0
7348008,sunny park slope bedroom,3369909,ian,brooklyn,park slope,40.68006,-73.98053,private room,60,2,7,2016-10-21,0.16,1,0
7348509,modern 1br in heart of williamsburg,38497438,don,brooklyn,williamsburg,40.71969,-73.9562,entire home/apt,215,1,1,2015-08-02,0.02,1,0
7349633,$500/wk 1br - 150ft2 - dec 23-jan 4,38507835,matt,manhattan,east village,40.72492,-73.97914,private room,80,6,1,2015-07-22,0.02,1,0
7350310,east village studio like room,26925894,alice,manhattan,east village,40.72962,-73.9836,shared room,80,2,2,2015-08-29,0.04,1,0
7359313,luxury doorman apt in midtown east!,38445572,jennifer,manhattan,murray hill,40.74823,-73.97447,private room,130,1,2,2015-09-21,0.04,1,0
7361434,ditmas park spacious studio apt,38569616,quinn,brooklyn,flatbush,40.64691,-73.95855,entire home/apt,100,1,2,2015-12-30,0.04,1,0
7361457,lovely private bedroom,38567763,deidrea,brooklyn,bedford-stuyvesant,40.68856,-73.9547,private room,63,3,2,2015-08-19,0.04,1,0
7364008,bohéme 1br steps from prospect park,38583557,ian,brooklyn,flatbush,40.65349,-73.95527,entire home/apt,99,7,2,2015-08-17,0.04,1,0
7366831,"sunny, big room available in 3 bdrm",38599690,chantal,manhattan,east harlem,40.80023,-73.93822,private room,35,1,1,2015-07-22,0.02,1,0
7367039,welcome to our luxury home,1472993,yoav,manhattan,financial district,40.7078,-74.00914,entire home/apt,200,1,6,2017-08-18,0.13,1,0
7367165,sunny room overlooking harlem,4964848,jakob,manhattan,harlem,40.82681,-73.9426,private room,35,5,2,2016-02-02,0.05,1,0
7367484,huge private room with bathroom,31452390,jennifer,manhattan,washington heights,40.83428,-73.94446,private room,60,1,1,2015-07-23,0.02,1,0
7368190,"bright, airy, quiet 1 bd",3890297,babita,manhattan,kips bay,40.73943,-73.98135,entire home/apt,199,3,20,2019-03-08,0.42,1,0
7378773,clean and sunny brooklyn apt!!,11129295,melissa,brooklyn,bushwick,40.70178,-73.92829,entire home/apt,98,4,1,2015-09-04,0.02,1,0
7379929,great e.village apt. best location!,27283579,alexi,manhattan,east village,40.72423,-73.99013,private room,119,2,4,2015-08-12,0.08,1,0
7382982,bright double room in west village,19504544,saga,manhattan,west village,40.72911,-74.00338,private room,106,5,2,2016-01-02,0.04,1,0
7383380,large loft in bushwick,4907734,paul,brooklyn,williamsburg,40.70068,-73.94103,private room,45,3,14,2018-08-29,0.35,1,0
7383722,stunning 1br - soho prime location!,14281112,andrew,manhattan,soho,40.7221,-74.00464,private room,125,2,2,2015-10-09,0.04,1,0
7383804,1 room available for in midtown nyc,38678875,stanley,manhattan,midtown,40.75277,-73.96686,private room,70,1,2,2015-07-31,0.04,1,0
7385568,spacious renovated apt. in harlem,1163720,zack,manhattan,harlem,40.81355,-73.94407,private room,40,1,2,2015-08-14,0.04,1,0
7386119,"large, sunny, quiet, 2 bed apt",12517331,robert,brooklyn,prospect heights,40.67876,-73.9715,entire home/apt,75,1,4,2015-11-28,0.08,1,0
7387919,2 bed apartment 2 blocks from 42 st,37993952,andrew,manhattan,hell's kitchen,40.76171,-73.99478,private room,150,1,1,2015-07-23,0.02,1,0
7396662,chateau ludlow,7489344,noëmi,manhattan,lower east side,40.71508,-73.98973,private room,120,1,18,2016-09-15,0.37,1,0
7397237,~sunny quiet apartment in brooklyn~,38757107,joanne,brooklyn,bedford-stuyvesant,40.68978,-73.94444,entire home/apt,100,7,2,2015-09-06,0.04,1,0
7397699,room in the heart of williamsburg!,38759330,nathaniel,brooklyn,williamsburg,40.7122,-73.9511,private room,35,1,3,2015-09-13,0.06,1,0
7398144,2 bedroom in heart of williamsburg,7983308,michael,brooklyn,williamsburg,40.71452,-73.95486,entire home/apt,269,1,1,2015-08-17,0.02,1,0
7398507,chic apartment on central park west,5898139,nicholas,manhattan,upper west side,40.79933,-73.95949,entire home/apt,185,1,1,2015-09-02,0.02,1,0
7399178,cozy room in the lower east side!,38767720,caitlin,manhattan,lower east side,40.71934,-73.98424,private room,97,1,2,2015-12-29,0.04,1,0
7399754,spacious 1br,4343834,sean,brooklyn,carroll gardens,40.68189,-73.99695,entire home/apt,150,1,6,2016-08-02,0.12,1,0
7401048,big cozy room 2 blocks from trains,10832128,josh,brooklyn,sunset park,40.644,-74.01092,private room,47,3,2,2015-11-02,0.04,1,0
7402303,artists' sunny 1-br apt in astoria,11962385,dusan,queens,astoria,40.76778,-73.92201,entire home/apt,120,1,3,2015-08-20,0.06,1,0
7402608,charming williamsburg 1 bedroom,38788236,william,brooklyn,williamsburg,40.70649,-73.94505,entire home/apt,100,1,11,2015-12-28,0.23,1,0
7403613,spacious nomad 1 br for 4,1405974,alexander,manhattan,midtown,40.74603,-73.98364,entire home/apt,150,3,1,2015-08-07,0.02,1,0
7410868,great spot in lower east side,5417646,emily,manhattan,lower east side,40.71546,-73.9896,entire home/apt,120,4,3,2016-05-13,0.08,1,0
7411499,master bedroom in luxury apartment,1023985,andrew,brooklyn,williamsburg,40.71376,-73.95293,private room,80,3,2,2015-08-03,0.04,1,0
7411733,sunny apartment overlooking park,38832294,samantha,brooklyn,crown heights,40.67358,-73.94351,entire home/apt,105,1,7,2018-09-11,0.15,1,0
7417371,private room in nolita / soho,3417039,david,manhattan,nolita,40.72411,-73.99563,private room,80,2,1,2015-09-06,0.02,1,0
7417444,studio in lincoln sq - columbus cir,11239404,sholeh,manhattan,upper west side,40.77088,-73.98061,entire home/apt,140,2,2,2015-12-01,0.04,1,0
7417520,east village two bedroom,37028138,matt,manhattan,east village,40.72228,-73.9838,entire home/apt,250,3,21,2017-11-26,0.44,1,0
7419334,bright and beautiful 1 bedroom apt.,19135506,rosalia,manhattan,upper west side,40.7777,-73.98796,entire home/apt,150,1,1,2015-08-10,0.02,1,0
7421930,long island city- furnished studio,22344488,jess,queens,long island city,40.75226,-73.94089,entire home/apt,110,1,9,2015-09-26,0.19,1,0
7431316,large private room in w. heights,16617981,emmanuel,manhattan,washington heights,40.83523,-73.9398,private room,40,1,2,2015-12-18,0.05,1,0
7434420,steps away from grand central,38943127,tricia,manhattan,murray hill,40.74981,-73.9786,entire home/apt,198,5,1,2015-09-13,0.02,1,0
7435181,refreshing bushwick enclave,38946305,allon,brooklyn,bushwick,40.69496,-73.93088,private room,50,3,4,2015-12-27,0.08,1,0
7435577,comfy modern bklyn 1br + guest br,28460565,su,brooklyn,bedford-stuyvesant,40.67988,-73.92831,entire home/apt,135,2,6,2015-12-07,0.13,1,0
7437824,2br + roof top-20min from manhattan,17942384,maud,brooklyn,park slope,40.66835,-73.97981,entire home/apt,129,5,2,2015-08-23,0.04,1,0
7438254,"sunny, cozy, and convenient room in harlem",38965196,jen,manhattan,harlem,40.80649,-73.95565,private room,88,4,16,2017-05-28,0.43,1,0
7448093,stylish apartment w/ backyard,6223874,rachael,brooklyn,greenpoint,40.73059,-73.95651,entire home/apt,185,1,3,2017-02-11,0.06,1,0
7450047,calm & quiet in clinton hill,3676701,margo,brooklyn,clinton hill,40.68128,-73.96286,entire home/apt,145,3,5,2016-09-07,0.1,1,0
7454585,private room in shared apartment,8670155,jason,manhattan,kips bay,40.74085,-73.98153,private room,69,1,1,2015-09-02,0.02,1,0
7456691,large one bedroom with backyard,5553132,carver,brooklyn,bedford-stuyvesant,40.68482,-73.95666,entire home/apt,125,2,6,2015-08-25,0.12,1,0
7457673,new modern brooklyn 1br apt!,2203415,james,brooklyn,bedford-stuyvesant,40.68678,-73.9513,entire home/apt,85,1,6,2015-11-29,0.13,1,0
7460009,one bedroom apartment,37077716,biruta,brooklyn,bay ridge,40.63014,-74.027,entire home/apt,60,7,10,2018-08-06,0.21,1,0
7460677,cozy sublet in brooklyn,32691187,paul,brooklyn,bedford-stuyvesant,40.68618,-73.93273,private room,60,3,7,2015-10-22,0.15,1,0
7462108,1 br in a shared flat east village,39085072,pierre,manhattan,gramercy,40.73366,-73.98313,private room,80,1,4,2015-12-25,0.08,1,0
7472465,"large, sunny apartment with rooftop",3700637,hannah and michael,brooklyn,williamsburg,40.71332,-73.95291,entire home/apt,200,3,1,2015-08-04,0.02,1,0
7478570,chic pad steps from prospect park,10183117,cam,brooklyn,prospect-lefferts gardens,40.66037,-73.95901,entire home/apt,68,2,7,2016-07-25,0.15,1,0
7480066,"130/night, big and cozy, brooklyn",4336763,lary,brooklyn,gowanus,40.6798,-73.98231,entire home/apt,130,1,4,2015-11-17,0.08,1,0
7480795,1 bedroom in the east village,18576994,jennie,manhattan,east village,40.72361,-73.98395,private room,100,1,6,2015-08-10,0.12,1,0
7482448,stylish garden apartment,10558084,gennadiy,brooklyn,bedford-stuyvesant,40.68558,-73.9281,entire home/apt,85,3,1,2015-11-02,0.02,1,0
7482792,prospect heights bk studio,8435624,heidi,brooklyn,crown heights,40.68073,-73.96369,entire home/apt,105,2,15,2016-07-20,0.31,1,0
7483049,lovely 2-bedroom near prospect park,11816453,natalie,brooklyn,south slope,40.66266,-73.98885,entire home/apt,150,3,4,2017-09-30,0.09,1,0
7483951,ph with big terrace & city view!!!!,35321797,miyako,brooklyn,williamsburg,40.71802,-73.95228,entire home/apt,250,1,1,2016-05-01,0.03,1,0
7491626,balcony oasis & open view - 20 min to manhattan,30662827,nicole,queens,astoria,40.767,-73.93051,entire home/apt,95,4,1,2016-07-08,0.03,1,0
7495497,park slope loft,2045777,michael & katherine,brooklyn,south slope,40.66707,-73.98994,entire home/apt,145,1,4,2015-10-12,0.09,1,0
7496720,artist's loft,3530591,nanda,manhattan,east village,40.72295,-73.98246,entire home/apt,135,4,4,2017-02-11,0.09,1,0
7496824,upper west side apt,39262419,stacey,manhattan,upper west side,40.7787,-73.98407,entire home/apt,125,3,2,2015-12-11,0.05,1,0
7497370,"spacious, cozy upper east side apt",39268020,lorrin,manhattan,upper east side,40.77673,-73.95078,private room,100,1,7,2017-04-11,0.2,1,0
7500270,peaceful and spacious brooklyn gem,21742272,jenny,brooklyn,midwood,40.62467,-73.96406,entire home/apt,88,2,13,2017-09-14,0.37,1,0
7500390,modern apartment in noho / soho,11279503,bobby,manhattan,noho,40.7256,-73.99555,private room,125,1,3,2015-09-21,0.06,1,0
7501154,charming sunny studio - boerum hill,2260108,caroline,brooklyn,boerum hill,40.68852,-73.98697,entire home/apt,119,5,12,2017-08-21,0.25,1,0
7501668,"great room in bushwick, brooklyn!",39249461,justin,brooklyn,bushwick,40.70512,-73.92187,private room,65,3,3,2015-08-20,0.06,1,0
7501794,nice & sweat apartment in manhhatan,10131727,alex,manhattan,harlem,40.8051,-73.95069,entire home/apt,109,2,1,2015-09-03,0.02,1,0
7509362,great big upper west side apartment,29156329,andrew,manhattan,upper west side,40.8012,-73.96382,private room,87,3,9,2018-09-19,0.19,1,0
7510415,2 br modern apartment in historic harlem,30200529,mark,manhattan,harlem,40.81095,-73.9443,entire home/apt,185,2,12,2018-05-21,0.65,1,0
7512240,charming top floor apartment w/ roof patio,39355825,cole,brooklyn,williamsburg,40.71477,-73.94761,private room,70,5,5,2016-07-10,0.11,1,0
7512811,a true brooklyn experience,13873590,ricky,brooklyn,williamsburg,40.70884,-73.95742,private room,80,1,3,2015-08-24,0.06,1,0
7514135,"1 bedroom, bushwick, brooklyn",37407363,patrick,brooklyn,bushwick,40.70192,-73.92928,private room,45,1,7,2015-12-05,0.15,1,0
7516992,bedroom in midtown apartment,29544115,chisom,manhattan,midtown,40.75737,-73.96916,private room,70,1,1,2015-08-24,0.02,1,0
7517614,"cute, eclectic, & family friendly",39389693,sara,manhattan,washington heights,40.8327,-73.94486,entire home/apt,120,1,3,2015-09-19,0.06,1,0
7524934,large light-filled master bedroom.,39298265,julia,manhattan,harlem,40.80313,-73.95742,private room,60,2,1,2015-07-25,0.02,1,0
7526715,spacious bedroom in central harlem,11203708,elizabeth,manhattan,harlem,40.81189,-73.94148,private room,64,2,20,2018-12-09,0.42,1,0
7529231,"small one bedroom, brooklyn apt",39457267,mike,brooklyn,bedford-stuyvesant,40.68887,-73.95393,private room,40,1,2,2015-09-03,0.04,1,0
7531309,studio in the heart of wall street,810560,jen,manhattan,financial district,40.70552,-74.00841,entire home/apt,190,1,3,2015-07-25,0.06,1,0
7541444,beautiful treeline bk apartment!,1110017,bettina,brooklyn,greenpoint,40.72402,-73.9415,entire home/apt,149,5,2,2016-10-14,0.04,1,0
7542840,room in upper west side manhattan,31799541,eugene,manhattan,upper west side,40.79452,-73.97065,private room,75,1,12,2017-02-19,0.27,1,0
7545060,perfect uws studio sanctuary!,24265578,jasmine,manhattan,upper west side,40.79955,-73.96369,entire home/apt,125,2,7,2016-10-23,0.15,1,0
7545274,charming 1 bedroom apt - midtown east,25846948,morgan,manhattan,upper east side,40.7631,-73.96393,entire home/apt,151,3,19,2017-06-26,0.41,1,0
7546039,charming west village studio,39541748,marcello,manhattan,west village,40.73764,-73.99887,entire home/apt,185,3,4,2015-09-18,0.08,1,0
7547750,"entire, sunny apt in heart of lic",9970061,nicole,queens,long island city,40.7432,-73.95565,entire home/apt,139,2,6,2016-01-03,0.13,1,0
7555283,lovely 2 bedroom in upper west side,39599671,sara,manhattan,upper west side,40.79045,-73.97361,entire home/apt,200,5,12,2018-06-16,0.26,1,0
7560291,upper west side studio near all nyc,20670988,moran,manhattan,upper west side,40.794,-73.97632,entire home/apt,99,5,16,2017-08-08,0.34,1,0
7561314,private room in modern bushwick apt,39636434,peter,brooklyn,bushwick,40.69095,-73.92386,private room,48,4,8,2017-08-30,0.17,1,0
7561686,cozy large studio - yankee stadium,39639929,john,bronx,concourse,40.82381,-73.92725,entire home/apt,110,1,1,2015-08-08,0.02,1,0
7563487,great private room open for aug!!,3353772,jackie,brooklyn,williamsburg,40.70889,-73.94113,private room,75,1,1,2015-08-04,0.02,1,0
7563529,apartment in chelsea btwn 6th-7th aves,39652597,mackenzie,manhattan,chelsea,40.74466,-73.99504,entire home/apt,170,2,4,2016-09-22,0.09,1,0
7563717,spacious studio in midtown east,39655899,ron,manhattan,midtown,40.75176,-73.96921,entire home/apt,140,1,1,2015-08-26,0.02,1,0
7572637,lovely 2 bedroom prime location,4398238,andrew,brooklyn,prospect heights,40.67505,-73.96711,entire home/apt,175,2,5,2016-09-18,0.11,1,0
7573103,large 2.5 br apt in park slope,4565614,jonathan,brooklyn,south slope,40.66293,-73.9838,entire home/apt,135,1,3,2015-12-31,0.06,1,0
7573321,great nyc apartment,1242357,sam,manhattan,upper west side,40.79397,-73.97376,entire home/apt,175,3,1,2015-08-14,0.02,1,0
7579573,sunny nyc studio in prime location,39742177,elle,manhattan,upper west side,40.78323,-73.97721,entire home/apt,155,3,1,2015-08-07,0.02,1,0
7581690,spacious 2 bedroom apt,62791,tal,manhattan,harlem,40.81208,-73.95097,entire home/apt,125,3,1,2016-10-14,0.03,1,0
7583507,lovely clinton hill bedroom,23124921,kyle,brooklyn,clinton hill,40.68973,-73.96073,private room,65,2,2,2015-08-16,0.04,1,0
7593985,ues - private studio with kitchen,16382059,sabrina,manhattan,upper east side,40.77459,-73.9476,private room,115,2,18,2016-02-15,0.38,1,0
7597951,private br in modern apt @ les,17868326,joshua,manhattan,lower east side,40.72028,-73.98182,private room,80,3,1,2016-04-27,0.03,1,0
7602400,stylish 1 br in the heart of soho,2619307,kameryn & rob,manhattan,soho,40.72634,-74.00101,entire home/apt,180,3,6,2016-09-05,0.14,1,0
7611169,spacious bedroom with large closet & quiet balcony,39916890,marianne,manhattan,east village,40.7324,-73.98883,private room,95,4,3,2016-07-23,0.08,1,0
7611764,private bedroom in renovated apt,87494,kevin,manhattan,washington heights,40.83431,-73.9402,private room,70,2,2,2015-08-26,0.04,1,0
7615409,amazing 1 br apt les/chinatown nyc,39938343,aleksey,manhattan,lower east side,40.71813,-73.99231,entire home/apt,145,6,13,2018-06-03,0.27,1,0
7617511,cute room in williamburg,6828611,ashley,brooklyn,williamsburg,40.70854,-73.95281,private room,70,1,4,2015-12-29,0.09,1,0
7619996,"relaxing, cozy corner of harlem",16662303,grace,manhattan,harlem,40.81835,-73.94138,private room,50,1,2,2015-09-14,0.04,1,0
7620355,sunny large room in bushwick,38670785,maxime,brooklyn,bushwick,40.70189,-73.92872,private room,68,1,1,2015-08-31,0.02,1,0
7629563,bright and clean room for you!,13866555,kelli,brooklyn,bedford-stuyvesant,40.68268,-73.92825,private room,45,1,2,2015-09-03,0.04,1,0
7631585,spacious well kept apartment 5 min to midtown,40034304,finley,queens,long island city,40.75203,-73.9361,private room,80,3,8,2018-10-23,0.56,1,0
7632166,1 private bedroom in cozy apartment in brooklyn,4596309,daphne,brooklyn,bedford-stuyvesant,40.68317,-73.91432,private room,40,3,3,2016-09-12,0.07,1,0
7632182,murray hill luxury apt w/ balcony,40037773,brandon,manhattan,kips bay,40.7438,-73.9781,private room,90,3,19,2016-03-22,0.43,1,0
7632804,private room in shared apt.,40041424,marisela,brooklyn,crown heights,40.67215,-73.94281,private room,50,2,2,2015-09-09,0.04,1,0
7634327,spacious 2br duplex in east village,9584747,aaron,manhattan,east village,40.72178,-73.98212,entire home/apt,250,2,11,2017-01-03,0.24,1,0
7636280,calm and cute entire studio,40058595,sloane,manhattan,upper east side,40.77865,-73.94858,entire home/apt,175,2,4,2016-05-29,0.08,1,0
7637047,beautiful studio on park avenue,15090552,max,manhattan,midtown,40.74559,-73.98325,entire home/apt,175,1,1,2015-08-01,0.02,1,0
7643901,great location for new year's weekend,39706100,dan,manhattan,upper west side,40.79317,-73.96956,private room,90,3,6,2015-08-28,0.13,1,0
7644203,spacious private apt in pre-war building,33853401,frances,brooklyn,crown heights,40.67714,-73.9486,entire home/apt,130,2,3,2016-07-25,0.06,1,0
7646092,spacious room in williamsburg,24001156,jenny,brooklyn,williamsburg,40.71905,-73.94937,private room,48,5,3,2015-11-18,0.06,1,0
7647651,private bedroom in large loft,6072700,adam,brooklyn,red hook,40.67791,-74.0072,private room,55,5,5,2019-06-22,0.1,1,0
7651459,trendy tribeca soho suite,39726069,james,manhattan,tribeca,40.7187,-74.00384,private room,107,1,2,2015-09-30,0.04,1,0
7652929,studio apartment on upper west side,27784469,elizabeth,manhattan,upper west side,40.78557,-73.97214,private room,150,1,2,2015-08-23,0.04,1,0
7660853,lefferts garden 1 bedroom,40010465,luca,brooklyn,east flatbush,40.65429,-73.94917,private room,35,1,1,2015-08-31,0.02,1,0
7661020,marvelous manhattan apartment! deal,40204929,gian maria,manhattan,washington heights,40.83436,-73.94735,entire home/apt,99,5,5,2018-06-20,0.11,1,0
7662160,sunny private room in crown heights,6338005,joy,brooklyn,crown heights,40.67139,-73.94,private room,50,3,7,2017-07-29,0.15,1,0
7663730,private room in brooklyn,33007145,daphne,brooklyn,bushwick,40.69589,-73.93232,private room,65,1,3,2016-05-25,0.06,1,0
7664263,spacious fabulous harlem 1 bedroom,25266538,raval,manhattan,harlem,40.81541,-73.94149,entire home/apt,130,5,12,2017-05-27,0.25,1,0
7664343,"sunny, east village apartment!",15716203,morgane,manhattan,east village,40.72399,-73.98869,entire home/apt,180,2,2,2015-08-29,0.04,1,0
7665230,sunny master bedroom in sunset park,15892935,theresa,brooklyn,sunset park,40.64153,-74.01562,private room,50,1,2,2015-08-22,0.04,1,0
7665764,us open? perfect lg 1 br apartment,40244009,marvin,queens,sunnyside,40.73926,-73.92045,entire home/apt,150,3,2,2015-09-13,0.04,1,0
7677595,"bright, one-bedroom in brooklyn",326952,ingrid,brooklyn,prospect heights,40.67309,-73.96354,entire home/apt,95,3,4,2015-11-25,0.09,1,0
7678187,stylish modern comfort in bed-stuy,40319733,sam,brooklyn,bedford-stuyvesant,40.68548,-73.94988,entire home/apt,110,2,3,2015-09-24,0.06,1,0
7678453,beautiful sunny bedroom in bedstuy,39197422,caitlin,brooklyn,bedford-stuyvesant,40.69025,-73.9303,private room,60,5,1,2016-03-28,0.03,1,0
7679094,bright and airy astoria loft,3130040,ana maría,queens,ditmars steinway,40.77679,-73.9212,entire home/apt,175,2,7,2018-10-07,0.15,1,0
7679691,nice bedroom - lower east side,7065413,johanna,manhattan,lower east side,40.72014,-73.98498,private room,80,1,2,2015-08-24,0.04,1,0
7689495,cosy apartment in carroll gardens,33064750,suzan,brooklyn,carroll gardens,40.68282,-73.99774,entire home/apt,160,5,2,2017-08-08,0.06,1,0
7693124,upper west side 64th and amsterdam,20691165,ahnastasia,manhattan,upper west side,40.77368,-73.98704,private room,60,3,4,2017-08-01,0.08,1,0
7694064,quiet sanctuary right by the subway,24666317,keenan,brooklyn,clinton hill,40.68443,-73.96737,private room,77,2,12,2018-08-19,0.25,1,0
7694418,close to central park,1784925,karen,manhattan,upper west side,40.791,-73.96809,entire home/apt,150,3,10,2018-01-02,0.21,1,0
7696314,private bedroom in midtown west,16932691,tarin,manhattan,hell's kitchen,40.75946,-73.99083,private room,70,1,5,2015-10-22,0.11,1,0
7696843,room in the heart of williamsburg,40425528,matthew,brooklyn,williamsburg,40.71608,-73.95967,private room,60,3,1,2015-10-21,0.02,1,0
7697256,room in a lovely uws apartement,17326743,antoine,manhattan,upper west side,40.78506,-73.97723,private room,130,1,9,2016-03-30,0.19,1,0
7697425,private room in williamsburg loft,40428881,miles,brooklyn,williamsburg,40.71119,-73.96471,private room,99,3,1,2015-10-26,0.02,1,0
7699516,huge 2 bdrm 30 m ride from midtown,40443551,sherry,manhattan,washington heights,40.8508,-73.94004,entire home/apt,112,1,1,2015-09-02,0.02,1,0
7699542,master bedroom in a 3br apt in ues,22703843,haïssam,manhattan,upper east side,40.76102,-73.96124,private room,95,1,1,2015-08-07,0.02,1,0
7700185,cozy studio apartment in w harlem.,40448425,grayson,manhattan,harlem,40.81882,-73.9468,entire home/apt,77,1,1,2015-08-31,0.02,1,0
7700741,spacious private room near train station :-)!,3284564,mahrokh,manhattan,harlem,40.81406,-73.95282,private room,69,2,1,2015-09-22,0.02,1,0
7707274,"sunny, top-floor apt (east village)",19056507,anastasia (tess),manhattan,east village,40.72448,-73.9895,entire home/apt,175,2,9,2017-09-17,0.19,1,0
7710250,midtown east bedroom available,40503855,dana,manhattan,midtown,40.75669,-73.96411,private room,90,1,3,2015-10-11,0.06,1,0
7711161,large and sunny room in downtown ny,3737483,miguel,manhattan,chinatown,40.71382,-73.99769,private room,75,6,2,2016-04-30,0.05,1,0
7713509,"brooklyn, clinton hill, private rm",12303720,cameron,brooklyn,clinton hill,40.68405,-73.96681,private room,75,3,2,2015-09-14,0.04,1,0
7715344,1 bedroom apart in spanish harlem,15581933,mary,manhattan,east harlem,40.79324,-73.94513,entire home/apt,90,2,4,2016-03-31,0.08,1,0
7716148,whole floor in cobble hill,40206276,jon,brooklyn,cobble hill,40.6881,-73.99498,entire home/apt,145,2,4,2016-07-08,0.09,1,0
7717284,"brooklyn apt near park, franklin av",27474206,juliana,brooklyn,crown heights,40.67317,-73.95419,private room,45,1,1,2015-12-12,0.02,1,0
7725030,contemporary clinton hill 1br condo,7456416,leah,brooklyn,clinton hill,40.6867,-73.9621,entire home/apt,250,1,2,2015-11-29,0.04,1,0
7725075,come be a part of nyc,40591396,eric,queens,long island city,40.74229,-73.95427,private room,70,1,5,2015-10-11,0.1,1,0
7725573,huge private bedroom in harlem apt,10872717,mala,manhattan,harlem,40.81469,-73.94887,private room,75,1,1,2016-03-31,0.03,1,0
7728018,beautiful upper east side,40608098,nicole,manhattan,east harlem,40.78502,-73.94763,entire home/apt,189,1,14,2015-11-29,0.3,1,0
7728262,sunny bed-stuy cove,23420949,bekah,brooklyn,bedford-stuyvesant,40.69451,-73.94419,entire home/apt,70,1,2,2015-08-17,0.04,1,0
7731215,beautiful studio near times square,21297782,david,manhattan,hell's kitchen,40.76292,-73.99551,entire home/apt,140,5,5,2016-10-07,0.11,1,0
7731348,perfect uws apartment,40627479,mindy,manhattan,upper west side,40.79433,-73.97333,entire home/apt,175,1,5,2015-11-19,0.11,1,0
7733241,amazing room in williamsburg house,16683784,charles,brooklyn,williamsburg,40.71375,-73.94342,private room,72,2,5,2017-06-30,0.11,1,0
7733315,sunny and spacious respite,3010260,genevieve & brett,brooklyn,crown heights,40.66983,-73.95332,entire home/apt,198,4,4,2018-08-12,0.08,1,0
7733651,perfect 2br for a family!,36539736,katie,brooklyn,boerum hill,40.68658,-73.9891,entire home/apt,180,2,17,2017-01-01,0.36,1,0
7740527,sunny air conditioned bedroom,40684968,matt,manhattan,harlem,40.8127,-73.95004,private room,60,1,1,2015-08-09,0.02,1,0
7742486,"charming park slope 1br! near f, g, r",40695843,maia,brooklyn,park slope,40.67202,-73.98531,entire home/apt,145,5,18,2019-01-03,0.5,1,0
7742889,"cozy, parkside room in inwood",8692598,jen,manhattan,inwood,40.86363,-73.93002,private room,48,1,5,2015-09-27,0.11,1,0
7745868,private room in east williamsburg,7876900,taylor,brooklyn,williamsburg,40.7088,-73.93983,private room,45,1,3,2016-03-30,0.06,1,0
7748422,great 4 fl walk up studio apt w/den,1353426,katie,brooklyn,clinton hill,40.68202,-73.96273,entire home/apt,145,3,2,2018-09-24,0.06,1,0
7749239,"1br w/roof: williamsburg, brooklyn",10784441,aaron,brooklyn,williamsburg,40.7149,-73.95588,entire home/apt,111,2,15,2017-12-24,0.32,1,0
7749367,"park slope gem, best of brooklyn",40732314,catherine,brooklyn,park slope,40.67621,-73.97238,entire home/apt,140,5,1,2015-09-03,0.02,1,0
7754916,awesome room! 10 min to the city!!,15931768,teodoro,brooklyn,bedford-stuyvesant,40.69704,-73.94761,private room,60,5,2,2015-09-29,0.04,1,0
7756711,charming garden apt in a brownstone,40784273,anne,brooklyn,bedford-stuyvesant,40.68266,-73.91819,entire home/apt,99,5,1,2015-08-27,0.02,1,0
7758577,2 bed apart in the heart of chelsea,30669247,rui,manhattan,chelsea,40.74313,-73.99844,entire home/apt,175,3,2,2016-03-12,0.04,1,0
7761394,one room in a 4 bedroom apt.,40812084,chris,brooklyn,bedford-stuyvesant,40.68647,-73.92494,private room,45,4,2,2015-09-29,0.04,1,0
7762201,"studio apartment, brooklyn",3189999,sebastian,brooklyn,bedford-stuyvesant,40.6831,-73.94962,entire home/apt,99,5,1,2015-09-08,0.02,1,0
7764285,spacious modern williamsburg apt,489734,andrew,brooklyn,williamsburg,40.71264,-73.94622,entire home/apt,185,3,8,2016-07-01,0.17,1,0
7771777,private bedroom and bathroom,14139134,eliza,manhattan,morningside heights,40.8061,-73.96641,private room,90,1,1,2015-08-14,0.02,1,0
7772377,"large, spacious, bright apartment",16000650,jamal,brooklyn,park slope,40.68193,-73.97807,entire home/apt,150,5,1,2015-09-12,0.02,1,0
7775128,quiet apartment in chelsea,2640056,yuval,manhattan,chelsea,40.74148,-74.00048,entire home/apt,225,4,2,2016-10-13,0.04,1,0
7775627,bright apartment in lower manhattan,40905449,abby,manhattan,financial district,40.70689,-74.01451,entire home/apt,160,2,7,2016-07-01,0.15,1,0
7775711,1 bedroom in bed-stuy,33190103,kris,brooklyn,bedford-stuyvesant,40.69113,-73.9478,entire home/apt,70,2,1,2015-08-11,0.02,1,0
7780335,sunny studio in williamsburg,7285322,allie,brooklyn,williamsburg,40.71607,-73.95352,entire home/apt,150,3,9,2017-12-29,0.2,1,0
7785582,basement room with private bathroom,11048791,jarred,brooklyn,bushwick,40.70068,-73.91621,private room,40,7,2,2018-05-22,0.04,1,0
7786903,huge bedroom in brooklyn duplex!,4263734,nisa,brooklyn,crown heights,40.67195,-73.95535,private room,70,3,8,2016-10-10,0.17,1,0
7790911,"clean,huge furnished room in safe neighborhood",16962694,guanshan,brooklyn,bensonhurst,40.60788,-73.98161,private room,69,7,3,2015-09-27,0.06,1,0
7798327,private bedroom in lower east side,41046343,brian,manhattan,lower east side,40.72235,-73.98769,private room,75,1,1,2015-09-04,0.02,1,0
7798935,large & very comfortable 2br/2bath by ditmas park,33593407,stefan,brooklyn,flatbush,40.63219,-73.95835,entire home/apt,90,1,3,2016-07-10,0.06,1,0
7801169,spacious apt in the heart of ev,1619994,emma,manhattan,east village,40.72822,-73.98639,entire home/apt,150,4,11,2019-04-09,0.25,1,0
7802086,sunny apt in prime location,12904034,shan,queens,long island city,40.74462,-73.95521,entire home/apt,80,2,1,2015-09-14,0.02,1,0
7803828,spacious private bedroom,8375500,rosario,manhattan,washington heights,40.83261,-73.94328,private room,46,2,9,2017-05-20,0.19,1,0
7805443,simple and central near times sq,30467944,reymon,manhattan,hell's kitchen,40.76294,-73.99248,private room,92,2,1,2015-09-16,0.02,1,0
7807146,uws private bedroom with patio,37353953,sabrina,manhattan,upper west side,40.78101,-73.98533,private room,70,3,4,2016-09-07,0.11,1,0
7807454,ideal downtown brooklyn 1 bedroom,16853124,james,brooklyn,boerum hill,40.68671,-73.98541,entire home/apt,75,1,2,2015-09-30,0.04,1,0
7808266,garden apt with private backyard,40080883,jill,brooklyn,williamsburg,40.71225,-73.96246,entire home/apt,150,2,1,2015-10-28,0.02,1,0
7808565,room w private bath in brooklyn,6947307,charles,brooklyn,williamsburg,40.70497,-73.94194,private room,75,1,1,2015-09-07,0.02,1,0
7810109,1 bedroom garden apartment,30247185,samantha,queens,ridgewood,40.70994,-73.90201,entire home/apt,65,1,2,2015-09-03,0.04,1,0
7818701,brooklyn studio near all subways,41162207,edixon,brooklyn,fort greene,40.68854,-73.97789,entire home/apt,85,2,4,2017-01-20,0.13,1,0
7819704,quaint sunny apartment in bed-stuy,40070423,stephanie,brooklyn,bedford-stuyvesant,40.68741,-73.92622,private room,70,3,5,2016-05-16,0.11,1,0
7821813,sunny apartment in greenpoint,1249116,eric,brooklyn,greenpoint,40.72971,-73.95834,private room,135,7,2,2015-09-18,0.04,1,0
7823121,nice private room near columbia u.,37402024,shichao,manhattan,morningside heights,40.80379,-73.96571,private room,80,1,4,2015-08-29,0.08,1,0
7823396,quiet home away from home,41190629,michael,brooklyn,crown heights,40.66443,-73.94822,entire home/apt,90,1,3,2015-10-12,0.06,1,0
7824018,"hell's kitchen, the ❤️ of the city!",41193978,caroline,manhattan,hell's kitchen,40.76222,-73.99088,private room,100,3,4,2016-10-15,0.09,1,0
7827616,private room in cozy nyc apartment,41219108,darsell,queens,astoria,40.76257,-73.91803,private room,50,3,1,2016-09-05,0.03,1,0
7828204,large room close to nyc,30379314,caitlin,queens,sunnyside,40.74447,-73.92547,private room,50,1,1,2015-09-09,0.02,1,0
7831486,private room in financial district!,41240531,lauren,manhattan,financial district,40.70501,-74.01395,private room,90,5,2,2016-05-26,0.05,1,0
7834712,sunny 1 bedroom in brooklyn,41262382,catherine,brooklyn,bedford-stuyvesant,40.68237,-73.95257,entire home/apt,85,2,10,2018-11-15,0.21,1,0
7835470,"spacious, 2 bedroom bed stuy home",2682346,seema n james,brooklyn,bedford-stuyvesant,40.6891,-73.93926,entire home/apt,75,2,4,2016-06-27,0.08,1,0
7835680,west village one bedroom,1302599,ashley,manhattan,west village,40.72966,-74.00234,entire home/apt,150,2,1,2015-09-27,0.02,1,0
7835778,bright room in quiet brooklyn home,40693481,miles,brooklyn,kensington,40.64493,-73.97801,private room,38,5,1,2015-08-31,0.02,1,0
7836591,true brooklyn loft,10786794,fig,brooklyn,williamsburg,40.70492,-73.93832,private room,70,3,1,2015-08-23,0.02,1,0
7839972,manhattan penthouse 1 bdrm apt,2905589,phong,manhattan,midtown,40.74645,-73.9853,entire home/apt,239,4,4,2015-10-26,0.09,1,0
7841464,williamsburg crow's nest,3064885,michael,brooklyn,williamsburg,40.71086,-73.96088,private room,50,1,2,2015-09-06,0.04,1,0
7841904,modern private room in meatpacking,24976518,mike,manhattan,west village,40.74005,-74.00466,private room,75,3,4,2017-01-02,0.09,1,0
7843122,luxury highrise condominium,8475475,claire,manhattan,upper west side,40.78128,-73.98184,entire home/apt,149,2,3,2016-05-22,0.06,1,0
7844193,great crown heights room (w/ roof!),14199417,preston,brooklyn,crown heights,40.67053,-73.95136,private room,45,1,1,2015-08-24,0.02,1,0
7853110,"carroll gardens, 25 ft from f/g",631747,logan,brooklyn,carroll gardens,40.67986,-73.9945,private room,60,2,1,2015-08-23,0.02,1,0
7853584,charming apt in historic harlem,41385305,khalid,manhattan,harlem,40.81899,-73.94694,entire home/apt,80,2,1,2016-03-09,0.02,1,0
7854999,private bedroom in greenpoint pad,41392993,niki,brooklyn,greenpoint,40.72555,-73.94846,private room,50,3,2,2016-07-02,0.05,1,0
7858096,large bedroom in kips bay/gramercy,41411803,dan,manhattan,gramercy,40.7357,-73.98087,private room,87,3,3,2015-10-05,0.06,1,0
7858541,creative nolita apartment,6181443,gehad,manhattan,nolita,40.71987,-73.99436,entire home/apt,225,5,9,2017-10-15,0.33,1,0
7864877,bright and convenient 2 br,36264666,dins,manhattan,harlem,40.80156,-73.95128,entire home/apt,240,3,2,2015-08-30,0.04,1,0
7867805,best location in manhattan,41464907,furkan,manhattan,kips bay,40.74086,-73.9803,entire home/apt,67,1,1,2015-08-20,0.02,1,0
7870442,spacious upper west side studio,25613217,maya,manhattan,upper west side,40.80049,-73.96064,entire home/apt,96,1,2,2016-07-04,0.05,1,0
7872172,"private room, home away from home",1212731,emilia,manhattan,upper west side,40.79943,-73.968,private room,65,1,2,2016-09-02,0.04,1,0
7872617,stylish uptown 2bd family apt,38337141,natalie,manhattan,washington heights,40.84984,-73.94187,entire home/apt,225,3,2,2015-09-27,0.04,1,0
7873524,lovely apartment at central park,37282412,meredith,manhattan,harlem,40.80009,-73.95313,entire home/apt,130,3,1,2015-09-07,0.02,1,0
7874958,luxury williamsburg apt with views,10447370,jennifer,brooklyn,williamsburg,40.7167,-73.95272,entire home/apt,210,2,2,2015-12-02,0.04,1,0
7880998,nomad one bedroom on park ave,41543076,kelsey,manhattan,midtown,40.74321,-73.98474,entire home/apt,175,7,1,2016-07-01,0.03,1,0
7881023,charming chelsea home,66354,laura,manhattan,chelsea,40.7468,-74.00493,entire home/apt,175,1,6,2016-05-07,0.13,1,0
7884731,big spacious room - north manhattan,41565192,austin,manhattan,washington heights,40.84877,-73.93515,private room,43,3,1,2015-08-27,0.02,1,0
7885044,bedroom in williamsburg's heart,20792304,baptiste,brooklyn,williamsburg,40.71413,-73.95044,private room,79,2,3,2015-08-31,0.06,1,0
7897229,bright comfy studio!,598090,adrienne,manhattan,upper west side,40.777,-73.97708,private room,180,1,8,2017-07-30,0.17,1,0
7898302,upper west side charming brownstone,41644172,jody,manhattan,upper west side,40.78888,-73.97723,entire home/apt,150,1,1,2015-08-19,0.02,1,0
7899605,cozy room close to tour sites,39472987,eileen,manhattan,harlem,40.82861,-73.94127,private room,58,1,5,2016-09-19,0.11,1,0
7900119,bright room in williamsburg,2697468,vera,brooklyn,williamsburg,40.71058,-73.95191,private room,80,1,2,2015-09-26,0.04,1,0
7901715,cozy bedroom with full-size bed,29599415,zhaoyu,manhattan,harlem,40.80356,-73.95666,private room,60,1,2,2015-09-15,0.04,1,0
7901928,cozy room in the heart of astoria,4646764,amanda,queens,astoria,40.76281,-73.91554,private room,60,1,2,2015-11-09,0.04,1,0
7902291,"large room, rooftop, queen bed",41667978,doreen,manhattan,lower east side,40.71449,-73.987,private room,70,2,1,2015-09-05,0.02,1,0
7911249,huge room in lower east side loft,16430135,hannes,manhattan,lower east side,40.71846,-73.98672,private room,80,4,3,2015-12-19,0.06,1,0
7913704,quiet room in harlem apartment,2405940,hannah,manhattan,harlem,40.82457,-73.94984,private room,42,2,3,2016-09-06,0.08,1,0
7914401,the perfect nightlife spot,22282829,kyle,manhattan,east village,40.72686,-73.98743,private room,69,5,10,2017-10-08,0.28,1,0
7916103,sunny private room by prospect park,29235148,ehi,brooklyn,prospect-lefferts gardens,40.65508,-73.95689,private room,60,2,3,2016-09-24,0.07,1,0
7916802,exposed brick room- columbus circle,20336015,miranda,manhattan,hell's kitchen,40.7699,-73.98985,private room,120,1,1,2015-09-07,0.02,1,0
7917755,comfort & ease in east village 1br,16262059,nathan,manhattan,east village,40.72304,-73.97696,entire home/apt,180,1,1,2015-09-27,0.02,1,0
7919803,comfy & charming 2 bedroom home,4549552,jill,brooklyn,bedford-stuyvesant,40.69118,-73.95928,entire home/apt,160,2,14,2016-05-21,0.3,1,0
7920394,soho- spacious 1 bed/bath- private apartment,6272532,dan,manhattan,soho,40.72521,-74.00213,entire home/apt,145,5,8,2018-09-04,0.19,1,0
7922002,studio in heart of les (manhattan),41775303,shinsuke,manhattan,lower east side,40.72131,-73.98541,entire home/apt,100,3,1,2015-09-06,0.02,1,0
7932428,bushwick 1 bedroom w/ private roof,21468915,adrianna,brooklyn,bushwick,40.69559,-73.92783,entire home/apt,80,1,1,2015-09-07,0.02,1,0
7933773,bk sunny 1 br close to trains,41764756,luz,brooklyn,prospect-lefferts gardens,40.65602,-73.95891,entire home/apt,130,3,20,2018-09-25,0.43,1,0
7936698,"spacious, sunny bedroom next to prospect park!",2128535,lily,brooklyn,prospect-lefferts gardens,40.6602,-73.96246,private room,50,3,5,2017-01-14,0.11,1,0
7938424,carroll gardens brownstone,5504415,bailey,brooklyn,carroll gardens,40.68129,-73.99426,entire home/apt,110,1,2,2015-09-26,0.04,1,0
7938492,upper east side studio,355259,priscilla,manhattan,upper east side,40.76637,-73.95345,entire home/apt,118,1,2,2016-08-23,0.04,1,0
7939788,apt. with yard near central park,26297795,jesse,manhattan,east harlem,40.79025,-73.9482,private room,75,1,5,2016-06-28,0.11,1,0
7955150,entire apartment in south slope,41951749,erin,brooklyn,south slope,40.66495,-73.99147,entire home/apt,120,2,8,2015-11-10,0.17,1,0
7956643,authentic brooklyn - near prospect park,3251778,megan,brooklyn,crown heights,40.67323,-73.9619,entire home/apt,125,2,4,2016-10-16,0.09,1,0
7962707,spacious apt close to manhattan!!,42008401,adam,queens,long island city,40.75403,-73.91814,entire home/apt,140,1,9,2016-04-19,0.19,1,0
7965847,modern room near express train to manhattan,2762022,skye,brooklyn,bedford-stuyvesant,40.69398,-73.9338,private room,48,4,22,2018-12-17,0.47,1,0
7967829,bright large bedroom in bushwick,42043282,arielle,brooklyn,bushwick,40.70335,-73.92891,private room,70,2,1,2015-09-07,0.02,1,0
7968283,large room & private bathroom,42045746,owen,brooklyn,bushwick,40.68935,-73.9127,private room,45,1,1,2015-10-06,0.02,1,0
7972825,"lovely, kitschy 1br + foldout couch",42073103,brent,queens,astoria,40.75535,-73.92609,entire home/apt,100,2,4,2015-11-29,0.09,1,0
7972839,spacious apt. near prospect park,1287826,alexander,brooklyn,prospect heights,40.67603,-73.96941,entire home/apt,135,4,2,2015-10-17,0.04,1,0
7973730,sunny williamsburg apartment,5828974,farah,brooklyn,williamsburg,40.71147,-73.95312,entire home/apt,150,6,2,2017-07-12,0.04,1,0
7973933,the blue room,42082221,katherine,manhattan,washington heights,40.83713,-73.94343,private room,60,1,3,2016-07-20,0.07,1,0
7979200,1 bed apt in clintonhill brownstone,12739246,pete,brooklyn,bedford-stuyvesant,40.68426,-73.95669,entire home/apt,95,5,11,2016-09-03,0.23,1,0
7979433,comfortable 1b in hot-spot queens,37801911,marissa,queens,astoria,40.75959,-73.92439,entire home/apt,100,1,2,2015-09-21,0.04,1,0
7982720,"spacious one bedroom in prewar building, ft greene",41112084,aria,brooklyn,clinton hill,40.68817,-73.96852,entire home/apt,145,3,3,2018-05-29,0.06,1,0
7985537,cozy apartment in bklyn near prospect park!,15311573,alicia and zach,brooklyn,prospect-lefferts gardens,40.65798,-73.95985,private room,83,3,14,2017-01-02,0.31,1,0
7988385,"cozy, simple, uncluttered.",42160853,jessica,brooklyn,bedford-stuyvesant,40.68625,-73.93003,private room,45,1,2,2015-08-28,0.04,1,0
7998385,spectacular manhattan skyline view,975656,jennifer,brooklyn,crown heights,40.66783,-73.93042,entire home/apt,100,5,11,2017-07-28,0.24,1,0
8000640,1 bedroom apt with private garden,42233780,nicole,brooklyn,clinton hill,40.69485,-73.96254,entire home/apt,150,2,9,2017-05-19,0.2,1,0
8000716,luxury 1 bedroom apartment  midtown manhattan,3348610,ronnie,manhattan,chelsea,40.75014,-73.99069,entire home/apt,250,6,17,2019-06-16,0.37,1,0
8005645,best deal – 1br apt – 15 min from manhattan!,11360525,james,queens,sunnyside,40.74667,-73.92361,entire home/apt,130,5,4,2019-01-03,0.09,1,0
8012041,bedroom by the river,16762482,tessa marie,brooklyn,greenpoint,40.73219,-73.95776,private room,49,1,16,2016-01-14,0.34,1,0
8012334,2 br/2ba near lincoln center/central park/trains,21267483,monica,manhattan,upper west side,40.77569,-73.98028,entire home/apt,250,1,3,2016-11-26,0.07,1,0
8013947,iconic studio midtown 5th avenue!,29338009,guilherme,manhattan,midtown,40.74921,-73.98445,entire home/apt,185,7,17,2018-03-31,0.36,1,0
8014087,prime location chelsea/flatiron rm,38857566,gabi,manhattan,chelsea,40.74042,-73.99714,private room,100,1,2,2018-01-01,0.04,1,0
8014298,best quick stay crown heights bklyn,42315851,matthew,brooklyn,crown heights,40.66827,-73.93255,private room,50,1,1,2015-09-06,0.02,1,0
8014315,cozy victorian hideaway in bushwick,259826,cass,brooklyn,bushwick,40.69312,-73.9236,private room,50,1,1,2015-10-08,0.02,1,0
8014811,1 bedroom/1 bath/balcony/wash-dryer,42320409,timothy,brooklyn,williamsburg,40.7076,-73.94072,entire home/apt,87,1,3,2015-10-24,0.07,1,0
8015917,room in brownstone apartment,12474780,mike,brooklyn,park slope,40.66948,-73.97797,private room,30,1,6,2016-08-01,0.14,1,0
8031617,"big private, sunny, and quiet room",28185540,ayse,brooklyn,williamsburg,40.7083,-73.95473,private room,60,1,4,2016-05-28,0.1,1,0
8032689,charming studio in prospect heights,2073942,miriam,brooklyn,prospect heights,40.67874,-73.96842,entire home/apt,150,1,1,2015-09-24,0.02,1,0
8033860,spacious 1 bedroom apartment,42418809,mallory,manhattan,washington heights,40.85563,-73.93509,entire home/apt,74,1,3,2015-11-01,0.07,1,0
8034514,sunny & spacious apartment in les,1346505,jovan & zaga,manhattan,lower east side,40.72045,-73.99016,entire home/apt,250,3,4,2016-02-13,0.09,1,0
8035074,beautiful brownstone near the park,58546,jason,manhattan,upper west side,40.79791,-73.96951,entire home/apt,130,3,4,2015-09-21,0.09,1,0
8042732,beautiful one bedroom apartment,1229609,glenn,brooklyn,bedford-stuyvesant,40.68581,-73.95218,entire home/apt,125,3,2,2016-09-28,0.06,1,0
8043824,spacious williamsburg apartment,183594,hannah,brooklyn,williamsburg,40.71693,-73.94477,entire home/apt,149,1,7,2016-08-15,0.15,1,0
8047711,"clean, modern, minimal bedroom",23027887,john,brooklyn,greenpoint,40.72569,-73.95179,private room,55,4,2,2015-12-30,0.04,1,0
8052159,"great studio- east village, nyc",42524168,peter,manhattan,east village,40.72351,-73.98288,entire home/apt,110,4,6,2016-06-06,0.13,1,0
8052243,modern 1br apt in williamsburg,16396888,emily,brooklyn,williamsburg,40.71062,-73.95274,entire home/apt,250,1,3,2015-09-25,0.06,1,0
8052841,"bright, spacious, midtown studio",39084892,devon,manhattan,midtown,40.75512,-73.96826,entire home/apt,150,4,15,2017-01-03,0.32,1,0
8053664,bare bones backyard bungalow,1112829,erin,brooklyn,bushwick,40.70011,-73.92119,private room,40,5,1,2015-09-18,0.02,1,0
8065272,bright & quiet west village studio,2928867,irene,manhattan,west village,40.7354,-74.00861,entire home/apt,179,2,10,2019-01-01,0.22,1,0
8067561,private room with queen size bed.,19510122,frank,brooklyn,prospect-lefferts gardens,40.65603,-73.95798,private room,40,2,9,2016-09-11,0.2,1,0
8071607,lovely duplex in williamsburg,22470446,louise,brooklyn,williamsburg,40.70803,-73.94868,private room,45,3,2,2015-10-11,0.04,1,0
8077469,"cozy room, great area, near train",42667448,rachel,brooklyn,williamsburg,40.71982,-73.94409,private room,46,7,2,2016-08-07,0.04,1,0
8083931,private bedroom in refurbished apt!,15585119,ryan,brooklyn,bushwick,40.70111,-73.92935,private room,65,1,1,2015-09-08,0.02,1,0
8087725,beautiful upper east 1 bedroom,12483260,chris,manhattan,upper east side,40.77343,-73.95651,entire home/apt,118,1,1,2015-08-31,0.02,1,0
8100914,beautiful apt on the upperwest,20739852,jenn,manhattan,upper west side,40.79494,-73.97221,entire home/apt,168,1,2,2016-01-06,0.04,1,0
8101258,cozy studio apartment,39156453,yessenia,brooklyn,south slope,40.66594,-73.98814,entire home/apt,110,2,10,2016-06-19,0.22,1,0
8101762,spacious & sunny 1 bdrm w views,16420179,natasha,brooklyn,columbia st,40.68274,-74.00433,entire home/apt,125,2,2,2015-09-28,0.04,1,0
8101848,"charming, exposed brick 1 bedroom",5489956,megan,brooklyn,fort greene,40.68886,-73.97687,entire home/apt,125,3,3,2015-12-01,0.06,1,0
8102145,charming uws private room,26163238,nadalie,manhattan,upper west side,40.78856,-73.97368,private room,115,1,1,2017-06-04,0.04,1,0
8104879,here comes the sun!,1831760,vishnu,brooklyn,gowanus,40.68334,-73.9847,private room,64,7,1,2015-10-03,0.02,1,0
8105749,beautiful 1 bedroom in city center,23613165,gia,manhattan,midtown,40.75932,-73.96396,entire home/apt,140,2,2,2016-01-07,0.04,1,0
8106902,cosy clean modern apartment,202211,pon,manhattan,gramercy,40.73284,-73.98511,entire home/apt,160,2,1,2015-09-13,0.02,1,0
8110973,spacious 1 bedroom in east village,2035326,katie,manhattan,east village,40.72873,-73.98399,entire home/apt,225,2,2,2015-09-27,0.04,1,0
8113156,room in heart of williamsburg,23075765,amandine,brooklyn,williamsburg,40.7151,-73.96037,private room,60,1,2,2015-11-29,0.04,1,0
8114144,sunny duplex in heart of bushwick,9659956,alexandra,brooklyn,bushwick,40.7027,-73.92811,entire home/apt,120,1,2,2015-10-26,0.04,1,0
8114639,cozy private bedroom in heart of williamsburg,19058116,sarah,brooklyn,williamsburg,40.7105,-73.94693,private room,50,1,3,2016-07-29,0.08,1,0
8118692,charming studio by bryant park,37670256,elaine,manhattan,midtown,40.75245,-73.98442,entire home/apt,170,1,3,2016-04-20,0.07,1,0
8131285,modern one bed in alphabet city,17478311,stephen,manhattan,east village,40.72573,-73.97926,entire home/apt,129,3,5,2018-06-28,0.11,1,0
8131995,studio with million dollar views,42942193,john,manhattan,kips bay,40.73845,-73.9795,entire home/apt,165,3,2,2017-09-22,0.04,1,0
8133707,best private room in times sq!,42951928,prashanth,manhattan,theater district,40.76205,-73.9845,private room,49,1,8,2017-08-21,0.18,1,0
8135887,private room in modern apartment,27362570,autumn,queens,ridgewood,40.70136,-73.89608,private room,52,1,4,2015-10-24,0.09,1,0
8139311,modern beauty in brooklyn!,7849109,victoria,brooklyn,bedford-stuyvesant,40.68041,-73.92972,entire home/apt,280,1,1,2015-10-12,0.02,1,0
8144049,sunny room in historic central harlem,2126994,andres,manhattan,harlem,40.80679,-73.94408,private room,62,3,5,2018-06-01,0.11,1,0
8145339,chelsea 2-bedroom doorman apt new,24430182,carole,manhattan,chelsea,40.74318,-73.9982,entire home/apt,129,1,6,2016-11-27,0.13,1,0
8145441,roomy brooklyn brownstone,7950356,liz,brooklyn,park slope,40.66766,-73.98257,entire home/apt,175,2,10,2016-09-14,0.25,1,0
8146444,sunny 1 bedroom in brooklyn!,12796091,rebeckah,brooklyn,crown heights,40.67658,-73.95786,entire home/apt,90,3,14,2017-01-02,0.3,1,0
8146609,large room in williamsburg,8860559,james,brooklyn,williamsburg,40.70939,-73.95155,private room,77,4,1,2015-09-13,0.02,1,0
8151536,sunny room in williamsburg brooklyn,24982391,maythem,brooklyn,williamsburg,40.71248,-73.96379,private room,90,1,5,2015-10-19,0.11,1,0
8151605,amazing 2br in bed-stuy,1740952,kaila,brooklyn,bedford-stuyvesant,40.68355,-73.94129,entire home/apt,180,2,1,2015-09-26,0.02,1,0
8153005,sunny 2 br apartment in e village,19966390,john,manhattan,east village,40.72845,-73.97989,entire home/apt,200,2,3,2015-10-12,0.06,1,0
8153235,large room in central soho,28888685,shakeh,manhattan,soho,40.72528,-74.00223,private room,72,2,5,2016-09-30,0.11,1,0
8162587,studio in midtown east (1 q+couch),43082153,ema,manhattan,midtown,40.75249,-73.96866,entire home/apt,120,4,3,2016-07-10,0.06,1,0
8164877,private room 1 stop from manhattan,9862206,devon,brooklyn,williamsburg,40.71697,-73.95919,private room,70,1,19,2016-07-01,0.41,1,0
8165315,1br in spacious 3bed/3ba w/backyard,19990876,sharan,brooklyn,bedford-stuyvesant,40.68389,-73.95557,private room,80,3,4,2016-06-23,0.09,1,0
8166218,spacious parisian style apartment,2881763,miguel,manhattan,chelsea,40.73921,-73.99717,entire home/apt,220,2,3,2016-11-18,0.06,1,0
8166737,1 bedroom prospect-lefferts gardens,6101617,joe,brooklyn,prospect-lefferts gardens,40.65845,-73.96131,entire home/apt,89,4,3,2016-05-30,0.07,1,0
8170276,beautiful 2br apt in ues nyc,43119699,shea,manhattan,upper east side,40.78222,-73.94791,entire home/apt,100,1,1,2015-09-09,0.02,1,0
8173226,small cosy room in lower east side,12485696,julien,manhattan,chinatown,40.71343,-73.99532,private room,60,2,3,2015-10-19,0.07,1,0
8174397,roosevelt island-great location,9511935,jocelyn,manhattan,roosevelt island,40.76641,-73.94561,shared room,45,1,1,2015-09-13,0.02,1,0
8184502,private room in luxury building,43175172,keith,manhattan,financial district,40.7066,-74.00396,private room,120,1,2,2015-09-27,0.04,1,0
8186068,bright&beautiful br in williamsburg,2182167,mez,brooklyn,williamsburg,40.71288,-73.94137,private room,80,2,2,2015-09-23,0.04,1,0
8186181,amazing location large studio centrally located,56350,steven,manhattan,midtown,40.75463,-73.97445,entire home/apt,124,2,14,2018-06-28,0.42,1,0
8186924,airy 1500 sq ft exposed brick apt,22751337,philip,brooklyn,fort greene,40.69262,-73.97245,entire home/apt,175,3,2,2016-05-01,0.04,1,0
8190219,huge apartment on tree-lined street,1597935,elyse,brooklyn,prospect heights,40.67697,-73.97069,entire home/apt,99,7,11,2018-04-13,0.24,1,0
8191699,studio near central park.,13184549,mila,manhattan,upper east side,40.77569,-73.95202,entire home/apt,140,7,3,2016-08-14,0.06,1,0
8193608,top location heart of manhattan!,10473601,fabiana,manhattan,upper east side,40.7734,-73.95832,entire home/apt,150,5,11,2016-06-09,0.24,1,0
8194497,charming fort greene park studio!,7430851,aaron,brooklyn,fort greene,40.68791,-73.97438,entire home/apt,110,2,2,2015-09-18,0.04,1,0
8195335,cozy room in renovated harlem apt,43226806,jacqueline,manhattan,harlem,40.80214,-73.95325,private room,65,6,1,2017-01-31,0.03,1,0
8202455,beautiful upper west side studio,43257501,tara,manhattan,upper west side,40.77795,-73.9825,entire home/apt,125,2,1,2015-09-06,0.02,1,0
8207003,comfy east village studio,4307662,umar,manhattan,east village,40.72555,-73.97713,entire home/apt,120,4,3,2015-12-28,0.07,1,0
8207453,quiet relaxed room in williamsburg,1194064,alexandra,brooklyn,williamsburg,40.70788,-73.95106,private room,60,5,1,2015-12-16,0.02,1,0
8211513,"cozy room, in quiet neighborhood",43299973,alex,queens,ridgewood,40.70468,-73.90553,private room,40,2,1,2015-10-13,0.02,1,0
8234510,"beautiful astoria apt 1br, 2bath",7853503,lindsay,queens,astoria,40.7713,-73.92628,entire home/apt,140,1,2,2016-01-02,0.05,1,0
8234740,nice studio in hell's kitchen,37440412,rebecca,manhattan,hell's kitchen,40.76016,-73.98929,entire home/apt,160,4,5,2016-06-12,0.11,1,0
8235820,brand new williamsburg apt!,13716326,oran,brooklyn,williamsburg,40.70828,-73.95246,private room,77,7,1,2015-09-18,0.02,1,0
8236539,"quiet room in greenpoint, brooklyn",43434198,dee,brooklyn,greenpoint,40.72784,-73.94937,private room,90,1,1,2015-09-21,0.02,1,0
8239111,"sunlit, spacious & near train",36192346,robert,manhattan,washington heights,40.85415,-73.93108,private room,40,2,9,2016-01-16,0.2,1,0
8241894,1 large bedroom 10mins to manhattan,6865699,yuxi,queens,long island city,40.75363,-73.93463,private room,80,3,1,2015-09-14,0.02,1,0
8254640,large beautiful bedstuy apartment,123713,alexandra,brooklyn,bedford-stuyvesant,40.68178,-73.94179,entire home/apt,200,2,1,2015-10-27,0.02,1,0
8255329,private room in middle of bushwick,19963678,erin,brooklyn,bushwick,40.70299,-73.92648,private room,50,1,4,2015-10-10,0.09,1,0
8255464,great new 1 bdrm condo in greenwood :),43534773,christine,brooklyn,sunset park,40.65585,-73.99918,entire home/apt,100,1,1,2015-09-21,0.02,1,0
8257903,"sanctuary oasis, midtown manhattan",43549138,romona,manhattan,kips bay,40.74123,-73.97731,entire home/apt,135,7,2,2015-10-30,0.04,1,0
8266287,east village apt w/ esb views,32277262,mickey,manhattan,east village,40.72305,-73.98834,private room,150,2,10,2017-08-27,0.31,1,0
8266871,"cozy, comfortable private room",983006,gabriela,brooklyn,bedford-stuyvesant,40.68632,-73.95093,private room,38,2,2,2019-01-01,0.04,1,0
8267425,ridgewood/bushwick ~ bungalow,21148770,ian,queens,ridgewood,40.70995,-73.90959,entire home/apt,170,4,6,2017-01-04,0.13,1,0
8275069,duplex upper east side,9597454,robin,manhattan,upper east side,40.77001,-73.95691,private room,175,2,3,2016-07-18,0.08,1,0
8275455,lovely inwood studio,424343,melissa,manhattan,inwood,40.85911,-73.928,entire home/apt,85,3,3,2016-07-04,0.07,1,0
8281967,stylish studio in midtown east,43669488,shwetha,manhattan,midtown,40.7579,-73.96243,entire home/apt,170,1,1,2015-10-01,0.02,1,0
8283627,private room steps from time square,11428056,brian,manhattan,hell's kitchen,40.76039,-73.99002,private room,70,2,11,2016-08-22,0.24,1,0
8283646,a cozy room on the upper west side.,21221987,joshua,manhattan,upper west side,40.79512,-73.97479,private room,80,5,1,2015-09-08,0.02,1,0
8285992,large and charming east village apt,1181122,matin,manhattan,east village,40.72824,-73.97543,entire home/apt,174,3,11,2018-07-30,0.24,1,0
8286476,prime location & tech entrepreneurs,23936958,alex,manhattan,east village,40.72749,-73.98894,private room,109,3,4,2015-11-01,0.09,1,0
8293802,epic 1br in heart of east village,3901962,dylan,manhattan,east village,40.72948,-73.98664,entire home/apt,149,2,1,2015-09-26,0.02,1,0
8294525,studio in bensonhurst - near subway,25266527,maria,brooklyn,bensonhurst,40.62054,-73.99828,entire home/apt,60,3,6,2017-01-17,0.13,1,0
8307946,spacious greenwich village 1 bed,6502766,katie,manhattan,greenwich village,40.73637,-73.99746,entire home/apt,150,2,16,2017-01-01,0.37,1,0
8309474,comfy room in east williamsburg.,51414,jose xavier,brooklyn,williamsburg,40.71525,-73.94742,private room,65,2,9,2018-11-01,0.2,1,0
8309731,convenient studio,43804373,solange,manhattan,upper east side,40.76096,-73.95964,entire home/apt,250,1,13,2016-02-12,0.28,1,0
8311468,huge loft studio in hip greenpoint!,10023505,gabriel,brooklyn,greenpoint,40.7347,-73.95727,shared room,185,1,1,2015-10-24,0.02,1,0
8320702,convenient full 1 bdrm + loft apt,39047190,stacy,manhattan,gramercy,40.73858,-73.98882,entire home/apt,180,4,2,2015-10-19,0.04,1,0
8321495,clean & bright 1br in williamsburg,30866347,ignacio,brooklyn,williamsburg,40.70866,-73.94116,private room,55,7,2,2016-01-16,0.05,1,0
8323765,master bedroom in east village,14156051,brooke,manhattan,east village,40.73305,-73.98668,private room,130,4,1,2015-09-28,0.02,1,0
8326753,prime location in theatre district,34934128,aly,manhattan,theater district,40.76095,-73.98668,private room,150,2,3,2017-06-19,0.08,1,0
8328900,private room in a 4 bedroom loft,890425,lea,brooklyn,bedford-stuyvesant,40.67889,-73.94326,private room,40,2,3,2018-09-30,0.27,1,0
8335547,w hotel style 2 br w/ private patio,1237358,david,manhattan,east village,40.72342,-73.98871,entire home/apt,250,2,1,2015-09-26,0.02,1,0
8337597,spacious clinton hill room,43949321,ronald,brooklyn,clinton hill,40.68717,-73.96015,private room,70,7,1,2015-10-04,0.02,1,0
8338312,vacation rental in prospect heights,1854179,fedor,brooklyn,prospect heights,40.68043,-73.96781,entire home/apt,160,5,5,2018-07-15,0.11,1,0
8340381,cheap & lovely room in manhattan!!!,20990447,adir,manhattan,washington heights,40.85338,-73.93061,private room,50,5,4,2017-04-19,0.09,1,0
8341669,upper west side luxury rental,43969051,kate,manhattan,upper west side,40.79061,-73.97335,entire home/apt,215,5,1,2015-09-27,0.02,1,0
8342053,chelsea apartment with a backyard,26012172,katarina,manhattan,chelsea,40.75093,-73.99675,entire home/apt,160,3,9,2016-11-30,0.19,1,0
8347980,large modern studio next to the park,4230646,jonathan,manhattan,east village,40.72595,-73.98218,entire home/apt,150,2,6,2017-01-01,0.18,1,0
8348832,bushwick ground floor beauty,15756065,genna,brooklyn,bushwick,40.69795,-73.92162,private room,110,1,2,2015-12-04,0.04,1,0
8355713,cozy private brooklyn bed room,44042396,gabriel,brooklyn,crown heights,40.66754,-73.95265,private room,40,4,3,2016-04-30,0.07,1,0
8355794,new york upper west near columbia u,15833732,yawen,manhattan,upper west side,40.80285,-73.9657,private room,60,5,2,2015-12-01,0.05,1,0
8356955,find serenity in this harlem studio,30460662,gabrielle-renée,manhattan,harlem,40.82117,-73.94306,entire home/apt,87,2,11,2017-12-12,0.25,1,0
8361443,"cozy studio, with fantastic light",10618178,greg,manhattan,upper east side,40.78174,-73.94829,entire home/apt,119,6,4,2015-10-30,0.09,1,0
8362098,lovely 1.5 bed in south park slope,2128335,julian,brooklyn,sunset park,40.66198,-73.99785,entire home/apt,69,5,9,2016-12-30,0.2,1,0
8367125,nice & clean studio for a couple,44099001,agnieszka,queens,elmhurst,40.7452,-73.89086,entire home/apt,78,2,1,2016-09-18,0.03,1,0
8367271,cozy studio in heart of ft greene,2477248,christopher,brooklyn,fort greene,40.68602,-73.97386,entire home/apt,150,4,4,2017-01-04,0.09,1,0
8371626,cozy little room uws,44123353,griffin,manhattan,upper west side,40.78583,-73.9768,private room,55,3,2,2015-09-30,0.04,1,0
8381173,charming hell's kitchen nest -- bedroom 2,19838610,scott,manhattan,hell's kitchen,40.76859,-73.9872,private room,79,1,5,2017-05-13,0.14,1,0
8386889,penthouse floor room in luxury apt,44193702,dylan,manhattan,east village,40.72137,-73.97786,private room,75,1,5,2015-10-29,0.11,1,0
8387244,bushwick for thanksgiving/christmas,26909087,jordan,brooklyn,bedford-stuyvesant,40.69067,-73.92643,private room,65,1,2,2015-10-11,0.04,1,0
8388278,bright williamsburg apartment,25370219,sacha,brooklyn,williamsburg,40.71495,-73.96321,private room,65,2,12,2017-01-31,0.26,1,0
8388776,"massive, cozy, modern 1br in heart of chelsea!",2227376,eunwoo,manhattan,chelsea,40.74501,-73.99725,entire home/apt,109,3,10,2018-10-08,0.33,1,0
8389603,"sunny, open, east harlem 1 bedroom",32588705,abraham,manhattan,east harlem,40.79771,-73.93449,entire home/apt,110,2,1,2016-01-01,0.02,1,0
8398566,room in 1-br by columbus circle,43779028,allan,manhattan,upper west side,40.76974,-73.98743,private room,90,2,2,2016-01-03,0.05,1,0
8400115,brooklyn bohemian haven,43768534,annmarie,brooklyn,greenpoint,40.72403,-73.94306,private room,60,7,11,2019-05-31,0.24,1,0
8401484,private rm in cozy williamsburg apt,1278978,nelly,brooklyn,williamsburg,40.71602,-73.94645,private room,70,3,1,2017-10-10,0.05,1,0
8401620,nice and bright room upper west!,44262118,martin,manhattan,upper west side,40.77915,-73.97794,private room,130,2,3,2016-07-20,0.06,1,0
8403327,sunny apt in williamsburg brooklyn,15928518,karen,brooklyn,williamsburg,40.7127,-73.94048,entire home/apt,110,3,10,2019-01-01,0.22,1,0
8404181,crown heights great single bedroom,44273727,wes,brooklyn,crown heights,40.67416,-73.93854,private room,70,1,3,2015-11-02,0.06,1,0
8404499,spacious and sunny 1br w terrasse,6630320,florie,brooklyn,williamsburg,40.71109,-73.95918,entire home/apt,200,2,7,2017-07-06,0.15,1,0
8407092,historic ridgewood brick townhouse,9684993,randy,queens,ridgewood,40.70928,-73.89795,entire home/apt,139,5,3,2018-07-30,0.16,1,0
8409246,charming east village garden apt.,3266068,alex,manhattan,east village,40.72625,-73.98173,entire home/apt,235,3,4,2015-12-05,0.09,1,0
8411390,comfy upper west side haven,9247072,jennifer,manhattan,upper west side,40.79879,-73.96721,private room,100,1,9,2018-05-21,0.19,1,0
8412352,apt on president st & kingston ave,44314131,raphael,brooklyn,crown heights,40.66852,-73.9425,entire home/apt,160,1,1,2015-10-06,0.02,1,0
8416681,massive apartment in the les! amazing rooftop too!,6722310,rob,manhattan,lower east side,40.71915,-73.98546,private room,60,2,12,2017-07-03,0.26,1,0
8422085,cozy apartment in brooklyn,9996343,leticia,brooklyn,bedford-stuyvesant,40.69181,-73.9463,private room,55,3,18,2017-05-31,0.39,1,0
8424350,cozy 2br apt in midtown west/chelsea/hells kitchen,41808609,emma,manhattan,hell's kitchen,40.75711,-73.99665,entire home/apt,235,2,20,2018-01-02,0.43,1,0
8425148,*amazing lower east side apartment*,21940002,zlatko,manhattan,lower east side,40.71978,-73.98424,entire home/apt,205,2,6,2017-01-01,0.13,1,0
8425657,sun-filled clinton hill apartment.,3404110,kristofer,brooklyn,clinton hill,40.69561,-73.969,entire home/apt,109,3,1,2015-09-21,0.02,1,0
8426309,private bdrm in 2 br brooklyn apt,14564141,teddy,brooklyn,clinton hill,40.68255,-73.96167,private room,85,2,12,2018-10-14,0.26,1,0
8426874,private holiday loft in the east village,17853061,jonathan,manhattan,east village,40.73106,-73.98467,entire home/apt,120,3,4,2019-01-01,0.09,1,0
8427028,room for 2 in amazing duplex loft,17473615,bleik,manhattan,hell's kitchen,40.75548,-73.99706,private room,130,1,1,2015-10-03,0.02,1,0
8427772,the real deal 2 blox away from cp!,21737404,miklos,manhattan,harlem,40.8022,-73.95737,private room,99,4,2,2015-10-26,0.04,1,0
8439030,one room in murray hill / midtown,44433249,sarah,manhattan,murray hill,40.7465,-73.97734,private room,85,5,2,2015-10-10,0.04,1,0
8439191,sunny williamsburg apt with view,2761047,katarina,brooklyn,williamsburg,40.71175,-73.96092,entire home/apt,124,2,13,2016-05-01,0.28,1,0
8444013,cozy wkd getaway spot in prime bk,11625123,jennifer,brooklyn,crown heights,40.67501,-73.95873,entire home/apt,95,2,20,2019-04-26,0.44,1,0
8444730,greenwich village studio,44460139,chloe,manhattan,greenwich village,40.72815,-74.00084,entire home/apt,190,4,4,2016-05-05,0.09,1,0
8458863,"spacious studio, upper east side",44086736,darren,manhattan,upper east side,40.78465,-73.94914,entire home/apt,100,1,7,2016-12-26,0.2,1,0
8459687,park slope apt. w/ private yard,3626916,alisa & dante,brooklyn,park slope,40.67307,-73.97235,entire home/apt,95,1,1,2016-08-23,0.03,1,0
8467862,heart of downtown tribeca,35302724,wei,manhattan,tribeca,40.71924,-74.01165,private room,127,2,2,2015-11-02,0.04,1,0
8468662,cozy loft in the uws manhattan,19244346,emanuele,manhattan,upper west side,40.79893,-73.96769,entire home/apt,150,4,1,2015-12-16,0.02,1,0
8468835,private room in brooklyn,6518093,mathilde,brooklyn,bedford-stuyvesant,40.67968,-73.90764,private room,50,1,2,2015-09-29,0.04,1,0
8470974,$199 special very quiet wvillgmtpkgchls 65”tv/bose,2742979,lawrence,manhattan,chelsea,40.73983,-74.00102,entire home/apt,275,7,6,2017-06-15,0.14,1,0
8471063,"spacious, light-filled room in nyc",14817413,jessica,manhattan,kips bay,40.74088,-73.98285,shared room,65,1,8,2016-06-03,0.17,1,0
8473532,"beautiful, rustic room in artistic apt.",44623374,jordan,brooklyn,crown heights,40.67763,-73.95943,private room,65,1,5,2016-06-20,0.11,1,0
8473623,"large, sunny williamsburg room",5803786,bailey,brooklyn,williamsburg,40.70727,-73.94025,private room,75,2,1,2015-09-28,0.02,1,0
8474260,columbia university apartment,40696448,zhehui,manhattan,morningside heights,40.80773,-73.95977,private room,40,4,2,2016-03-07,0.05,1,0
8474806,"huge 1 br apt close to a,b,c,d &1 trains",44630169,stephen,manhattan,harlem,40.82725,-73.9453,entire home/apt,68,2,9,2017-06-12,0.29,1,0
8481074,last minute! east village apartment,44666806,alex,manhattan,east village,40.72767,-73.98452,entire home/apt,250,1,2,2015-10-01,0.04,1,0
8482952,"warm, comfortable west village apt with courtyard",44675456,mark,manhattan,west village,40.73798,-73.99963,entire home/apt,170,2,1,2016-12-29,0.03,1,0
8484152,cozy room in brooklyn loft,26443890,matthieu,brooklyn,williamsburg,40.70496,-73.93689,private room,65,3,2,2015-10-15,0.04,1,0
8485529,central park/ues,30376992,chloé,manhattan,upper east side,40.77964,-73.95474,entire home/apt,130,2,5,2018-06-16,0.11,1,0
8485571,furnished apt. in upper east side,5805675,avik,manhattan,upper east side,40.76693,-73.95911,entire home/apt,140,7,2,2016-01-02,0.05,1,0
8485671,gramercy park studio by manhattan,29821368,matthew,manhattan,gramercy,40.73809,-73.98215,entire home/apt,200,2,2,2015-10-17,0.04,1,0
8486828,architect's room in large apt w/ rooftop deck,44697034,kevin,brooklyn,bedford-stuyvesant,40.69504,-73.94807,private room,55,1,14,2017-08-31,0.3,1,0
8488615,spacious 1 bd w/washer dryer in ues,3969780,zaka,manhattan,upper east side,40.77843,-73.95191,entire home/apt,175,2,1,2015-10-27,0.02,1,0
8498885,2 full size beds lower east side,32583045,charles,manhattan,lower east side,40.71297,-73.98561,entire home/apt,200,1,4,2015-12-28,0.09,1,0
8501589,entire apartment in l.e.s. (-30% exceptional deal),28783846,fleur,manhattan,lower east side,40.71435,-73.98924,entire home/apt,90,6,7,2018-07-28,0.23,1,0
8501823,spacious master bedroom in bushwick,17530762,ian,brooklyn,bushwick,40.70374,-73.93016,private room,62,5,1,2015-11-15,0.02,1,0
8503064,minimalistic en suite in bushwick,17028800,gina,brooklyn,bushwick,40.69856,-73.93087,private room,90,1,1,2015-10-02,0.02,1,0
8503280,1 bedroom near williamsburg,25913948,natalie,brooklyn,bushwick,40.70145,-73.93798,private room,45,3,1,2015-10-29,0.02,1,0
8504231,*clean & bright master room - uws*,44779572,justin,manhattan,upper west side,40.80096,-73.96671,private room,109,1,7,2016-01-02,0.15,1,0
8506167,brooklyn basement apartment,44791079,mike,brooklyn,kensington,40.64291,-73.97928,entire home/apt,70,1,1,2015-11-02,0.02,1,0
8506867,"sunny, spacious uws abode with view",258023,johann,manhattan,upper west side,40.77799,-73.98205,entire home/apt,220,1,2,2016-03-10,0.05,1,0
8507643,cozy one br with ideal location,5557052,saket,queens,astoria,40.76436,-73.92628,private room,110,1,5,2017-01-01,0.14,1,0
8518280,convenient 1bdr with outdoor space (sleeps 4),4264360,matt,brooklyn,williamsburg,40.71263,-73.9591,entire home/apt,100,2,6,2017-01-29,0.13,1,0
8518878,cute and roomy bushwick apartment!,4277248,dorothy,brooklyn,bushwick,40.69999,-73.93863,entire home/apt,125,2,1,2015-11-05,0.02,1,0
8523688,1br railroad apt in heart of wburg,12649916,mari,brooklyn,williamsburg,40.71383,-73.95273,entire home/apt,115,1,2,2015-10-22,0.04,1,0
8523742,uptown studio with character,44881523,russell,manhattan,harlem,40.8294,-73.94695,entire home/apt,99,3,13,2017-08-07,0.28,1,0
8523910,tompkins square/east village apt.,44882587,rachel,manhattan,east village,40.72613,-73.98062,entire home/apt,250,1,1,2015-11-29,0.02,1,0
8535332,modern room in trendy les,32289994,michael,manhattan,lower east side,40.72195,-73.98797,private room,78,4,5,2017-09-07,0.11,1,0
8537400,times square area studio,43523900,shaun,manhattan,hell's kitchen,40.76366,-73.99438,entire home/apt,135,2,2,2015-10-20,0.04,1,0
8550041,nyc studio outside columbus circle,22910743,noah,manhattan,upper west side,40.77205,-73.98924,entire home/apt,141,6,2,2015-12-13,0.04,1,0
8553287,cozy 2 bedroom on famous st marks,45023742,anne,manhattan,east village,40.72623,-73.98452,entire home/apt,150,1,2,2016-01-07,0.05,1,0
8554425,14th st 1br,45029559,alex,manhattan,chelsea,40.74068,-74.00279,entire home/apt,250,1,1,2015-09-30,0.02,1,0
8555411,clean/quiet apt in upper east side!,45033715,mina,manhattan,upper east side,40.7796,-73.94806,entire home/apt,130,2,19,2016-09-24,0.42,1,0
8563025,cozy apartment near central park,13313020,carmen,manhattan,hell's kitchen,40.76389,-73.99072,shared room,85,1,8,2016-01-02,0.17,1,0
8563124,modern apartment in charming nolita,25170062,ayesha,manhattan,nolita,40.72271,-73.99545,entire home/apt,180,3,2,2016-07-01,0.04,1,0
8564804,luxury studio apartment with private outdoor space,24632224,kendra,brooklyn,crown heights,40.67902,-73.96101,entire home/apt,97,5,2,2016-10-31,0.04,1,0
8569922,beautiful bright williamsburg home,3062365,claudia,brooklyn,williamsburg,40.71894,-73.95713,entire home/apt,100,6,3,2016-01-03,0.07,1,0
8588016,"big studio in brooklyn, suitable for 2",45197192,kathryn,brooklyn,prospect-lefferts gardens,40.65869,-73.95652,entire home/apt,70,2,7,2016-07-25,0.15,1,0
8589668,"gorgeous, sun-filled les 1 bedoom",32228,brooke,manhattan,chinatown,40.7148,-73.99248,entire home/apt,175,5,16,2019-05-03,0.35,1,0
8590198,room in bright brooklyn apt.,32792372,paul,brooklyn,crown heights,40.66872,-73.95362,private room,40,2,18,2017-06-30,0.4,1,0
8595394,sunny room in renovated brooklyn townhouse,6424258,alihan,brooklyn,clinton hill,40.69589,-73.96261,private room,55,3,16,2019-05-12,0.37,1,0
8597265,"cozy 1 br on bedford avenue, wburg",43298844,christina,brooklyn,williamsburg,40.71764,-73.95689,private room,49,1,1,2016-01-03,0.02,1,0
8605739,bedroom in artist apartment,3210447,caitlin,brooklyn,bushwick,40.69784,-73.9284,private room,45,4,2,2016-11-01,0.05,1,0
8608841,3br private williamsburg apartment,17258663,christopher,brooklyn,williamsburg,40.71006,-73.95726,entire home/apt,120,3,1,2016-05-24,0.03,1,0
8614862,sunny bedroom with a huge window,6272317,mariana,manhattan,washington heights,40.84957,-73.93959,private room,50,3,6,2018-02-19,0.13,1,0
8616102,cozy upper east side apartment,13487080,mary,manhattan,upper east side,40.77065,-73.95205,private room,150,1,1,2015-10-11,0.02,1,0
8621113,charming mini loft/ lower east side,4308094,laure,manhattan,lower east side,40.71848,-73.99091,entire home/apt,150,1,2,2016-04-13,0.04,1,0
8622987,huge luxury 1 bedroom apt in fidi,4228414,lucy,manhattan,financial district,40.7083,-74.00415,entire home/apt,160,7,1,2016-09-03,0.03,1,0
8623922,red hook brooklyn apartment,11796122,candace,brooklyn,red hook,40.67916,-74.00467,entire home/apt,100,1,2,2015-10-05,0.04,1,0
8631355,one bedroom available in 2br apt,19480603,michele,brooklyn,crown heights,40.67589,-73.95196,private room,80,5,2,2016-07-31,0.04,1,0
8634024,east williamsburg bedroom,45399701,dorthy,brooklyn,williamsburg,40.70828,-73.94572,private room,110,1,1,2015-10-12,0.02,1,0
8635363,studio in amazing ues location,20008462,sara,manhattan,upper east side,40.76643,-73.95809,entire home/apt,150,1,2,2016-03-18,0.05,1,0
8636811,amazing bedroom in south harlem !,45329725,alexis,manhattan,harlem,40.80316,-73.95447,private room,80,3,1,2015-10-27,0.02,1,0
8642428,village apt on tree-lined street,45433475,richard,manhattan,east village,40.72976,-73.98245,entire home/apt,160,2,8,2016-06-17,0.18,1,0
8648134,5star review beautiful&spacious apt,15954226,jen,brooklyn,bedford-stuyvesant,40.68222,-73.95284,entire home/apt,130,7,2,2015-11-02,0.04,1,0
8649144,spacious & bright 1br williamsburg,8733761,eli,brooklyn,williamsburg,40.70821,-73.95187,entire home/apt,150,5,9,2016-10-16,0.2,1,0
8650076,nyc luxury apt in w style building,9094952,marisa,manhattan,financial district,40.70428,-74.01067,entire home/apt,127,2,3,2016-04-27,0.07,1,0
8652653,whole apartment in greenpoint.,21169602,jonathan,brooklyn,greenpoint,40.72714,-73.95088,entire home/apt,200,1,3,2019-03-31,0.11,1,0
8653999,charming upper west side apartment,43219894,lauren,manhattan,upper west side,40.78322,-73.97435,entire home/apt,180,1,2,2016-11-27,0.04,1,0
8662610,private room - bedstuy - 2 flr unit,45513630,thomas,brooklyn,bedford-stuyvesant,40.69492,-73.94485,private room,25,2,1,2015-11-12,0.02,1,0
8663831,room in a beautiful apartment,16339935,amy,queens,long island city,40.75819,-73.93213,private room,90,3,1,2015-10-24,0.02,1,0
8664615,stylish astoria apartment,45446889,justin,queens,astoria,40.76707,-73.91473,entire home/apt,75,3,1,2016-08-31,0.03,1,0
8667450,bushwick brooklyn 1 bedroom,45533710,john,brooklyn,bushwick,40.70498,-73.92115,entire home/apt,80,3,4,2017-12-12,0.15,1,0
8668932,bright and artsy crown heights apt!,10595966,jennifer,brooklyn,crown heights,40.66687,-73.95662,entire home/apt,119,4,13,2018-06-05,0.29,1,0
8676240,comfortable & clean zen bedroom,27973696,sarah,manhattan,washington heights,40.83401,-73.94254,entire home/apt,45,1,1,2016-02-07,0.02,1,0
8681709,shared living in new york city,1644914,obi,manhattan,kips bay,40.73842,-73.98008,shared room,97,1,1,2015-11-15,0.02,1,0
8681776,"20 mins to manhattan, 7 mins lga",17794638,burak,queens,ditmars steinway,40.77442,-73.91465,private room,75,2,4,2016-10-01,0.12,1,0
8683610,beautiful one bedroom in tribeca!,28518140,sophie,manhattan,tribeca,40.7252,-74.01054,entire home/apt,250,3,8,2016-07-28,0.18,1,0
8685857,spacious brooklyn getaway,42713726,emily,brooklyn,crown heights,40.66882,-73.95396,private room,80,1,1,2016-01-05,0.02,1,0
8686040,large manhattan one bedroom,45608786,virginia,manhattan,washington heights,40.85845,-73.92861,entire home/apt,125,1,6,2015-11-22,0.13,1,0
8686167,"1br, steps from the 7 train",20234611,tyler,queens,sunnyside,40.74454,-73.92394,entire home/apt,125,1,14,2017-01-01,0.33,1,0
8687096,full floor in sunny brooklyn duplex,45613202,miles,brooklyn,bedford-stuyvesant,40.68861,-73.95548,private room,60,2,10,2018-07-28,0.22,1,0
8703355,eclectic 1 bdrm off  park ave south,7991797,jamaal,manhattan,midtown,40.74509,-73.98268,entire home/apt,200,1,9,2016-04-08,0.2,1,0
8704348,spacious & artsy astoria apartment,9376458,jorge,queens,astoria,40.76512,-73.92431,entire home/apt,135,3,11,2016-10-02,0.24,1,0
8704967,ues studio with backyard,45696732,carol,manhattan,upper east side,40.77858,-73.95059,entire home/apt,145,4,2,2016-07-05,0.05,1,0
8709326,east 60's - amazing private room,41638669,karan,manhattan,upper east side,40.76574,-73.95875,private room,141,1,2,2015-10-29,0.04,1,0
8719948,private bedroom in nolita/soho,3869531,mei,manhattan,nolita,40.72143,-73.99427,private room,70,3,13,2016-06-20,0.29,1,0
8719984,charming studio w/ patio midtown,42788011,ambria,manhattan,kips bay,40.74279,-73.97833,entire home/apt,75,1,4,2017-07-02,0.09,1,0
8720070,central & cute studio by union sq!,4319369,sarena,manhattan,gramercy,40.73438,-73.9853,entire home/apt,155,3,17,2016-08-10,0.37,1,0
8721444,huge apt on central park south,45774825,saman,manhattan,midtown,40.7675,-73.98228,entire home/apt,175,7,15,2018-07-08,0.34,1,0
8722224,"$1,400/month  summer rental: spacious one bdrm",45778782,genéa,brooklyn,prospect-lefferts gardens,40.65949,-73.94852,entire home/apt,50,5,1,2015-12-23,0.02,1,0
8729819,spacious room in east willamsburg,3910533,paolo,brooklyn,williamsburg,40.70696,-73.94349,private room,90,2,1,2015-10-18,0.02,1,0
8731224,"bright, cozy east village apartment",45815117,kacy,manhattan,east village,40.72895,-73.98789,entire home/apt,200,1,1,2016-05-31,0.03,1,0
8732919,private room in upper west side,960850,francia,manhattan,upper west side,40.80093,-73.96308,private room,110,1,2,2018-12-17,0.07,1,0
8741676,"spacious 2br, close to central park",45859613,emma,manhattan,upper west side,40.77812,-73.98067,entire home/apt,280,1,1,2015-10-13,0.02,1,0
8743269,studio: heart of harlem w backyard,12226733,henna,manhattan,harlem,40.81132,-73.94496,entire home/apt,95,2,1,2015-10-20,0.02,1,0
8750901,prime location 63rd st + first ave,45897508,antonio,manhattan,upper east side,40.76127,-73.95815,entire home/apt,148,2,1,2015-12-29,0.02,1,0
8757920,cathedranyc,8235517,valjean,manhattan,harlem,40.81925,-73.94073,entire home/apt,110,2,4,2017-07-23,0.11,1,0
8760003,cozy room in willamsburg loft,45937698,rhea,brooklyn,greenpoint,40.72604,-73.95536,private room,35,1,9,2017-03-06,0.2,1,0
8760775,lexington avenue luxury condominium,45941254,tianyou,manhattan,murray hill,40.7494,-73.97823,private room,111,1,4,2015-10-30,0.09,1,0
8762969,charming room chinatown manhattan,45951143,alexandra,manhattan,chinatown,40.71319,-73.99265,private room,100,1,1,2015-10-13,0.02,1,0
8770660,spacious apt. with a great feel,2972546,manrique and ticiani,manhattan,washington heights,40.84478,-73.94132,entire home/apt,175,1,1,2015-12-27,0.02,1,0
8772365,large private bdrm & private bthrm!,2399157,jaime,brooklyn,bushwick,40.69911,-73.91601,private room,84,3,17,2016-08-19,0.38,1,0
8775344,private spacious master bedroom,4205149,la,brooklyn,crown heights,40.67869,-73.95498,private room,75,1,1,2015-10-27,0.02,1,0
8780378,1 bedroom in large clean apt,2774528,andrew,brooklyn,bushwick,40.70021,-73.92241,private room,60,3,1,2015-10-14,0.02,1,0
8783567,studio apt on the upper west side,46039971,brady,manhattan,upper west side,40.77874,-73.98437,entire home/apt,190,5,15,2019-03-21,0.35,1,0
8795721,spacious studio 10 min to manhattan,6672223,katia,queens,astoria,40.76196,-73.924,entire home/apt,72,3,7,2016-01-18,0.15,1,0
8796876,big private bed/bath in penthouse!,46096478,laurent,brooklyn,prospect heights,40.68078,-73.96816,private room,90,1,6,2018-06-22,0.13,1,0
8799529,private studio in times square,7512454,christina,manhattan,hell's kitchen,40.75902,-73.99112,entire home/apt,100,7,5,2016-05-09,0.11,1,0
8802289,private room in bushwick off of the dekalb l stop,26033344,aj,brooklyn,bushwick,40.70438,-73.92117,private room,30,1,4,2016-09-28,0.12,1,0
8808863,studio apartment in park slope!,496979,razan,brooklyn,park slope,40.67424,-73.97717,entire home/apt,120,1,1,2015-12-01,0.02,1,0
8809578,beautiful quiet chelsea apartment,14914020,cihan,manhattan,chelsea,40.7442,-74.00123,entire home/apt,250,1,1,2015-12-16,0.02,1,0
8811514,two floor open space perfect 'hood,7227499,john,manhattan,west village,40.73523,-74.00607,entire home/apt,250,2,2,2015-11-08,0.04,1,0
8812730,"les, 5 min to subway, quiet street",41865488,sergio,manhattan,lower east side,40.71292,-73.98496,entire home/apt,149,5,11,2017-02-04,0.28,1,0
8813547,for christmas-large new 1 br near central park,30350590,natasha,manhattan,theater district,40.76268,-73.98407,private room,230,5,10,2016-09-10,0.23,1,0
8814070,charming 1 bdr near central park,10167933,karina,manhattan,upper west side,40.78481,-73.97414,entire home/apt,150,2,1,2015-12-19,0.02,1,0
8825701,"modern condo in greenpoint, bk",414999,brandon,brooklyn,greenpoint,40.72922,-73.95134,entire home/apt,200,3,1,2015-11-03,0.02,1,0
8826833,spacious studio: upper east side,46234202,alex,manhattan,upper east side,40.769,-73.9541,entire home/apt,200,2,5,2016-05-22,0.11,1,0
8838513,room in colorful bushwick super close to subways!,1423123,gretchen,brooklyn,bedford-stuyvesant,40.69937,-73.94447,private room,45,1,9,2019-03-06,0.27,1,0
8838861,uws one bedroom pre-war gem,46289881,jerry,manhattan,upper west side,40.79221,-73.96588,entire home/apt,225,3,2,2015-11-02,0.04,1,0
8840959,1-bedroom in brooklyn brownstone,39556296,lizzie,brooklyn,bedford-stuyvesant,40.6802,-73.95768,entire home/apt,85,3,1,2016-09-08,0.03,1,0
8841646,art & light-filled apt by the park,5380471,john,manhattan,east harlem,40.79037,-73.9445,entire home/apt,125,1,2,2015-11-29,0.04,1,0
8842752,1 bedroom apt in williamsburg,4586937,matt,brooklyn,williamsburg,40.70658,-73.94413,entire home/apt,100,1,2,2017-06-02,0.05,1,0
8843403,cute room in charming bk share,4231636,david,brooklyn,bedford-stuyvesant,40.68721,-73.94257,private room,50,3,4,2016-01-13,0.09,1,0
8844652,quiet living room in greenpoint 1br,34738391,rae,brooklyn,greenpoint,40.7308,-73.95394,private room,60,1,4,2016-10-23,0.09,1,0
8845002,beautiful one bedroom chelsea,21172422,ellie,manhattan,chelsea,40.74197,-74.00409,entire home/apt,240,2,1,2015-11-02,0.02,1,0
8845982,superb loft in manhattan,15641304,jean-noël,manhattan,east harlem,40.79387,-73.94202,entire home/apt,125,4,8,2017-06-18,0.18,1,0
8846233,east village apartment,3285026,jordanna,manhattan,east village,40.72704,-73.98783,entire home/apt,195,1,4,2015-10-31,0.09,1,0
8847200,sunny room in ditmas park,46329096,mia,brooklyn,flatbush,40.64272,-73.95852,private room,50,3,9,2016-10-22,0.2,1,0
8855930,chic and inviting east village apartment,46365876,josefine,manhattan,east village,40.73113,-73.98295,entire home/apt,125,2,2,2016-08-31,0.06,1,0
8858228,spacious yet cozy apt; heart of bk,2232742,kate,brooklyn,cobble hill,40.68954,-73.99383,entire home/apt,200,5,7,2019-01-01,0.16,1,0
8861719,right in the heart of brooklyn,46389507,kenneth,brooklyn,bedford-stuyvesant,40.67853,-73.91142,private room,54,2,2,2016-01-02,0.05,1,0
8863005,quaint midtown studio,46395463,heather,manhattan,midtown,40.75556,-73.96817,entire home/apt,150,1,3,2015-12-28,0.07,1,0
8865020,manhattan club oct 16-oct 18,46404051,brenda,manhattan,midtown,40.76385,-73.98212,entire home/apt,250,1,1,2015-10-18,0.02,1,0
8867383,cozy bedroom - 1 stop to manhattan,46414646,giovana,queens,long island city,40.75085,-73.93743,private room,55,3,6,2015-11-20,0.13,1,0
8869029,private room in east village,18048584,stanley,manhattan,east village,40.72988,-73.98713,private room,125,1,2,2015-12-30,0.05,1,0
8869381,elegant brooklyn heights studio,9444795,emilie,brooklyn,brooklyn heights,40.69933,-73.99249,entire home/apt,200,3,2,2017-04-17,0.06,1,0
8869998,triplex penthouse with 3 balconies,1845920,matt,brooklyn,williamsburg,40.70883,-73.94415,private room,166,1,16,2016-11-14,0.36,1,0
8880194,"private bedroom, huge apt.",18023496,bobby,manhattan,midtown,40.74382,-73.98798,private room,100,1,1,2015-10-15,0.02,1,0
8880524,attic cove,3758073,marcos,brooklyn,prospect-lefferts gardens,40.65783,-73.9567,private room,60,3,9,2018-07-28,0.2,1,0
8881955,big ass room in brooklyn,46476909,eric,brooklyn,crown heights,40.67052,-73.95621,private room,60,2,1,2015-10-21,0.02,1,0
8882549,private room in the east village!,26123839,oliver,manhattan,east village,40.72285,-73.98133,private room,80,2,7,2016-03-01,0.15,1,0
8888689,1br apartment on broadway (uws),11469296,michael,manhattan,morningside heights,40.80596,-73.96471,entire home/apt,170,1,7,2016-10-08,0.16,1,0
8889423,beautiful upper west side large 1bd,10328631,yulia,manhattan,upper west side,40.78671,-73.97825,entire home/apt,150,2,11,2016-06-26,0.24,1,0
8889664,cozy east village apartment,7006490,jibran,manhattan,east village,40.72797,-73.97787,private room,77,1,9,2016-09-10,0.21,1,0
8895019,1 bd ap. in hell's kitchen times sq,1020828,philipp,manhattan,hell's kitchen,40.76392,-73.99514,entire home/apt,150,1,1,2016-05-08,0.03,1,0
8897305,cozy apartment on the upper east,46544348,kim,manhattan,upper east side,40.77688,-73.94687,entire home/apt,120,1,2,2015-12-16,0.05,1,0
8899450,cozy 2 story home in u-ues,31067208,brianna,manhattan,east harlem,40.79714,-73.94023,entire home/apt,85,1,2,2016-06-29,0.05,1,0
8901901,spacious apartment in harlem,15433113,christine,manhattan,harlem,40.80541,-73.95198,entire home/apt,95,2,5,2016-02-21,0.11,1,0
8904662,"central park, museum mile",20367564,irene,manhattan,east harlem,40.79212,-73.95032,private room,125,2,1,2015-11-03,0.02,1,0
8920794,charming lower-east side apartment,15995278,camille,manhattan,lower east side,40.72189,-73.99187,entire home/apt,139,3,6,2016-10-27,0.13,1,0
8920816,upper west side room near columbia,4262510,ibrahim,manhattan,morningside heights,40.81417,-73.9603,private room,39,3,6,2016-01-23,0.13,1,0
8924552,sunny 2 bedroom apartment!,6818674,emily,brooklyn,greenpoint,40.73262,-73.95209,entire home/apt,100,1,2,2015-11-29,0.05,1,0
8932929,spacious room in bushwick with a back yard.,12502512,ashley,brooklyn,bushwick,40.69451,-73.92397,private room,44,1,1,2015-12-27,0.02,1,0
8939341,stay in the heart of williamsburg,46628999,sabine,brooklyn,williamsburg,40.71282,-73.95537,entire home/apt,140,3,8,2018-11-09,0.18,1,0
8940685,central park time sq chic studio,7918948,elle,manhattan,hell's kitchen,40.76263,-73.98909,entire home/apt,180,1,1,2015-12-13,0.02,1,0
8942360,calm and cozy bed-stuy room in an inspiring house,11659708,malav,brooklyn,bedford-stuyvesant,40.69349,-73.94746,private room,65,5,1,2016-03-06,0.02,1,0
8948898,"bright, modern studio in upper east",5548597,katie,manhattan,upper east side,40.77162,-73.95808,entire home/apt,150,1,6,2016-07-26,0.14,1,0
8949503,"huge, sumptuous en-suite bedroom",46778191,zoe,brooklyn,williamsburg,40.71454,-73.95894,private room,125,3,1,2015-10-27,0.02,1,0
8950064,brooklyn apt with amazing nyc view,30116009,veronica,brooklyn,sunset park,40.6503,-74.00231,entire home/apt,115,5,1,2016-01-03,0.02,1,0
8951480,unique townhouse apartment,46787065,c,manhattan,upper west side,40.80356,-73.9698,entire home/apt,100,7,2,2016-08-16,0.05,1,0
8955506,large room in artist loft,20627781,grace,brooklyn,greenpoint,40.72569,-73.95515,private room,56,2,1,2016-01-03,0.02,1,0
8963968,large room in cute neighborhood,1610862,madelyn,brooklyn,prospect heights,40.67985,-73.96454,private room,47,7,8,2017-06-14,0.18,1,0
8964446,cozy bedroom in astoria two bedroom apartment.,46848226,jessica,queens,astoria,40.7601,-73.91929,private room,60,2,5,2018-06-01,0.21,1,0
8966368,beautiful apartment in cobble hill,321710,piero,brooklyn,cobble hill,40.68653,-73.99288,entire home/apt,225,3,1,2016-04-12,0.03,1,0
8972219,cozy apartment east village nyc,12933114,ausra,manhattan,east village,40.72143,-73.97824,entire home/apt,130,5,4,2017-01-01,0.09,1,0
8972807,cosy loft 20 mins to manhattan,46888345,amélie,brooklyn,williamsburg,40.70666,-73.93788,private room,53,3,1,2015-12-31,0.02,1,0
8974121,cozy sizeable sutton place studio!,46815771,tide,manhattan,midtown,40.75687,-73.96639,entire home/apt,170,3,1,2015-12-09,0.02,1,0
8985856,1 bdr w private balcony fort greene!,27670390,leigha,brooklyn,fort greene,40.69402,-73.97274,private room,55,1,3,2018-12-31,0.09,1,0
8990116,bright and spacious 1 bedroom,5485733,jelena,brooklyn,williamsburg,40.70862,-73.95432,entire home/apt,150,2,19,2017-10-14,0.42,1,0
8990988,the most happening hood in bk!,9060143,amelia,brooklyn,bushwick,40.69502,-73.93126,entire home/apt,75,3,6,2017-08-29,0.15,1,0
8992714,thanksgiving in beautiful bed-stuy,40552516,henry,brooklyn,bedford-stuyvesant,40.6863,-73.92635,private room,51,1,2,2015-11-28,0.05,1,0
8994025,sunny & spacious room w/ private bathroom,12774739,stefan,brooklyn,bedford-stuyvesant,40.68654,-73.95044,private room,40,5,12,2019-03-10,0.28,1,0
8994197,1 bedroom in the heart of greenwich village / soho,4974196,dan,manhattan,greenwich village,40.72744,-73.99979,entire home/apt,157,3,2,2017-11-25,0.1,1,0
8994423,1 bedroom on lower east side,2599664,maria,manhattan,lower east side,40.7154,-73.98473,entire home/apt,170,1,1,2015-11-26,0.02,1,0
9002096,queen size bedroom with full closet,47013708,mark,brooklyn,crown heights,40.67867,-73.96276,private room,45,3,3,2015-11-25,0.07,1,0
9011614,bed-stuy brownstone,31019553,miranda,brooklyn,bedford-stuyvesant,40.68466,-73.92576,entire home/apt,150,1,1,2015-11-02,0.02,1,0
9014320,cute doublebed in lower east side,36228511,nieve,manhattan,east village,40.72247,-73.98435,private room,100,1,5,2017-01-04,0.12,1,0
9022118,single room in apartment share,8311526,sean,manhattan,upper west side,40.79807,-73.96894,private room,80,1,1,2015-11-03,0.02,1,0
9024874,beautiful apartment in east village,410665,jayden,manhattan,east village,40.7232,-73.98561,entire home/apt,139,3,11,2018-05-28,0.25,1,0
9026479,2 bedroom east village americana oasis,2266437,rachel,manhattan,east village,40.72314,-73.97929,entire home/apt,200,5,10,2018-12-28,0.26,1,0
9033081,steps from museum of art,39763202,kya & evan,brooklyn,crown heights,40.66869,-73.96022,entire home/apt,150,2,11,2016-10-09,0.24,1,0
9036422,columbus circle/hell's kitchen gem,45296989,patrick,manhattan,upper west side,40.77188,-73.98847,entire home/apt,125,7,4,2017-04-08,0.1,1,0
9037702,an artists' home in chinatown - b,254860,ricky,manhattan,chinatown,40.71434,-73.99342,private room,80,4,1,2015-11-02,0.02,1,0
9040796,lovely studio in midtown,21716352,alice,manhattan,kips bay,40.74208,-73.98084,entire home/apt,120,1,4,2016-04-01,0.1,1,0
9040931,queen bedroom & huge private bath,29213,angela,brooklyn,fort greene,40.68785,-73.97682,private room,79,7,1,2015-10-23,0.02,1,0
9046095,private & quaint west village gem!,12995701,robyn,manhattan,west village,40.73208,-74.00393,entire home/apt,200,4,1,2016-01-01,0.02,1,0
9046808,sunny east harlem one bedroom,21647215,vadim,manhattan,east harlem,40.79717,-73.93519,entire home/apt,95,1,2,2015-11-18,0.04,1,0
9047417,"king bed,entire home downtown, wifi",31153462,talia,manhattan,lower east side,40.72176,-73.99345,entire home/apt,140,7,3,2016-01-05,0.07,1,0
9049582,1 br in a spacious 2 br apt in ues,47217135,cal,manhattan,upper east side,40.7737,-73.95616,shared room,80,1,17,2016-04-23,0.38,1,0
9049607,room in central and spacious williamsburg loft!,14456700,simone,brooklyn,williamsburg,40.71594,-73.95991,private room,60,2,1,2019-05-12,0.52,1,0
9050144,"sunny apt, clinton hill brownstone",7360880,kay,brooklyn,bedford-stuyvesant,40.68532,-73.9571,private room,80,1,2,2015-12-29,0.05,1,0
9051314,private room in fab east village,22007415,hannah,manhattan,east village,40.72246,-73.97912,private room,110,3,2,2016-06-12,0.05,1,0
9058854,"bright, sunny room in crown heights",10701169,christine,brooklyn,crown heights,40.67192,-73.95116,private room,50,3,1,2016-06-30,0.03,1,0
9062257,spacious 1-bedroom in crown heights,6075567,yasmin,brooklyn,crown heights,40.67089,-73.94825,entire home/apt,100,2,13,2018-09-09,0.31,1,0
9063139,prime location & tech entrepreneurs,13530279,chris,manhattan,east village,40.72517,-73.99023,private room,100,3,3,2016-01-03,0.07,1,0
9063266,sunny 1br in heart of williamsburg,47275801,eric,brooklyn,williamsburg,40.71256,-73.95224,entire home/apt,250,2,1,2015-12-06,0.02,1,0
9064688,2 bedroom with yard! near l train!,1606152,laura,brooklyn,williamsburg,40.70697,-73.94291,entire home/apt,150,1,1,2015-11-29,0.02,1,0
9066389,cozy 2 bedroom in heart of les,47289872,kara,manhattan,lower east side,40.72004,-73.99026,entire home/apt,190,1,2,2015-11-25,0.05,1,0
9074921,spacious williamsburg apartment,8163703,mariana,brooklyn,williamsburg,40.71238,-73.9559,entire home/apt,150,3,12,2016-07-19,0.28,1,0
9079335,spacious apartment in east village,3724325,anne-laure,manhattan,east village,40.72162,-73.97923,entire home/apt,185,2,4,2016-09-10,0.09,1,0
9079542,cozy room + backyard in bushwick,2123463,eyal,brooklyn,bushwick,40.69342,-73.91116,private room,55,1,2,2016-10-01,0.05,1,0
9087285,modern upper east side studio,34398769,sean,manhattan,upper east side,40.76773,-73.95456,entire home/apt,145,1,3,2016-01-02,0.07,1,0
9089306,"east village, 1 bed, clean & clear.",5671308,jordan,manhattan,east village,40.73164,-73.98454,entire home/apt,135,3,10,2016-03-24,0.23,1,0
9089397,"hosting single travelers, weekends",47394476,alexander,queens,astoria,40.76352,-73.91353,private room,50,2,1,2015-11-03,0.02,1,0
9091710,sunny east village apartment,47403089,kathleen,manhattan,east village,40.72281,-73.97768,entire home/apt,130,1,6,2015-12-30,0.13,1,0
9092024,enjoy a private room in soho,47406119,jacqueline,manhattan,soho,40.72558,-74.00195,private room,145,2,1,2015-10-27,0.02,1,0
9092903,"cosy loft, studio - lots of light",552067,miriam,brooklyn,williamsburg,40.70994,-73.94915,entire home/apt,120,7,9,2018-12-11,0.21,1,0
9093358,2 bedroom apt on upper east side,8093077,annie,manhattan,upper east side,40.76717,-73.95317,entire home/apt,250,2,3,2016-07-30,0.07,1,0
9093389,studio apartment in brooklyn,38738475,homero,brooklyn,park slope,40.67036,-73.97776,entire home/apt,90,5,1,2016-01-05,0.02,1,0
9093991,beautiful east village apartment,4655737,saara,manhattan,east village,40.72742,-73.98968,entire home/apt,175,5,9,2017-08-27,0.2,1,0
9096478,"open, private room, central harlem",47426195,shawn,manhattan,harlem,40.80891,-73.94113,private room,85,1,3,2017-10-22,0.07,1,0
9096630,apartment in lower manhattan,23948552,chikezie,manhattan,chinatown,40.71544,-73.99106,private room,90,1,1,2015-10-28,0.02,1,0
9096938,sunny plant-filled park slope apt,14356,amy,brooklyn,south slope,40.66255,-73.983,private room,70,6,9,2017-08-31,0.21,1,0
9104108,cozy large 1 br apt -hamilton hts,47457325,miranda,manhattan,harlem,40.8239,-73.95393,entire home/apt,110,3,1,2015-11-29,0.02,1,0
9106735,west village apartment,29721928,isabella,manhattan,west village,40.73001,-74.00369,entire home/apt,195,3,5,2017-03-12,0.14,1,0
9107118,bright loft style room in bed-stuy,42786873,geoffrey,brooklyn,bedford-stuyvesant,40.6948,-73.94161,private room,45,1,2,2015-11-02,0.04,1,0
9107681,a dreamy brooklyn solarium nearby prospect park!,16154600,kai,brooklyn,kensington,40.64584,-73.97303,private room,40,4,1,2016-01-02,0.02,1,0
9107772,beautiful 1-bedroom near columbia!,4055295,sara,manhattan,harlem,40.82673,-73.94995,entire home/apt,100,2,17,2016-12-27,0.39,1,0
9110077,room in east williamsburg,19885346,mireia,brooklyn,williamsburg,40.70448,-73.94208,private room,75,3,6,2016-08-16,0.16,1,0
9112240,charming east village/abc city 1 bedroom apt,2069753,jessica,manhattan,east village,40.73014,-73.98019,entire home/apt,185,2,2,2016-09-25,0.06,1,0
9114773,cozy upper east side 1 bedroom apt,47408505,anya,manhattan,upper east side,40.77038,-73.95829,entire home/apt,195,4,4,2016-05-14,0.09,1,0
9115251,midtown east room,27012583,dasha,manhattan,midtown,40.7606,-73.97181,private room,86,1,3,2015-11-02,0.07,1,0
9116868,"gorgeous, cozy studio w/ projector!",8503277,cathy,manhattan,east village,40.7281,-73.97952,entire home/apt,100,5,3,2018-01-13,0.07,1,0
9117976,cozy artistic haven,41510712,jac,manhattan,harlem,40.82827,-73.9493,private room,36,1,1,2015-12-27,0.02,1,0
9125917,cosy private room in the city !,20233581,sofia,manhattan,kips bay,40.73833,-73.98058,private room,73,1,4,2016-01-05,0.09,1,0
9127011,luxury 1 bed apt in the heart of chelsea,19627702,andrea,manhattan,chelsea,40.74384,-73.99383,entire home/apt,193,1,8,2017-12-30,0.23,1,0
9128491,rooftop view from brooklyn,47549695,lena,brooklyn,crown heights,40.67846,-73.96242,private room,60,4,2,2016-05-28,0.05,1,0
9129113,private room in bushwick - brooklyn,17497762,marco,brooklyn,bushwick,40.69836,-73.9212,private room,60,3,1,2015-12-14,0.02,1,0
9132614,room in the heart of williamsburg,9870919,sebastian,brooklyn,williamsburg,40.71253,-73.96023,private room,75,4,2,2017-07-07,0.04,1,0
9132760,"private room, upper east side",14829766,jake,manhattan,upper east side,40.77549,-73.95196,private room,235,1,2,2015-11-06,0.04,1,0
9136581,east village,47584049,jonathan,manhattan,east village,40.72524,-73.9882,entire home/apt,180,4,5,2016-11-27,0.11,1,0
9136814,nyc midtown apt near time square,44034234,jay,manhattan,hell's kitchen,40.75911,-73.98932,entire home/apt,185,6,10,2018-11-27,0.23,1,0
9137194,east village large studio,15278522,matt,manhattan,east village,40.72479,-73.98849,entire home/apt,225,2,1,2016-01-05,0.02,1,0
9145150,lrg private bedroom in williamsburg,31980952,emily,brooklyn,williamsburg,40.71076,-73.96328,private room,50,3,2,2015-12-29,0.05,1,0
9146709,beautiful private rm in trendy area,47627249,colin,brooklyn,bushwick,40.69907,-73.92723,private room,50,7,1,2016-01-02,0.02,1,0
9149182,a,47636934,rob,manhattan,kips bay,40.73975,-73.98073,entire home/apt,139,1,1,2015-11-09,0.02,1,0
9151490,wdful  2 br/2bth apt in williamsbug,8133069,maria,brooklyn,williamsburg,40.70919,-73.94804,entire home/apt,240,1,1,2017-10-09,0.05,1,0
9151677,light filled apt. on quiet street,40880743,soph,brooklyn,clinton hill,40.68481,-73.9656,entire home/apt,115,5,1,2015-11-06,0.02,1,0
9153256,newly renovated 1bdr prime location,9787825,rebecca,manhattan,flatiron district,40.74283,-73.99246,entire home/apt,150,7,1,2017-07-29,0.04,1,0
9155475,prime chelsea 1br minimalist w16th,4900788,jonathan,manhattan,chelsea,40.73868,-73.99647,entire home/apt,130,2,4,2016-04-01,0.1,1,0
9155741,1 private bedroom,47663806,anshu,manhattan,kips bay,40.7427,-73.98231,private room,85,1,1,2015-11-08,0.02,1,0
9168009,room available in midtown west nyc,47577737,ye,manhattan,midtown,40.7662,-73.98321,private room,60,3,1,2016-04-24,0.03,1,0
9171140,private room prime williamsburg!!,12986471,grayson,brooklyn,williamsburg,40.71984,-73.9588,private room,75,1,1,2015-11-25,0.02,1,0
9173061,walk to times square and more!,8167329,katie,manhattan,hell's kitchen,40.76236,-73.99261,entire home/apt,95,1,6,2016-05-16,0.14,1,0
9175286,"quiet studio in the ues, manhattan",47741973,agnieszka,manhattan,upper east side,40.76935,-73.95381,entire home/apt,120,3,1,2015-11-10,0.02,1,0
9182754,charming apartment in east village,9859148,jacob,manhattan,east village,40.72603,-73.98614,entire home/apt,200,1,1,2016-01-03,0.02,1,0
9183131,private room in unique chelsea loft,872654,adam,manhattan,chelsea,40.74406,-73.99287,private room,139,1,3,2015-12-20,0.07,1,0
9184982,cozy bedroom in harlem,31291159,sean,manhattan,harlem,40.81686,-73.94129,private room,47,7,2,2015-12-09,0.04,1,0
9185754,a tree grows in brooklyn,46547144,jane,brooklyn,williamsburg,40.70782,-73.95462,private room,60,1,2,2015-11-23,0.05,1,0
9186894,cozy large and sunny bedroom in greenpoint,6217827,krzysztof,brooklyn,greenpoint,40.73051,-73.95496,private room,80,2,2,2016-05-16,0.05,1,0
9197829,"spacious, bright and comfortable",7897952,nima,brooklyn,gowanus,40.67652,-73.99682,entire home/apt,132,1,1,2015-12-01,0.02,1,0
9201458,gorgeous bedroom near central park,13794250,jackie,manhattan,upper west side,40.78107,-73.97817,private room,75,5,1,2015-11-21,0.02,1,0
9201479,chelsea nyc shared apartment,47860375,todd,manhattan,chelsea,40.74188,-73.99865,private room,100,1,2,2015-12-03,0.05,1,0
9201989,"peaceful, sun-drenched apartment in vibrant area",39939246,sara,brooklyn,clinton hill,40.68363,-73.96305,entire home/apt,89,3,3,2017-12-28,0.07,1,0
9207023,clean private room with bathroom,47886371,megan,brooklyn,midwood,40.62402,-73.97071,private room,50,1,1,2015-12-29,0.02,1,0
9214148,spacious one bedroom,47917120,christina,manhattan,east harlem,40.78748,-73.95102,entire home/apt,80,2,2,2018-10-09,0.05,1,0
9217460,2 bedroom artist's sunny top floor brownstone apt,19648898,debra,manhattan,harlem,40.80542,-73.9455,entire home/apt,90,3,1,2016-06-12,0.03,1,0
9217592,charming + spacious brownstone apt,881301,camillia,brooklyn,clinton hill,40.68356,-73.96152,entire home/apt,145,3,3,2019-06-17,0.07,1,0
9219569,"quiet, cozy, and big bushwick apt!",47672228,danielle,brooklyn,bushwick,40.69064,-73.921,entire home/apt,125,1,9,2016-07-23,0.21,1,0
9230605,times square,47985489,sam,manhattan,hell's kitchen,40.76018,-73.98916,entire home/apt,199,2,5,2016-05-19,0.11,1,0
9231791,hip bushwick apartment,47989547,hannah,brooklyn,bushwick,40.69647,-73.92495,private room,60,1,3,2016-05-01,0.07,1,0
9233338,"quiet, cozy, sunlit brooklyn home",47995413,sethu,brooklyn,flatbush,40.64873,-73.96419,entire home/apt,100,1,10,2016-07-17,0.23,1,0
9238214,sublet cozy spacious private room near manhattan,48016303,nelson,queens,astoria,40.75546,-73.91768,private room,39,4,9,2019-04-25,0.21,1,0
9238861,one-bedroom in morningside heights,4396038,egor,manhattan,morningside heights,40.80874,-73.9589,entire home/apt,120,2,2,2018-03-02,0.05,1,0
9248239,private room in williamsburg loft,48057837,diana,brooklyn,williamsburg,40.71914,-73.96477,private room,75,1,2,2015-12-28,0.05,1,0
9249597,typical cozy 1br - prime upper west,20694807,alexandre,manhattan,upper west side,40.77912,-73.97976,entire home/apt,150,6,1,2016-01-01,0.02,1,0
9250731,bright and spacious 1 bedroom,798653,chrissy and scott,brooklyn,williamsburg,40.7131,-73.94422,entire home/apt,119,1,7,2016-04-11,0.16,1,0
9253112,spacious beautiful 1br apt,1941852,helga,brooklyn,crown heights,40.66965,-73.95517,entire home/apt,80,1,17,2017-08-30,0.38,1,0
9260616,large modern apartment w backyard,8996900,kristine,brooklyn,kensington,40.64735,-73.97611,entire home/apt,150,4,1,2015-12-02,0.02,1,0
9270122,beautiful room in artistic loft,48148603,ricardo,brooklyn,greenpoint,40.73469,-73.95778,private room,60,1,1,2016-01-03,0.02,1,0
9273161,located in the heart of soho!!,48161896,kate,manhattan,soho,40.72356,-74.00472,entire home/apt,78,5,2,2017-05-22,0.08,1,0
9275453,"spacious house, 20 min to manhattan",48171900,michael,queens,ditmars steinway,40.77707,-73.91398,private room,80,1,2,2016-01-03,0.05,1,0
9276634,2-bedroom in the heart of the ev!,46323876,mario,manhattan,east village,40.72765,-73.98199,entire home/apt,199,2,1,2015-11-28,0.02,1,0
9277581,"clean, mid-century modern decorated",25687571,jorge,manhattan,east village,40.72959,-73.98245,entire home/apt,125,2,15,2017-12-03,0.34,1,0
9278786,great  2br east village apartment,1449710,whitney,manhattan,east village,40.72404,-73.98838,entire home/apt,200,1,2,2015-12-13,0.05,1,0
9282987,"park slope, brooklyn charm",11607339,nani,brooklyn,park slope,40.67815,-73.97878,entire home/apt,130,2,4,2016-12-31,0.09,1,0
9291870,cozy upper east side 1 bed,48244550,janice,manhattan,upper east side,40.76405,-73.95967,entire home/apt,126,1,3,2016-06-04,0.07,1,0
9295059,"1br steps from park, museums, more",11797330,casey,manhattan,upper east side,40.78397,-73.95041,entire home/apt,139,3,18,2016-07-25,0.44,1,0
9296077,central park - spacious 1 bedroom -,42064476,marine,manhattan,upper east side,40.77234,-73.96045,entire home/apt,200,1,9,2016-10-13,0.2,1,0
9296598,i would like to sublet for 3 months,48264527,roberta,manhattan,upper west side,40.77944,-73.98518,entire home/apt,40,1,1,2016-03-31,0.03,1,0
9298825,charming brooklyn one bedroom,4631581,kim  and  jordan,brooklyn,cobble hill,40.68805,-73.99634,entire home/apt,185,2,3,2016-10-16,0.07,1,0
9301755,amazing loft on the lower east side,4865452,rj,manhattan,lower east side,40.71269,-73.98171,entire home/apt,200,1,1,2015-12-03,0.02,1,0
9311761,cozy apartment in lower east side,6655182,tim,manhattan,lower east side,40.71846,-73.98727,private room,150,2,2,2016-09-24,0.05,1,0
9315567,i am minutes from it all.,48351548,kandisann,manhattan,harlem,40.80157,-73.95407,private room,65,1,11,2016-07-04,0.25,1,0
9319328,"cozy bowery studio (6, bdfm trains)",48370995,james,manhattan,noho,40.72624,-73.99317,entire home/apt,100,1,8,2016-11-15,0.19,1,0
9324841,large artist one bedroom in williamsburg!,9659504,danny,brooklyn,williamsburg,40.71676,-73.94575,entire home/apt,165,4,10,2018-07-31,0.23,1,0
9331036,spacious master br near bk museum,20267329,nika,brooklyn,prospect heights,40.67263,-73.96437,private room,99,2,3,2017-01-02,0.07,1,0
9331683,supersunny apt 20min from manhattan,45589955,jacopo,brooklyn,crown heights,40.67637,-73.95951,entire home/apt,100,6,1,2016-01-07,0.02,1,0
9332926,room in 3br apt,48437907,filip,manhattan,washington heights,40.83819,-73.94373,private room,110,1,1,2015-11-10,0.02,1,0
9333533,private room in williamsburg,48442001,carlos,brooklyn,williamsburg,40.70723,-73.94811,private room,50,7,4,2016-03-20,0.09,1,0
9334086,"large 1br apt,25min to times square",25402037,khaleed,manhattan,washington heights,40.84465,-73.93733,entire home/apt,80,2,3,2016-03-30,0.07,1,0
9334228,cozy studio in an amazing location,1423321,olivera,manhattan,east village,40.72695,-73.99012,entire home/apt,70,7,1,2015-12-08,0.02,1,0
9334365,1bd steps from central park/museum,20592462,julia,manhattan,upper east side,40.77751,-73.9556,entire home/apt,125,1,1,2015-11-23,0.02,1,0
9334840,cozy warm one bedroom,2716515,nick,queens,astoria,40.7576,-73.9067,entire home/apt,70,1,1,2015-11-11,0.02,1,0
9345523,cute private bedroom | east village,39333015,xiwei,manhattan,east village,40.7228,-73.98352,private room,85,1,1,2015-11-14,0.02,1,0
9347368,family friendly 2br/1ba in uws,48511336,peter,manhattan,upper west side,40.78479,-73.97521,entire home/apt,200,5,5,2017-08-18,0.12,1,0
9349116,great place - heart of williamsburg,5854655,ian,brooklyn,williamsburg,40.71824,-73.95455,entire home/apt,200,1,1,2016-01-01,0.02,1,0
9349221,charming & sunny williamsburg apt,35489917,erin,brooklyn,williamsburg,40.71401,-73.96333,private room,99,1,5,2016-05-01,0.12,1,0
9349950,spacious bohemian apartment,10621509,taylor,brooklyn,bedford-stuyvesant,40.68137,-73.91479,entire home/apt,80,5,12,2017-06-15,0.28,1,0
9350729,cozy room in the heart of brooklyn,2953015,soria,brooklyn,clinton hill,40.69223,-73.96879,private room,63,2,2,2016-06-11,0.05,1,0
9351679,"1bdr apartment, astoria, ny [10min from manhattan]",48534909,despina,queens,astoria,40.76483,-73.91522,entire home/apt,99,4,4,2019-01-04,0.09,1,0
9352565,studio apartment in herald square,33281828,vikram,manhattan,midtown,40.74966,-73.98781,entire home/apt,140,4,2,2015-12-28,0.05,1,0
9359933,private room & modern feel,1733622,nathan,brooklyn,crown heights,40.67246,-73.93401,private room,40,1,3,2016-01-01,0.07,1,0
9360968,sunny 2nd bedroom in cheery bushwick apt,29988752,charis,brooklyn,bushwick,40.7047,-73.92109,private room,100,2,22,2017-11-06,0.5,1,0
9362527,quiet roomy space,48582770,kyron,manhattan,inwood,40.86227,-73.92943,private room,60,5,1,2015-12-30,0.02,1,0
9364184,upper west side studio,24708016,clark,manhattan,upper west side,40.78228,-73.97748,entire home/apt,170,3,11,2018-08-19,0.31,1,0
9365126,fully furnished studio in brooklyn,48593631,george,brooklyn,gowanus,40.67696,-73.99569,entire home/apt,139,3,10,2018-09-07,0.7,1,0
9365176,fifth ave. modern studio,48593893,alex,manhattan,midtown,40.75103,-73.98349,entire home/apt,250,2,10,2017-05-24,0.23,1,0
9365502,cozy 1 bdrm chelsea/meatpacking,3843401,chanel,manhattan,chelsea,40.74097,-73.99953,entire home/apt,150,1,1,2015-11-17,0.02,1,0
9366053,sunny and spacious room in bushwick,258409,stephanie,brooklyn,bushwick,40.701,-73.91593,private room,90,3,6,2019-01-02,0.32,1,0
9368754,"spacious, fun 1br home in village",801176,jenny,manhattan,greenwich village,40.72893,-74.00176,entire home/apt,205,3,2,2016-05-19,0.05,1,0
9369426,spacious bushwick 1br off morgan l. sleeps 2.,943095,talia,brooklyn,bushwick,40.70267,-73.92923,entire home/apt,90,2,2,2017-07-20,0.07,1,0
9370538,charming 1 bedroom apt ...,6452596,juliana,manhattan,chinatown,40.71544,-73.99052,entire home/apt,250,2,1,2015-11-28,0.02,1,0
9371009,"neat, safe and well located apt.",5993775,vanessa k,manhattan,upper east side,40.775,-73.94842,entire home/apt,110,3,4,2016-08-16,0.09,1,0
9377185,light-filled room in renovated apt,1021134,manny,brooklyn,williamsburg,40.7069,-73.96833,private room,60,2,1,2016-08-08,0.03,1,0
9379983,gooood morning america!,48664130,connor,manhattan,theater district,40.75572,-73.98531,entire home/apt,205,2,1,2015-12-06,0.02,1,0
9380474,private master bedroom with tv - williamsburg,48578050,chris,brooklyn,williamsburg,40.71439,-73.96256,private room,50,7,4,2017-07-18,0.11,1,0
9381315,comfy nyc studio apartment,7379511,anhad,manhattan,east village,40.72847,-73.98579,entire home/apt,183,1,1,2016-01-09,0.02,1,0
9387120,"private room/full bed, east village",48695642,anne,manhattan,east village,40.72314,-73.98066,private room,100,1,1,2015-12-01,0.02,1,0
9391430,charming 1 br in heart of nolita,6487616,eli,manhattan,nolita,40.72291,-73.9945,entire home/apt,175,3,6,2016-02-03,0.14,1,0
9393343,spacious 1 bedroom near 125th st.,35899921,alexandra,manhattan,harlem,40.81176,-73.94999,entire home/apt,100,3,2,2016-02-22,0.05,1,0
9394419,sunny clinton hill brownstone apt,3732336,moira,brooklyn,clinton hill,40.68215,-73.96121,entire home/apt,127,1,7,2017-07-23,0.16,1,0
9396442,upper west apt close to central pk,26347594,mahesh,manhattan,upper west side,40.77772,-73.98514,private room,108,1,11,2017-12-08,0.25,1,0
9401453,high luxury thanksgiving stay,39694819,montana,manhattan,chelsea,40.74081,-74.00296,entire home/apt,180,1,1,2015-11-21,0.02,1,0
9404707,spacious & sunny east village studio,381669,ashley,manhattan,east village,40.73047,-73.98576,entire home/apt,190,4,10,2018-12-28,0.23,1,0
9404709,stylish apartment in sunset park brooklyn,2743716,spyridon,brooklyn,sunset park,40.64577,-74.00532,entire home/apt,90,7,6,2018-07-01,0.17,1,0
9405124,1 bed available in 2 br apt in uws,19059946,andrew,manhattan,upper west side,40.79947,-73.964,private room,51,1,1,2016-01-05,0.02,1,0
9405466,quiet 1 bdr uws apartment,3414967,thomas,manhattan,upper west side,40.77668,-73.97815,entire home/apt,150,1,1,2015-12-14,0.02,1,0
9410527,spacious modern 3 br in park slope,1401316,karoline,brooklyn,south slope,40.66548,-73.98279,entire home/apt,200,4,3,2016-01-03,0.07,1,0
9411914,great room in greenwich village!,17234494,fer,manhattan,west village,40.73319,-74.00225,private room,65,1,2,2016-01-03,0.05,1,0
9412636,safe&cozy bdoom/5 mins to manhattan,24244132,yuhao,manhattan,roosevelt island,40.76168,-73.95059,private room,60,2,1,2016-05-30,0.03,1,0
9413287,ensuite bathroom in luxury duplex,3337974,erik,brooklyn,williamsburg,40.71605,-73.95176,private room,65,3,1,2015-12-01,0.02,1,0
9414019,yogi's luxury on prospect park,1333485,jenny,brooklyn,windsor terrace,40.6491,-73.97434,entire home/apt,200,2,19,2017-01-02,0.45,1,0
9414496,gorgeous studio available!,37169371,shannon,manhattan,inwood,40.85945,-73.92834,entire home/apt,69,1,1,2015-11-27,0.02,1,0
9414521,"perfect apartment, manhattan nyc",23850513,fabiana,manhattan,morningside heights,40.80887,-73.95917,entire home/apt,120,5,3,2017-01-01,0.07,1,0
9415026,murray hill nyc apartment,14995329,sierra,manhattan,kips bay,40.7435,-73.97907,private room,95,1,1,2015-12-14,0.02,1,0
9415109,quiet modern space,48816743,wesley,brooklyn,bedford-stuyvesant,40.69856,-73.94368,entire home/apt,142,2,18,2017-01-02,0.44,1,0
9420768,come enjoy my trendy harlem,48603189,marcella,manhattan,harlem,40.82402,-73.9456,private room,70,1,17,2018-01-03,0.4,1,0
9422196,private room in gramercy park,12154291,cindy,manhattan,gramercy,40.73537,-73.98244,private room,95,1,1,2016-06-13,0.03,1,0
9425220,cozy private bedroom in 3br apt,48861563,kalyani,manhattan,washington heights,40.84899,-73.94018,private room,40,1,2,2016-01-03,0.05,1,0
9427331,huge/private studio right off the l,48870194,brad,brooklyn,bushwick,40.70505,-73.92239,entire home/apt,108,2,4,2016-07-01,0.09,1,0
9429015,amazing location! mid-70s 1br @ columbus,13129524,whitney,manhattan,upper west side,40.78198,-73.97803,entire home/apt,275,1,4,2016-06-26,0.09,1,0
9434801,cozy bedroom in sunny apartment,10335025,sharif,brooklyn,bushwick,40.70254,-73.93095,private room,50,5,12,2017-08-03,0.27,1,0
9435428,cozy studio in east harlem,48904356,hasan,manhattan,east harlem,40.79335,-73.94583,entire home/apt,150,1,1,2016-01-02,0.02,1,0
9451334,beautiful &cozy&spacious!,3718888,ana,brooklyn,bushwick,40.68943,-73.90574,private room,45,1,2,2016-01-10,0.05,1,0
9451784,trendy williamsburg apartment!,22953164,caroline,brooklyn,williamsburg,40.71028,-73.95445,private room,80,2,4,2016-09-05,0.09,1,0
9458150,1br beautifull bright very spacious,7571483,veronica,brooklyn,crown heights,40.66971,-73.95645,entire home/apt,105,4,1,2016-08-23,0.03,1,0
9459232,bedroom in spacious apt w/ backyard,4052055,lorien,manhattan,east village,40.724,-73.98376,private room,45,1,1,2015-12-21,0.02,1,0
9462694,beautiful 1br  garden apt in bk,10240786,sam,brooklyn,carroll gardens,40.68177,-73.99393,entire home/apt,150,1,1,2015-12-06,0.02,1,0
9464046,beautiful new apt-perfect location!,1607111,damian,brooklyn,williamsburg,40.7075,-73.95385,private room,65,6,3,2016-04-28,0.07,1,0
9464137,elegant high rise condo w/ doorman,42956813,naomi,manhattan,upper east side,40.7713,-73.95443,entire home/apt,175,1,15,2016-09-05,0.35,1,0
9464543,prime location in chelsea,15208048,philipp,manhattan,chelsea,40.74601,-73.99987,private room,98,1,1,2015-12-14,0.02,1,0
9471893,newly renovated soho apt: 2 bedroom/2 bathroom,49090209,jack,manhattan,greenwich village,40.72772,-74.0013,entire home/apt,225,1,1,2016-01-02,0.02,1,0
9471997,lovely 1-bedroom apartment in soho!,10208450,olai,manhattan,soho,40.72615,-74.00225,entire home/apt,100,4,1,2016-03-08,0.02,1,0
9473492,1 bedroom in 2 bdr bushwick apt,49099055,charles,brooklyn,bushwick,40.68983,-73.90512,private room,55,1,1,2015-12-27,0.02,1,0
9473646,cozy private room in cobble hill,6240859,sarah,brooklyn,carroll gardens,40.68535,-73.99192,private room,80,2,11,2016-11-03,0.27,1,0
9473837,cozy room in artistic apartment,13713658,isabelle,brooklyn,williamsburg,40.7161,-73.94264,private room,80,1,1,2016-01-02,0.02,1,0
9475494,upper east side - amazing location!,3394386,kevin,manhattan,upper east side,40.78113,-73.95452,entire home/apt,175,1,1,2015-12-27,0.02,1,0
9476449,spacious park slope 3 bb apt,13859188,julien,brooklyn,park slope,40.66737,-73.97822,entire home/apt,200,2,2,2016-08-28,0.05,1,0
9476831,private room in wash heights nyc,49118721,raphael,manhattan,washington heights,40.85068,-73.93046,private room,40,4,1,2016-01-02,0.02,1,0
9477096,holiday rental in nyc!,49120717,sarah,manhattan,harlem,40.82516,-73.95288,private room,40,1,1,2015-12-21,0.02,1,0
9477359,"bright, airy east village apartment",22063782,jennifer,manhattan,east village,40.72311,-73.98389,entire home/apt,180,7,1,2016-01-03,0.02,1,0
9478196,"spacious w.village triplex, terrace",26748898,abby,manhattan,west village,40.73431,-74.00635,entire home/apt,275,3,4,2016-07-20,0.11,1,0
9478370,spacious and comfortable 1br apt close to nyc.,8200337,maría cristina,queens,sunnyside,40.74538,-73.92139,entire home/apt,115,2,6,2018-07-02,0.18,1,0
9479084,cosy studio / newly renovated,1177400,bella,manhattan,two bridges,40.71183,-73.99685,entire home/apt,175,4,3,2017-01-02,0.08,1,0
9484346,handsome lower east side 1-bedroom,49158190,sarah,manhattan,chinatown,40.71564,-73.99169,entire home/apt,150,1,3,2016-01-03,0.07,1,0
9484892,"cozy, e.vill room w/ private bath!",13667539,brian,manhattan,east village,40.72145,-73.97881,private room,75,1,2,2016-01-01,0.05,1,0
9486961,large bright bushwick private room!,49170998,nina,brooklyn,bushwick,40.70138,-73.92168,private room,60,7,3,2018-01-01,0.07,1,0
9487684,nice and cozy studio in the upper west side.,4515330,alo,manhattan,upper west side,40.7795,-73.98258,entire home/apt,175,4,2,2016-06-06,0.05,1,0
9488756,a tranquil base for exploring nyc,1657540,charlie,brooklyn,bedford-stuyvesant,40.68023,-73.94487,private room,70,7,2,2015-12-07,0.05,1,0
9491448,bright 1 bedroom in hells kitchen,47066108,karla,manhattan,hell's kitchen,40.76393,-73.99124,private room,99,3,5,2017-05-18,0.12,1,0
9493324,private comfortable room,1857387,jake,brooklyn,williamsburg,40.7139,-73.94628,private room,41,3,1,2015-11-23,0.02,1,0
9495238,old world manhattan one-bedroom,45514903,trevor,manhattan,washington heights,40.84687,-73.94228,entire home/apt,95,5,2,2017-01-05,0.05,1,0
9496094,modern flat in the heart of chelsea,41066327,netanya,manhattan,chelsea,40.74603,-74.00147,entire home/apt,160,4,2,2016-09-14,0.05,1,0
9496213,queen bed in williamsburg brooklyn,6515431,solange,brooklyn,williamsburg,40.70564,-73.93646,private room,46,1,2,2015-11-23,0.05,1,0
9496372,w 4th ground floor 1bd apt,8472477,scott,manhattan,west village,40.73095,-74.00242,entire home/apt,132,1,1,2016-01-03,0.02,1,0
9505047,private room/bath in modern williamsburg apt.,49255756,sol,brooklyn,williamsburg,40.71848,-73.95817,private room,80,7,11,2019-05-04,0.25,1,0
9505268,chelsea studio,7098925,dimitri,manhattan,chelsea,40.75182,-73.99779,entire home/apt,150,5,1,2016-01-05,0.02,1,0
9505449,"private room in heart of boerum hill, brooklyn",338562,shanika,brooklyn,boerum hill,40.6836,-73.98285,private room,62,2,4,2017-05-08,0.11,1,0
9505990,whole apartment & 2 cats!,49260425,fernanda,brooklyn,bushwick,40.69544,-73.93221,entire home/apt,68,3,1,2016-07-25,0.03,1,0
9507100,modern luxurious studio apt. 15 mins to times sq.,49182321,julie,queens,long island city,40.75211,-73.94082,entire home/apt,149,5,4,2017-10-20,0.14,1,0
9507521,beautiful renovated brownstone,49268145,james,brooklyn,south slope,40.66872,-73.98648,entire home/apt,275,2,2,2016-01-01,0.05,1,0
9509369,gorgeous sunny studio & perfect beautiful nyc area,24767704,danielle,brooklyn,bedford-stuyvesant,40.6847,-73.93262,entire home/apt,79,2,4,2016-06-20,0.09,1,0
9511685,apartment in stuy town,49286334,tairan,manhattan,stuyvesant town,40.73288,-73.97984,private room,80,1,1,2016-01-06,0.02,1,0
9513152,a nice private room in east village,20019653,威,manhattan,east village,40.72309,-73.98285,private room,50,1,1,2015-12-28,0.02,1,0
9513278,sunny and chic soho apartment,49293535,aleksandra,manhattan,soho,40.72741,-74.00178,entire home/apt,185,3,2,2016-05-26,0.05,1,0
9514772,private entrance trendy greenpoint williamsburg bk,5668894,sunim,brooklyn,greenpoint,40.72396,-73.95182,private room,50,5,2,2017-06-20,0.05,1,0
9515733,modern boho apt. in prime brooklyn location,888939,amber,brooklyn,boerum hill,40.68644,-73.9857,entire home/apt,200,2,8,2018-04-01,0.35,1,0
9517488,studio in the fabulous west village,31248442,hayley lynn,manhattan,west village,40.7347,-74.00784,entire home/apt,150,2,1,2018-05-21,0.07,1,0
9521704,cute apartment in east village,14391637,maxime,manhattan,east village,40.72286,-73.9834,entire home/apt,200,1,3,2016-01-02,0.07,1,0
9523488,welcome to williamsburg,19733878,sabrina,brooklyn,williamsburg,40.71018,-73.95488,entire home/apt,110,3,4,2017-01-01,0.11,1,0
9524033,cozy uws private room,37606128,kristin,manhattan,harlem,40.80319,-73.95432,private room,60,1,6,2016-07-04,0.14,1,0
9525241,clean & quiet 1br @ chelsea/village,2787066,nate,manhattan,chelsea,40.73945,-73.99616,entire home/apt,126,4,8,2017-05-18,0.18,1,0
9525335,"single bedroom in west harlem, nyc",49347979,matthew,manhattan,harlem,40.81376,-73.95321,private room,55,1,2,2015-12-25,0.05,1,0
9533058,spacious apartment steps from park,24120376,warren,brooklyn,greenpoint,40.72484,-73.94307,entire home/apt,130,4,1,2017-04-10,0.04,1,0
9538618,"sunny, cozy, modern and spacious prospect heights",396819,sandy,brooklyn,prospect heights,40.67413,-73.96497,entire home/apt,100,3,4,2017-03-07,0.13,1,0
9541320,gorgeous bk apt steps from barcalys,19698371,ben,brooklyn,gowanus,40.68068,-73.98186,entire home/apt,63,5,2,2019-01-04,0.05,1,0
9541753,2 bedroom prospect heights hideaway,11460541,nick,brooklyn,prospect heights,40.67939,-73.96631,entire home/apt,60,1,1,2016-06-22,0.03,1,0
9542827,big room with bath & balcony in bk!,2966628,mike,brooklyn,bedford-stuyvesant,40.68795,-73.94173,private room,59,1,2,2016-01-01,0.05,1,0
9545059,private bedroom and private bath,49431548,isabelle,brooklyn,prospect-lefferts gardens,40.65862,-73.95777,private room,78,1,1,2015-12-03,0.02,1,0
9547920,private room in east williamsburg,24337956,vince,brooklyn,williamsburg,40.70714,-73.93611,private room,51,1,1,2016-01-05,0.02,1,0
9550171,"perfectly located, vibrant studio!",49455312,jonatan,manhattan,upper west side,40.77472,-73.98323,entire home/apt,228,2,14,2017-05-21,0.41,1,0
9550485,private bedroom in heart of soho,34691404,noah,manhattan,soho,40.72501,-74.00353,private room,90,3,2,2016-03-05,0.05,1,0
9550714,"brooklyn charmer, close to everything nyc!",48399349,lakan,brooklyn,downtown brooklyn,40.69072,-73.99034,entire home/apt,120,2,1,2016-10-10,0.03,1,0
9558052,sunny room minutes from the subway,49489331,henry,brooklyn,crown heights,40.66528,-73.93293,private room,45,2,1,2016-01-10,0.02,1,0
9560034,huge room in les townhouse,23854797,joel,manhattan,lower east side,40.72136,-73.98767,private room,85,1,1,2016-06-06,0.03,1,0
9561251,upper east side luxury rooftop & doorman building,49502599,alisa,manhattan,upper east side,40.76928,-73.96163,private room,250,1,1,2015-12-13,0.02,1,0
9572448,lovely room in the heart of bk,49482081,bianca,brooklyn,bedford-stuyvesant,40.69886,-73.94617,private room,45,1,1,2015-12-10,0.02,1,0
9573876,sunny 1 bedroom apartment - 2 cats,49561278,weijia,manhattan,lower east side,40.71752,-73.99077,entire home/apt,110,4,1,2016-01-02,0.02,1,0
9575930,gorgeous 1bd in 2bd apt. manhattan,16417917,karina,manhattan,morningside heights,40.80774,-73.95703,private room,100,2,17,2019-06-14,0.39,1,0
9576230,penthouse room in williamsburg,10619345,max,brooklyn,williamsburg,40.7157,-73.96011,private room,49,1,1,2016-02-15,0.02,1,0
9578181,spacious & convenient midtown apt,19510808,ding,manhattan,murray hill,40.74755,-73.98054,entire home/apt,120,2,2,2018-05-20,0.05,1,0
9578639,huge 2 bed/2 bath in doorman building,2335786,rom,manhattan,upper east side,40.77919,-73.94733,entire home/apt,199,4,10,2019-05-05,0.26,1,0
9585339,sunny 1 br apt in west chelsea,49616729,annie,manhattan,chelsea,40.75164,-74.00146,entire home/apt,100,2,5,2016-04-18,0.12,1,0
9586258,private cosy room in brooklyn,27065592,shane,brooklyn,clinton hill,40.68402,-73.96094,private room,60,1,2,2016-01-02,0.05,1,0
9588828,comfortable ues 2bdr apt,49630478,kaitlyn,manhattan,upper east side,40.78007,-73.94677,entire home/apt,115,4,1,2015-12-29,0.02,1,0
9589030,modern+cozy room in bushwick,10061428,wipawe,brooklyn,bushwick,40.69911,-73.92441,private room,55,1,6,2016-08-20,0.14,1,0
9589086,modern duplex apt with courtyard!,21086012,babak,brooklyn,bedford-stuyvesant,40.69422,-73.94616,private room,76,1,4,2016-08-22,0.09,1,0
9595863,cozy private room in williamsburg,33906084,manon,brooklyn,williamsburg,40.7171,-73.95273,entire home/apt,80,4,1,2015-12-23,0.02,1,0
9596551,blocks away from central park - nyc,37058836,andrew,manhattan,east harlem,40.79682,-73.94876,entire home/apt,260,1,1,2016-01-01,0.02,1,0
9596608,family friendly upper west side apt,4931159,rob,manhattan,upper west side,40.7924,-73.97265,entire home/apt,85,4,17,2019-04-21,0.55,1,0
9605039,"sunny, clean one bedroom!",2513586,marguerite,manhattan,upper east side,40.78495,-73.9503,entire home/apt,135,7,1,2016-01-01,0.02,1,0
9607482,cozy studio in midtown east,36380016,eman,manhattan,midtown,40.7532,-73.96711,entire home/apt,99,1,7,2016-01-27,0.16,1,0
9609246,private bedroom w/terrace,49720830,sarah,manhattan,murray hill,40.74899,-73.97301,private room,119,1,1,2015-12-31,0.02,1,0
9609762,room on the uws (near columbia u),9144442,samantha,manhattan,upper west side,40.80219,-73.96618,private room,65,3,9,2016-12-31,0.21,1,0
9609825,chelsea 1 br - brand new apartment,27158859,harrison,manhattan,chelsea,40.74761,-73.99761,entire home/apt,199,4,15,2017-09-15,0.38,1,0
9610704,private room in the west village,15337454,henriette,manhattan,west village,40.73436,-73.99994,private room,80,1,1,2016-01-05,0.02,1,0
9610982,a private room in an apartment,47511212,aanchal,manhattan,morningside heights,40.80508,-73.96262,private room,55,2,4,2016-05-11,0.09,1,0
9611372,bright space in beautiful area,5238157,jessica,brooklyn,carroll gardens,40.68002,-73.99626,entire home/apt,125,1,5,2016-09-05,0.12,1,0
9612260,lovely brooklyn apt,8871082,houston,brooklyn,carroll gardens,40.6776,-74.0014,entire home/apt,110,5,1,2016-07-02,0.03,1,0
9613369,beautiful studio - upper west side,49737913,jacqueline,manhattan,upper west side,40.78095,-73.98178,entire home/apt,195,3,1,2015-12-22,0.02,1,0
9613626,clean & simple brooklyn bedroom,7371085,alisha,brooklyn,williamsburg,40.70436,-73.93225,private room,55,7,2,2016-01-02,0.05,1,0
9614552,huge brownstone apt. on cute block!,766920,archie,brooklyn,carroll gardens,40.68316,-73.99775,entire home/apt,100,2,4,2016-04-18,0.09,1,0
9614969,cozy room in east harlem,49673620,vanessa,manhattan,east harlem,40.79651,-73.93184,private room,60,3,10,2019-01-02,0.23,1,0
9615209,cozy studio in luxury building lic,49746656,elva,queens,long island city,40.74572,-73.95679,entire home/apt,85,5,1,2016-08-13,0.03,1,0
9615485,spacious private bedroom 1 stop to manhattan,35320945,peggy,manhattan,roosevelt island,40.76108,-73.95058,private room,70,2,5,2017-03-25,0.14,1,0
9616453,room next to columbia university,49753169,juan luis,manhattan,morningside heights,40.80838,-73.95995,private room,75,2,1,2016-01-06,0.02,1,0
9616729,cute and cozy room in brooklyn,49754509,ornella,brooklyn,bedford-stuyvesant,40.68901,-73.95057,private room,31,2,1,2015-12-30,0.02,1,0
9627513,cozy 4br in the heart of harlem,36792245,kilandra,manhattan,harlem,40.80272,-73.95564,private room,60,2,8,2016-08-22,0.19,1,0
9633920,"sunny, quiet, minimalist 1 bdrm apt in brooklyn",7631412,amy,brooklyn,crown heights,40.66426,-73.94758,entire home/apt,80,2,18,2019-05-27,0.42,1,0
9634829,spacious 1bd in 2bd harlem/uws area,12298772,harrison,manhattan,harlem,40.80464,-73.95637,private room,84,2,3,2016-05-21,0.07,1,0
9634880,"spacious, private living + bedroom in bedstuy",18330683,iris,brooklyn,bedford-stuyvesant,40.68608,-73.93015,private room,63,3,15,2018-09-16,0.35,1,0
9635223,beautiful red brick room,49827772,rebecca,brooklyn,bedford-stuyvesant,40.68661,-73.91944,private room,45,2,1,2016-01-02,0.02,1,0
9644430,cosy room in a sunny brooklyn flat,11132113,arno,brooklyn,bedford-stuyvesant,40.68673,-73.95829,private room,45,3,1,2016-01-09,0.02,1,0
9644961,amazing loft in williamsburg,7897771,nour,brooklyn,williamsburg,40.71769,-73.9544,private room,115,3,3,2016-01-26,0.07,1,0
9645338,lovely room in prime crown heights,14965776,kyra,brooklyn,crown heights,40.66931,-73.9555,private room,55,5,5,2017-08-04,0.12,1,0
9652413,1 bedroom near columbia/morningside,17065519,chelsea,manhattan,harlem,40.80407,-73.95762,entire home/apt,89,1,1,2015-12-26,0.02,1,0
9662070,large private bedroom in bushwick,506208,erin,brooklyn,bushwick,40.70435,-73.91646,private room,65,1,2,2016-07-24,0.06,1,0
9664497,room in modern brooklyn apartment,32173907,oliver,brooklyn,bushwick,40.70433,-73.92652,private room,55,3,6,2017-04-14,0.14,1,0
9669305,mid nolita soho lit. italy village,49967558,joao,manhattan,noho,40.72459,-73.99366,entire home/apt,145,1,3,2016-01-01,0.07,1,0
9675609,huge sunny room in williamsburg-2 min from l train,5480274,mia,brooklyn,williamsburg,40.70997,-73.94297,private room,80,2,9,2017-11-06,0.41,1,0
9678488,studio in the heart of wvillage,50003858,michael,manhattan,west village,40.73702,-74.00633,entire home/apt,200,1,5,2017-04-16,0.12,1,0
9679278,our unique 3br home in bushwick,50006995,josh and amanda,brooklyn,bushwick,40.7005,-73.92814,entire home/apt,230,1,1,2016-01-05,0.02,1,0
9679289,"entire large basement, very quiet.",50006975,william,brooklyn,bushwick,40.70633,-73.92231,private room,55,1,1,2016-01-05,0.02,1,0
9679310,two large rooms in union sq duplex,25165109,alex,manhattan,gramercy,40.73429,-73.98689,private room,160,2,1,2015-12-13,0.02,1,0
9679337,huge private room in the heart of williamsburg,4369380,emmanuel,brooklyn,williamsburg,40.71436,-73.95421,private room,46,3,11,2017-05-22,0.26,1,0
9682862,large apartment in manhattan!,50016613,becky,manhattan,harlem,40.8241,-73.95259,private room,100,3,1,2016-03-28,0.03,1,0
9684503,big comfy bedroom 20 mins from midtown manhattan!,50024703,emily,queens,astoria,40.75658,-73.92181,private room,68,3,6,2017-10-07,0.14,1,0
9684998,sunny 1 bedroom in upper east side,6115134,masa,manhattan,upper east side,40.77849,-73.95046,entire home/apt,112,4,13,2019-03-08,0.3,1,0
9689477,large studio - lincoln center,42694270,thomas,manhattan,upper west side,40.77401,-73.99056,entire home/apt,155,4,6,2017-08-02,0.14,1,0
9690687,huge brooklyn apartment,2088995,padraic,brooklyn,flatbush,40.65326,-73.95513,entire home/apt,70,2,1,2019-04-10,0.33,1,0
9691204,spacious / garden condo ft. greene,50053165,carina,brooklyn,fort greene,40.68574,-73.97045,entire home/apt,185,1,1,2015-12-31,0.02,1,0
9692074,student apt. 3 minutes from the 1/c,34796316,tripp,manhattan,morningside heights,40.80562,-73.95978,private room,200,7,1,2016-01-18,0.02,1,0
9692205,east manhattan (march 10th-18th),42950170,jenn,manhattan,east village,40.72636,-73.98231,private room,70,4,2,2017-03-10,0.05,1,0
9692740,convenient apartment in manhattan,50013026,abby,manhattan,upper west side,40.80012,-73.96441,private room,50,1,2,2015-12-04,0.05,1,0
9693080,entire 1br apartment in nyc,634195,luis,queens,sunnyside,40.74509,-73.9236,entire home/apt,85,4,2,2016-08-11,0.05,1,0
9694633,renovated greenpoint apartment,3245480,mike,brooklyn,greenpoint,40.73154,-73.95485,entire home/apt,109,4,4,2019-01-01,0.09,1,0
9695552,comfty 1br apt in upper west side,14651590,eva,manhattan,morningside heights,40.80462,-73.96074,entire home/apt,150,7,4,2017-01-04,0.09,1,0
9696307,"small, cozy studio in the uws",25499953,magdalena,manhattan,upper west side,40.80246,-73.96884,entire home/apt,100,2,1,2016-02-14,0.02,1,0
9698613,"1 bedroom sublet in astoria, ny",50084376,asijah,queens,ditmars steinway,40.77472,-73.90993,private room,35,1,2,2016-01-05,0.05,1,0
9698691,"big 1 bed, kitchen, living room, tv",50084137,andrew,queens,jackson heights,40.75251,-73.8898,entire home/apt,105,7,2,2016-01-31,0.05,1,0
9698905,cozy private room w/ensuite bathroom!!,2262706,shabari,brooklyn,carroll gardens,40.68378,-73.992,private room,95,1,2,2017-04-23,0.06,1,0
9699559,newly renovated midtown apartment,3655401,stephen,manhattan,kips bay,40.74106,-73.97818,entire home/apt,150,3,2,2016-01-02,0.05,1,0
9705958,"comfy, family-friendly bedstuy apt",20007675,veleda and orion,brooklyn,bedford-stuyvesant,40.68389,-73.93437,entire home/apt,65,2,4,2016-01-13,0.09,1,0
9706724,cozy apartment in crown heights,50086145,liam,brooklyn,crown heights,40.66916,-73.95125,private room,55,2,5,2017-01-01,0.12,1,0
9707531,bright & clean 1bed apt *prime* les,35671352,erin,manhattan,lower east side,40.71941,-73.98534,entire home/apt,160,1,2,2016-03-20,0.05,1,0
9709428,apt williamsburg! perfect location!,40044130,daniela,brooklyn,williamsburg,40.71009,-73.953,private room,80,6,2,2016-06-13,0.05,1,0
9712829,light and airy loft in williamsburg,8262339,michael,brooklyn,williamsburg,40.71287,-73.96325,entire home/apt,200,3,3,2019-05-05,0.42,1,0
9713048,large bedstuy/bushwick room,50144624,christian,brooklyn,bedford-stuyvesant,40.69444,-73.93746,private room,47,2,2,2016-06-10,0.05,1,0
9713116,cheerful 1br bed-stuy apartment with cat,50144878,bailey,brooklyn,bedford-stuyvesant,40.68362,-73.94646,entire home/apt,50,7,1,2016-08-01,0.03,1,0
9713626,meatpacking - luxury brownstone,13148824,ali,manhattan,chelsea,40.74186,-74.00528,entire home/apt,280,2,6,2017-01-01,0.14,1,0
9713934,beautiful apartment in the heart of brooklyn,16164068,richard,brooklyn,bedford-stuyvesant,40.68,-73.95526,private room,50,3,5,2017-05-29,0.13,1,0
9714004,spacious and bright two bedroom bedroom apartment.,50148553,anna,manhattan,theater district,40.76278,-73.98498,private room,197,3,18,2017-09-08,0.46,1,0
9714870,lovely brooklyn garden apt,202665,joy & jesse,brooklyn,bedford-stuyvesant,40.68675,-73.95865,entire home/apt,120,5,4,2017-11-25,0.12,1,0
9715973,amazing view midtown studio,50157334,ada,manhattan,kips bay,40.74285,-73.97468,entire home/apt,150,5,1,2015-12-27,0.02,1,0
9726143,"huge 1-bedroom, a+ midtown location",37803660,adrienne,manhattan,midtown,40.75088,-73.96918,entire home/apt,199,4,1,2016-01-05,0.02,1,0
9727332,"bedroom in brooklyn, nyc",50199816,meaghan,brooklyn,bushwick,40.70168,-73.92593,private room,45,1,1,2015-12-23,0.02,1,0
9728168,*manhattan luxury apt - walk to tsq,5124437,anna,manhattan,hell's kitchen,40.76172,-73.99917,entire home/apt,189,3,4,2015-12-15,0.09,1,0
9730784,private space in lower east side,1038645,kim,manhattan,lower east side,40.72133,-73.9877,private room,140,1,5,2018-05-15,0.12,1,0
9731178,spacious duplex in bed stuy,8693741,john,brooklyn,bedford-stuyvesant,40.69616,-73.94737,private room,35,1,2,2016-06-27,0.05,1,0
9732432,2nd floor bedroom in bushwick house,14974205,gabriel,brooklyn,bushwick,40.69351,-73.92309,private room,35,1,1,2016-01-14,0.02,1,0
9732612,large tribeca loft with roof deck,33624354,joshua,manhattan,tribeca,40.72117,-74.00592,entire home/apt,250,1,1,2015-12-24,0.02,1,0
9732834,"sunny,cool,greenpoint apartment...",50220666,rodin,brooklyn,greenpoint,40.72594,-73.95174,private room,70,7,2,2018-07-14,0.05,1,0
9733280,"quiet, 1 bedroom, patio, gramercy",11763414,ashley,manhattan,gramercy,40.73606,-73.98242,entire home/apt,149,7,13,2018-04-03,0.33,1,0
9735503,full 1br+balcony 17min to midtown,166014,matt & virginia,queens,astoria,40.77066,-73.92181,entire home/apt,100,7,2,2016-08-06,0.05,1,0
9735931,private room in spacious apartment,6501582,gaia,brooklyn,crown heights,40.67693,-73.93234,private room,50,7,11,2019-05-12,0.26,1,0
9737362,spacious 2b apt - kipsbay manhattan,14786085,andrew,manhattan,kips bay,40.74302,-73.98098,entire home/apt,275,5,3,2016-07-30,0.08,1,0
9740264,bright studio in harlem near trains,11462920,ijeoma,manhattan,harlem,40.81788,-73.93583,entire home/apt,75,2,19,2016-06-14,0.44,1,0
9747647,big and sunny room in greenpoint,8768792,fernando,brooklyn,greenpoint,40.72449,-73.95149,private room,70,5,1,2015-12-15,0.02,1,0
9748012,"lovely, 2br sun filled apartment",9895399,julian,brooklyn,greenpoint,40.72484,-73.9472,entire home/apt,100,6,1,2016-01-05,0.02,1,0
9750308,bushwick artist den: 1 min to l train ac +backyard,50291368,zoey,brooklyn,bushwick,40.6882,-73.90598,private room,46,2,18,2019-04-27,0.42,1,0
9753443,big studio w/ prive patio +amenity,2147475,will,brooklyn,greenpoint,40.72107,-73.95376,entire home/apt,159,1,3,2017-01-02,0.1,1,0
9755074,parkside brooklyn brownstone,33401596,luke,brooklyn,bedford-stuyvesant,40.69048,-73.94763,entire home/apt,120,3,5,2016-06-27,0.12,1,0
9755384,private queen room - hell's kitchen,9262409,danielle,manhattan,hell's kitchen,40.76504,-73.98718,private room,80,3,1,2015-12-28,0.02,1,0
9755785,"540 main street, apt 428",47512544,yingyuan,manhattan,roosevelt island,40.76206,-73.94904,private room,45,3,1,2016-01-05,0.02,1,0
9756258,room for female-upper west side,11513145,jessica,manhattan,upper west side,40.78641,-73.97739,private room,65,1,2,2016-01-08,0.05,1,0
9757167,1 full size bed with bike rental,4422477,crystal,manhattan,east village,40.72936,-73.97882,private room,100,2,1,2016-07-31,0.03,1,0
9757351,two bedroom next to central park,7952263,anne,manhattan,upper east side,40.78389,-73.95306,entire home/apt,200,4,1,2016-08-27,0.03,1,0
9759444,beautiful apartment in park slope,13342524,carola,brooklyn,south slope,40.66352,-73.98488,entire home/apt,100,3,6,2017-01-04,0.14,1,0
9759525,central park south artist's studio,50331528,sarah,manhattan,hell's kitchen,40.76599,-73.98404,entire home/apt,90,5,3,2016-04-20,0.08,1,0
9759704,lovely lofted artist's room,6706379,robyn,brooklyn,bedford-stuyvesant,40.69133,-73.9426,private room,31,3,2,2016-01-05,0.05,1,0
9759957,one bedroom in washington heights,9039711,lorraine,manhattan,washington heights,40.83358,-73.94113,private room,45,1,2,2016-06-10,0.05,1,0
9765762,"room w/ private bathroom, entrance",9662924,albert,brooklyn,williamsburg,40.70669,-73.94943,private room,85,5,1,2016-01-05,0.02,1,0
9766228,deluxe williamsburg apartment,38297722,joe,brooklyn,williamsburg,40.71691,-73.93953,entire home/apt,200,2,1,2016-01-03,0.02,1,0
9768199,unique & whimsical-entire 1-brm apt uws,50366054,blake,manhattan,upper west side,40.80055,-73.96011,entire home/apt,129,3,6,2019-05-14,0.14,1,0
9768360,"quiet, clean, modern 1-bed/1-bath",50368164,hattie,brooklyn,windsor terrace,40.64845,-73.97302,entire home/apt,100,1,7,2016-12-29,0.16,1,0
9770041,two bedroom in williamsburg,96598,michelle,brooklyn,greenpoint,40.72061,-73.94886,entire home/apt,205,7,2,2019-01-01,0.19,1,0
9775055,"relaxing, clean room in brooklyn",12974174,brandy,brooklyn,crown heights,40.66782,-73.92969,private room,60,1,1,2016-01-01,0.02,1,0
9775237,spacious high-rise 1bd with an incredible view!,38263259,michelle,manhattan,harlem,40.81949,-73.95676,entire home/apt,140,5,7,2018-05-21,0.16,1,0
9775296,"sunny, quiet crown heights apt",24894370,alex,brooklyn,crown heights,40.67042,-73.95072,entire home/apt,98,1,5,2016-01-03,0.12,1,0
9778579,les sweet bedroom (female only),50411330,sophia,manhattan,lower east side,40.71504,-73.98879,private room,45,1,2,2016-06-22,0.05,1,0
9778583,private room in huge apartment!,34351124,rebekah,brooklyn,bedford-stuyvesant,40.68768,-73.92069,private room,75,1,1,2016-01-03,0.02,1,0
9778978,upper manhattan rivervie new studio,32525636,piner,manhattan,harlem,40.82094,-73.95745,entire home/apt,50,3,1,2016-05-22,0.03,1,0
9785847,heart of williamsburg 1 bd,42424450,tyler,brooklyn,williamsburg,40.71988,-73.95591,private room,75,2,1,2015-12-31,0.02,1,0
9786021,"beautiful & spacious room, brooklyn",50442604,beatriz,brooklyn,flatbush,40.63655,-73.95424,private room,60,1,1,2016-01-01,0.02,1,0
9790462,room in spacious good vibes home,2949577,ariela,brooklyn,crown heights,40.66593,-73.95082,private room,50,4,2,2016-05-02,0.05,1,0
9790995,cozy room around union square,39615319,yiling,manhattan,east village,40.73352,-73.98896,private room,120,2,3,2016-04-18,0.08,1,0
9792367,crown heights room winter sublet,50467679,gerard,brooklyn,crown heights,40.67176,-73.93387,private room,30,3,3,2017-12-18,0.1,1,0
9792720,semi-private room next to timesqare,20337316,matt,manhattan,hell's kitchen,40.76646,-73.99345,shared room,65,1,1,2015-12-24,0.02,1,0
9793465,cozy apartment in spanish harlem,13811334,rachel,manhattan,east harlem,40.79197,-73.94711,entire home/apt,140,1,1,2016-04-13,0.03,1,0
9794402,cute apartment - heart of astoria,17490821,pierre,queens,astoria,40.7609,-73.92288,entire home/apt,100,3,1,2015-12-28,0.02,1,0
9795890,room in a loft in tribeca,23372553,valentine,manhattan,tribeca,40.71561,-74.00642,private room,75,1,1,2015-12-27,0.02,1,0
9804243,beautiful large bedroom in brooklyn,2330750,thomas,brooklyn,bedford-stuyvesant,40.69027,-73.95021,private room,60,3,4,2018-08-17,0.13,1,0
9804299,private room in williamsburg,3285138,raffi,brooklyn,williamsburg,40.71776,-73.9605,private room,70,5,1,2016-01-05,0.02,1,0
9804516,high rise apartment with central park views!,49347242,josephine,manhattan,hell's kitchen,40.7682,-73.98467,entire home/apt,180,1,3,2016-08-22,0.08,1,0
9805128,spacious cosy room with queen bed,50520029,jeremy,brooklyn,bushwick,40.69184,-73.90593,private room,49,7,2,2016-09-01,0.05,1,0
9808151,"lovely xl studio,lux bldg,24hr drmn",30223110,deniz,manhattan,midtown,40.75134,-73.96807,entire home/apt,112,4,1,2016-04-28,0.03,1,0
9808637,"beautiful, bright, farmhouse apt",10316525,daniel,brooklyn,williamsburg,40.71197,-73.96061,entire home/apt,119,3,3,2016-09-03,0.07,1,0
9809458,deluxe large 1-bedroom apt in williamsburg nyc,3829864,jeff,brooklyn,williamsburg,40.71907,-73.95434,entire home/apt,170,2,6,2018-12-02,0.32,1,0
9811274,large room for 2! hipstest hood for summer!,16003028,analá,brooklyn,greenpoint,40.72974,-73.95163,private room,80,5,2,2016-06-28,0.05,1,0
9819589,designer's studio with cats +yard,2290932,jack,brooklyn,fort greene,40.68579,-73.97455,entire home/apt,80,2,4,2018-05-27,0.17,1,0
9820053,soho studio,22440410,david,manhattan,soho,40.72688,-74.00058,entire home/apt,195,2,1,2016-01-06,0.02,1,0
9820308,"furnished 1 br, near times square",50583919,samkit,manhattan,hell's kitchen,40.75992,-73.9879,private room,68,3,1,2016-01-18,0.02,1,0
9820533,1 br artist's haven in bed-stuy,4400935,v,brooklyn,bedford-stuyvesant,40.68259,-73.92358,entire home/apt,90,2,5,2016-10-15,0.12,1,0
9820968,large stylish & modern 1 br apt.,16352538,alexis,manhattan,hell's kitchen,40.76379,-73.99378,entire home/apt,200,2,1,2016-01-02,0.02,1,0
9822635,beautiful serene bedroom,50593630,yari,brooklyn,crown heights,40.67239,-73.93225,private room,110,1,6,2016-09-19,0.14,1,0
9822738,beautiful upper east side apt!,50593964,laura,manhattan,upper east side,40.77641,-73.95505,entire home/apt,199,4,1,2016-01-03,0.02,1,0
9823636,cozy room in hell's kitchen,25153542,andrea,manhattan,hell's kitchen,40.76057,-73.99038,private room,85,1,1,2015-12-19,0.02,1,0
9824613,studio near gramercypark w/ kitchen,50601765,xinyan,manhattan,kips bay,40.74195,-73.98242,entire home/apt,120,2,4,2016-09-05,0.11,1,0
9824807,sunny apt by central park north,1583768,grace,manhattan,harlem,40.79982,-73.95375,entire home/apt,130,2,18,2017-08-14,0.42,1,0
9826494,large room in 3 bedroom apartment,18215000,haley,brooklyn,bedford-stuyvesant,40.69573,-73.95345,private room,60,2,1,2016-09-01,0.03,1,0
9826822,beautiful/comfy 1br brownstone,15312389,taylor jo,brooklyn,bedford-stuyvesant,40.68752,-73.9567,entire home/apt,140,2,5,2018-01-01,0.12,1,0
9833212,charming uws studio loft,15584022,alicia,manhattan,upper west side,40.77633,-73.97932,entire home/apt,80,5,7,2016-04-29,0.16,1,0
9836960,cozy room in cozy apartment,38064272,son,brooklyn,bedford-stuyvesant,40.68535,-73.95036,private room,30,1,3,2017-06-11,0.11,1,0
9838920,1 bedroom in morningside apartment,12745771,amanda,manhattan,washington heights,40.85509,-73.93236,private room,28,1,1,2015-12-31,0.02,1,0
9839378,exposed brick in the east village,5657756,jenny,manhattan,east village,40.72464,-73.98861,entire home/apt,225,4,7,2018-11-22,0.19,1,0
9840355,gorgeous apartment in west village,3242525,ther,manhattan,west village,40.73113,-74.00314,entire home/apt,120,4,1,2016-07-06,0.03,1,0
9841191,cozy studio in the heart of the uws,25131945,abigail,manhattan,upper west side,40.78528,-73.98091,entire home/apt,99,2,5,2017-04-30,0.12,1,0
9843634,"spacious, quiet greenpoint 1-bedroom",3820569,eleanore,brooklyn,greenpoint,40.73528,-73.95647,entire home/apt,80,3,2,2016-10-11,0.06,1,0
9843956,cheerful studio near prospect park,50687223,jenna,brooklyn,prospect-lefferts gardens,40.66044,-73.96114,entire home/apt,70,6,4,2016-07-24,0.09,1,0
9844509,prospect park palace,23806994,michael,brooklyn,prospect-lefferts gardens,40.6626,-73.96003,entire home/apt,150,2,1,2016-01-02,0.02,1,0
9845284,clean classic nyc studio,1134635,amelia,manhattan,midtown,40.74251,-73.98414,entire home/apt,150,2,1,2017-01-04,0.03,1,0
9845314,beautiful duplex in bushwick,2580352,isaac,brooklyn,bushwick,40.69923,-73.9308,entire home/apt,129,7,5,2017-06-05,0.12,1,0
9846616,"spacious private room, east village",21269488,shirley,manhattan,east village,40.73145,-73.98384,private room,100,3,1,2016-01-01,0.02,1,0
9847917,furnished east village room,7511881,nika,manhattan,east village,40.72608,-73.97843,private room,60,2,1,2016-01-05,0.02,1,0
9851704,beautiful 1 bedroom apt in bedstuy,12871485,chris,brooklyn,bedford-stuyvesant,40.68004,-73.94628,entire home/apt,120,2,9,2016-12-31,0.21,1,0
9854420,beautiful one bedroom in soho,33889947,gautier,manhattan,soho,40.72767,-74.00344,entire home/apt,200,2,20,2017-04-24,0.48,1,0
9855876,large room in les ($80-100/night),18282,daniel,manhattan,lower east side,40.71813,-73.98715,private room,70,1,3,2017-01-22,0.07,1,0
9857249,big bright 1br bed-stuy brownstone,8033291,julia,brooklyn,bedford-stuyvesant,40.68394,-73.94678,entire home/apt,94,4,6,2017-06-20,0.16,1,0
9857658,sunny 2 bedroom apt (chelsea),6355999,natalie,manhattan,chelsea,40.74387,-74.00134,entire home/apt,250,2,3,2016-05-16,0.07,1,0
9859888,apartment in harlem,50750250,ryan,manhattan,harlem,40.80728,-73.94987,entire home/apt,65,1,3,2015-12-30,0.07,1,0
9860571,the royaltyspace @williamsburg bk3,24120303,charles jnr,brooklyn,williamsburg,40.70848,-73.94945,private room,79,1,13,2016-08-21,0.3,1,0
9861797,premium central park experience,5559432,francis,manhattan,upper west side,40.79322,-73.96726,entire home/apt,200,5,2,2016-09-21,0.05,1,0
9862199,cozy studio home on the uws!,32787246,heather,manhattan,upper west side,40.80383,-73.96793,entire home/apt,103,3,1,2016-01-01,0.02,1,0
9862872,a cozy place in bayridge,50762019,aditya,brooklyn,bay ridge,40.63266,-74.0284,private room,80,1,1,2015-12-30,0.02,1,0
9862913,room in sunny apt in great area,7532013,jennifer,brooklyn,fort greene,40.69431,-73.97316,private room,60,3,1,2016-01-27,0.02,1,0
9863626,"private room in charming, comfortable & bright apt",11402864,milen,brooklyn,crown heights,40.66891,-73.9533,private room,50,2,4,2017-07-24,0.1,1,0
9865344,room in beautiful ditmas park,50772718,ross,brooklyn,flatbush,40.63443,-73.96703,private room,47,4,2,2016-07-02,0.05,1,0
9865506,modern & sun filled 1br in gramercy,26920640,kendall,manhattan,gramercy,40.73637,-73.98107,entire home/apt,200,2,2,2016-03-27,0.05,1,0
9865901,"quiet, spacious studio - moments from attractions!",109879,anna,manhattan,hell's kitchen,40.76355,-73.98815,entire home/apt,180,7,5,2017-06-08,0.19,1,0
9866039,"modern, large & cozy 1 br nyc apt",314008,charline,manhattan,midtown,40.75247,-73.97196,entire home/apt,270,4,8,2018-04-10,0.19,1,0
9872904,room in lovely les apartment,29111960,daniel,manhattan,lower east side,40.72168,-73.99183,private room,55,7,1,2015-12-12,0.02,1,0
9876492,"spacious room in bushwick, brooklyn",22967540,anna,brooklyn,bushwick,40.70079,-73.92095,private room,38,7,3,2016-02-29,0.07,1,0
9879235,luxury 1 bedroom apt. in midtown,50831724,humberto,manhattan,hell's kitchen,40.76234,-73.98732,entire home/apt,275,2,6,2016-09-05,0.15,1,0
9880140,"huge amazing 1bdrm, upper manhattan",3460956,anya & marco,manhattan,washington heights,40.85884,-73.93356,entire home/apt,100,5,13,2018-02-19,0.35,1,0
9880294,bohemian bushwick loft,2569188,ana,brooklyn,bushwick,40.70021,-73.94081,private room,49,1,2,2015-12-26,0.05,1,0
9881195,huge apartment - close to subway,5913612,john-paul,queens,astoria,40.76197,-73.92208,entire home/apt,150,1,1,2016-01-03,0.02,1,0
9882271,sunny greenpoint minimalist rental,4483467,daniel,brooklyn,greenpoint,40.73081,-73.95466,entire home/apt,89,2,2,2017-05-15,0.07,1,0
9883870,2 br apt near central park ues,22962853,brandon,manhattan,upper east side,40.78306,-73.94581,entire home/apt,115,2,8,2016-03-20,0.18,1,0
9884516,gorgeous space in lic/astoria,47653056,jamie,queens,long island city,40.75342,-73.9237,private room,66,7,1,2016-01-05,0.02,1,0
9886606,beautiful bedroom & bath for rent!!,221266,james,manhattan,east harlem,40.79108,-73.94642,private room,94,2,3,2019-02-12,0.07,1,0
9888174,2-bd apt 20min metro to manhattan,56326,mehrnoush,brooklyn,flatbush,40.65234,-73.95329,entire home/apt,155,1,1,2016-01-06,0.02,1,0
9894820,upper east side manhattan 2 bedroom,50894847,aidan,manhattan,upper east side,40.7692,-73.96754,entire home/apt,149,1,1,2015-12-19,0.02,1,0
9899499,beautiful greenpoint apartment,10836122,laurance,brooklyn,greenpoint,40.72522,-73.94022,private room,50,1,1,2015-12-26,0.02,1,0
9900120,bedroom built for... just sleeping,50914877,kyle,manhattan,harlem,40.8185,-73.9442,private room,45,4,1,2015-12-30,0.02,1,0
9900224,"quiet, private room upper west side",3879284,aidan,manhattan,upper west side,40.77578,-73.97794,private room,140,2,16,2018-04-01,0.47,1,0
9901546,cute spacious bk apartment,914972,diana,brooklyn,prospect heights,40.67946,-73.96494,entire home/apt,125,2,7,2018-12-09,0.19,1,0
9901614,modern sunny wall st. apartment,6567286,david,manhattan,financial district,40.70844,-74.0124,entire home/apt,160,3,1,2016-01-01,0.02,1,0
9902123,perfect 1 bedroom near central park,50904121,alex,manhattan,upper west side,40.78366,-73.97899,entire home/apt,179,2,5,2016-06-22,0.12,1,0
9902314,room in dreamy greenpoint loft,35407948,steph,brooklyn,greenpoint,40.73739,-73.95568,private room,70,1,2,2017-01-01,0.05,1,0
9903132,large tribeca loft,50925964,patrice,manhattan,chinatown,40.71844,-74.00228,entire home/apt,152,3,16,2019-06-03,0.37,1,0
9904386,east village / alphabety city apt,10396448,caroline,manhattan,east village,40.72626,-73.97822,private room,100,1,4,2016-06-27,0.09,1,0
9904570,highrise bryant park apt w nyc view,3631872,rui,manhattan,midtown,40.75342,-73.98729,entire home/apt,200,4,3,2016-03-22,0.07,1,0
9906178,"clean, cozy, & renovated apartment",11940121,madison,manhattan,greenwich village,40.73007,-74.00193,entire home/apt,200,2,2,2016-04-10,0.05,1,0
9906415,"spacious, modern 1br by times sq",50939666,selin,manhattan,hell's kitchen,40.76109,-73.99417,entire home/apt,245,2,1,2016-06-26,0.03,1,0
9907257,"1 bdr. lower east side, ny, 2 beds",50943387,lincoln,manhattan,lower east side,40.71759,-73.9842,entire home/apt,175,1,1,2016-01-03,0.02,1,0
9910133,1 bed cozy studio @ gramercy on lex,17131739,xenia,manhattan,midtown,40.7415,-73.98354,entire home/apt,139,7,1,2016-01-02,0.02,1,0
9915508,luxury private room with a view!,14537404,danielle,brooklyn,fort greene,40.69283,-73.98061,private room,70,2,6,2016-10-16,0.14,1,0
9917384,sunny brooklyn 1 br condo with balcony,50988308,ashley,brooklyn,gowanus,40.66896,-73.9918,entire home/apt,178,2,12,2018-12-09,0.56,1,0
9918963,brooklyn apt with patio in heart of fort greene,50994782,clay,brooklyn,fort greene,40.68974,-73.97316,entire home/apt,124,2,20,2019-06-01,0.49,1,0
9922513,cozy room in hell's kitchen,49964890,hanson,manhattan,hell's kitchen,40.76684,-73.98766,private room,60,1,1,2015-12-26,0.02,1,0
9922753,private room in park slope,51009239,lilly,brooklyn,south slope,40.66249,-73.97921,private room,45,1,1,2016-01-05,0.02,1,0
9925100,luxury apartment on park ave,29413554,hoda,manhattan,flatiron district,40.73926,-73.98758,entire home/apt,150,1,1,2015-12-28,0.02,1,0
9925760,300sqft bedroom in les duplex,51021121,brian,manhattan,lower east side,40.7202,-73.98284,private room,120,1,1,2015-12-30,0.02,1,0
9926058,"spacious, private bushwick room",46887682,anusheh,brooklyn,bushwick,40.7049,-73.92,private room,35,1,1,2015-12-26,0.02,1,0
9926520,bk/nyc apt near prospect prk,432318,taylor,brooklyn,kensington,40.644,-73.98091,entire home/apt,85,7,3,2019-01-02,0.14,1,0
9926940,lofted tuck-a-way private bedroom,30283911,rachel,brooklyn,bushwick,40.69924,-73.92392,private room,69,2,1,2016-01-08,0.02,1,0
9927400,bedroom in converted warehouse,22414947,frank,brooklyn,williamsburg,40.71147,-73.96745,private room,70,1,1,2016-01-05,0.02,1,0
9933667,large sunny studio with a view!,31222791,emily,brooklyn,prospect-lefferts gardens,40.65986,-73.96163,entire home/apt,100,1,15,2017-12-25,0.35,1,0
9935894,spacious living area near q and 6 train! :),19242683,jennifer,manhattan,east harlem,40.78929,-73.94178,shared room,70,1,4,2016-12-27,0.09,1,0
9935949,spacious room in great neighborhood,1504702,casey,brooklyn,clinton hill,40.69353,-73.96784,private room,48,1,2,2016-01-02,0.05,1,0
9936109,"comfy apartment, close to train, beautiful street!",970003,cyntia,manhattan,morningside heights,40.81218,-73.96112,entire home/apt,200,3,1,2016-06-13,0.03,1,0
9937307,gigantic private room in bedstuy,17543924,jet,brooklyn,bedford-stuyvesant,40.68608,-73.92987,private room,50,6,8,2017-07-01,0.19,1,0
9937434,"upper westside, spacious 1 bdrm apt",13169974,paul,manhattan,upper west side,40.78048,-73.98211,entire home/apt,200,1,11,2018-05-18,0.26,1,0
9940253,cozy&big room for you:),51087754,卷妮,manhattan,roosevelt island,40.76046,-73.95125,private room,79,2,3,2016-05-29,0.07,1,0
9943876,"bright, sunny, cozy, convenient williamsburg 1-br",19758408,nicholas,brooklyn,williamsburg,40.71817,-73.95635,entire home/apt,175,2,3,2016-07-05,0.08,1,0
9944013,large bedroom in chinatown,50615055,daniel,manhattan,chinatown,40.71521,-73.99606,private room,91,1,1,2016-01-03,0.02,1,0
9944415,clean and cozy bedstuy apt,47060168,serik,brooklyn,bedford-stuyvesant,40.69345,-73.93304,entire home/apt,75,7,2,2016-02-27,0.05,1,0
9945127,convenient & spacious & feel good apartment,14521821,koen,brooklyn,brooklyn heights,40.69261,-73.99252,entire home/apt,200,2,2,2016-07-25,0.05,1,0
9953924,spacious kips bay nyc studio !,1397160,jessie,manhattan,kips bay,40.74238,-73.97652,entire home/apt,175,2,1,2016-01-02,0.02,1,0
9954585,heart of williamsburg 1 bedroom,201232,brittany,brooklyn,williamsburg,40.71104,-73.96287,entire home/apt,100,5,3,2016-05-29,0.07,1,0
9955886,sunny peaceful furnished room w/dresser,16568093,karla,manhattan,east harlem,40.79111,-73.94077,private room,50,3,1,2016-07-19,0.03,1,0
9957205,beautiful bedford bedroom.,3358001,erica,brooklyn,williamsburg,40.71748,-73.95685,private room,50,6,5,2017-06-10,0.13,1,0
9959880,great room in sunny cornerapartment,29871124,pieter,manhattan,morningside heights,40.81508,-73.95935,private room,49,1,1,2016-04-11,0.03,1,0
9965305,beautiful room in brooklyn,887115,liis,brooklyn,crown heights,40.67665,-73.95734,private room,90,1,1,2016-01-02,0.02,1,0
9966717,"spacious, sunny, holiday in brklyn!",51216049,natalie,brooklyn,crown heights,40.67758,-73.93547,private room,49,1,2,2016-01-02,0.05,1,0
9967218,"large, open, beautiful apartment",7461203,christopher,brooklyn,clinton hill,40.68715,-73.96433,entire home/apt,75,3,4,2016-09-26,0.09,1,0
9967360,private room for one or two,51219881,michele,manhattan,upper east side,40.77878,-73.95148,private room,100,1,2,2016-01-01,0.05,1,0
9969559,prime upper east side 1br apartment,3859737,yuan,manhattan,upper east side,40.76481,-73.95651,entire home/apt,225,3,5,2019-06-25,0.53,1,0
9970462,large east village apartment,28336810,gabi,manhattan,east village,40.72571,-73.98833,entire home/apt,150,1,3,2016-03-15,0.07,1,0
9970995,"private br in nice 4br, brooklyn",24332919,gregoire,brooklyn,williamsburg,40.72003,-73.94147,private room,63,7,1,2016-01-05,0.02,1,0
9971730,beautiful private apt times square,31068253,trish,manhattan,west village,40.73342,-74.00615,entire home/apt,200,4,10,2018-09-05,0.25,1,0
9973600,comfortable studio in midtown,3778297,gabriel,manhattan,hell's kitchen,40.76455,-73.98855,entire home/apt,140,5,2,2017-01-01,0.05,1,0
9973654,quintessential new york apartment,50928025,tommy,manhattan,upper west side,40.7859,-73.9779,private room,95,1,1,2016-12-31,0.03,1,0
9973680,private bedroom in  williamsburg!,33876689,fionn,brooklyn,williamsburg,40.70986,-73.95927,private room,55,7,1,2016-01-26,0.02,1,0
9975425,most colorful hamilton heights home,4844390,jade,manhattan,harlem,40.82502,-73.95186,entire home/apt,110,5,9,2017-10-23,0.22,1,0
9976820,spacious ues room for your travels!,6608183,elena,manhattan,upper east side,40.76276,-73.96009,private room,90,1,4,2016-05-28,0.09,1,0
9987456,great location next to times square,45832664,monica,manhattan,hell's kitchen,40.76059,-73.99475,private room,60,1,2,2016-02-08,0.05,1,0
9988233,cozy two room studio astoria,404692,romina,queens,astoria,40.76248,-73.91279,entire home/apt,99,5,15,2018-06-01,0.43,1,0
9988434,"home in ditmas park, brooklyn!",3694186,r,brooklyn,flatbush,40.64295,-73.96137,entire home/apt,101,1,2,2015-12-30,0.05,1,0
9989842,cozy 2 br apt in prime location!,5445371,negar,manhattan,upper west side,40.78364,-73.97632,entire home/apt,219,2,1,2016-11-07,0.03,1,0
9992479,"spacious room in manhattan, nyc",51337085,jan,manhattan,harlem,40.83,-73.94299,private room,59,1,1,2016-01-06,0.02,1,0
9995513,private room avail in 3br les apt,51349952,lauren,manhattan,lower east side,40.71858,-73.98613,private room,70,1,1,2016-01-02,0.02,1,0
9995719,sunny st. mark's place oasis,16222762,kevin,manhattan,east village,40.72788,-73.98436,entire home/apt,199,1,14,2016-08-23,0.33,1,0
9995725,huge beautiful place - williamsburg,2703735,carlos,brooklyn,williamsburg,40.71638,-73.96357,entire home/apt,125,3,2,2016-04-22,0.05,1,0
9996144,"romantic, pretty apt with kitty",9212402,alden,brooklyn,williamsburg,40.70973,-73.95301,entire home/apt,140,4,12,2017-11-05,0.29,1,0
9996830,morningside heights apartment,51356178,andres,manhattan,morningside heights,40.8046,-73.9654,entire home/apt,89,1,3,2016-07-29,0.07,1,0
9997702,"spacious, cozy bedroom in bushwick",5123299,ian,brooklyn,bushwick,40.70352,-73.93104,private room,45,1,4,2018-01-01,0.09,1,0
9998091,a bedroom in chinatown,22735666,simon,manhattan,chinatown,40.71346,-73.99592,private room,95,1,1,2016-01-02,0.02,1,0
9998296,beautiful modern large 1 bedroom,36865981,samantha,brooklyn,crown heights,40.67665,-73.95534,entire home/apt,115,3,1,2017-01-01,0.03,1,0
9998688,large hell's kitchen home,51364562,michael,manhattan,hell's kitchen,40.76019,-73.99299,private room,105,3,4,2018-05-29,0.09,1,0
9998898,sunny modern beauty with deck,9108035,ashley,brooklyn,bedford-stuyvesant,40.68636,-73.93104,entire home/apt,93,4,5,2017-07-28,0.12,1,0
9998930,upper west room near columbia u,36279810,lingzi,manhattan,upper west side,40.80085,-73.96468,private room,40,6,5,2017-02-01,0.12,1,0
9999252,artistic! sunny! 1br brownstone apt,2880824,stephanie,brooklyn,bedford-stuyvesant,40.68357,-73.93176,entire home/apt,85,1,1,2016-01-03,0.02,1,0
9999939,1 bd available in 3bd apt in uws,51371360,minoo,manhattan,upper west side,40.78347,-73.97748,private room,75,2,2,2016-11-26,0.05,1,0
10000943,1 bedroom in uws manhattan,6891770,mido,manhattan,upper west side,40.78239,-73.97581,entire home/apt,199,2,10,2017-04-18,0.25,1,0
10010012,corporate rental on historic block!,43014167,mark,manhattan,washington heights,40.83403,-73.93867,entire home/apt,200,1,1,2016-05-20,0.03,1,0
10011086,"clean, renovated 1 bedroom apt close to 1 train",22257525,andrea,manhattan,harlem,40.82501,-73.95125,entire home/apt,100,3,1,2016-08-19,0.03,1,0
10011763,"beautiful quiet apartment, bushwick",24190730,lara,brooklyn,bushwick,40.68353,-73.90484,private room,70,1,21,2016-09-26,0.5,1,0
10012292,"entire 2 bedroom in williamsburg, brooklyn!",51422606,kensey,brooklyn,williamsburg,40.71237,-73.93929,entire home/apt,96,2,17,2019-01-02,0.4,1,0
10012551,cute and sunny 2 br wburg apt,14910665,rebeka,brooklyn,williamsburg,40.71273,-73.95749,entire home/apt,175,1,3,2016-03-20,0.07,1,0
10013355,affordable room in trendy les/soho,6570788,natalie,manhattan,lower east side,40.72173,-73.99351,private room,70,3,1,2016-01-19,0.02,1,0
10015137,"1br-near to park, subway, cafes!",51433399,meghan,brooklyn,prospect-lefferts gardens,40.65871,-73.96101,entire home/apt,80,1,1,2016-01-05,0.02,1,0
10015258,beautiful sunny bedroom upper west,5041830,edna,manhattan,upper west side,40.80137,-73.9615,private room,80,3,1,2016-07-06,0.03,1,0
10021499,comfy private room in williamsburg,48446355,alexandra,brooklyn,williamsburg,40.71074,-73.95145,private room,61,1,1,2016-01-02,0.02,1,0
10022144,modern & upgraded in midtown,10770088,tim,manhattan,midtown,40.75221,-73.97157,entire home/apt,101,2,1,2015-12-28,0.02,1,0
10031678,nice 1 bedroom apartment china town,46540057,fabrizio,manhattan,chinatown,40.71474,-73.99778,entire home/apt,120,5,15,2017-12-18,0.61,1,0
10032495,private room on upper west side,2830735,joshua,manhattan,upper west side,40.80195,-73.96714,private room,49,5,1,2015-12-22,0.02,1,0
10034090,cute bedroom in very cute bk apt!,7763913,dawn,brooklyn,williamsburg,40.71049,-73.94515,private room,40,1,1,2016-01-07,0.02,1,0
10034364,spacious and sunny bedroom,1653404,erica,brooklyn,williamsburg,40.70872,-73.95689,private room,58,5,1,2015-12-18,0.02,1,0
10034709,"fun, cute, sunny bushwick room",51513260,morgan,brooklyn,bushwick,40.70136,-73.91857,private room,35,6,1,2016-02-25,0.02,1,0
10035098,upper west ... museums/parks/subway,51513795,doug,manhattan,upper west side,40.77845,-73.97985,entire home/apt,175,2,1,2016-01-03,0.02,1,0
10035950,room with a view!,50520440,jessica,manhattan,battery park city,40.71777,-74.01493,private room,150,4,1,2016-01-03,0.02,1,0
10036516,small but warm and cozy. (^_^) female only please.,51520983,jeannette,manhattan,east harlem,40.80681,-73.93956,private room,75,3,4,2016-10-19,0.09,1,0
10037605,spacious 1bd in chelsea,24225915,jason,manhattan,chelsea,40.74845,-73.99635,entire home/apt,170,4,1,2016-02-24,0.02,1,0
10038633,room for xmas and new years in nyc,19049309,willem,manhattan,east harlem,40.79586,-73.94332,private room,67,1,1,2016-01-02,0.02,1,0
10040649,sunny and spacious corner apartment,12435489,dymphna,brooklyn,greenpoint,40.72088,-73.95375,private room,80,5,1,2015-12-30,0.02,1,0
10041002,1st floor beautiful brownstone apt,7503132,whitney,brooklyn,clinton hill,40.68399,-73.96192,entire home/apt,100,5,7,2016-11-27,0.16,1,0
10041376,studio apartment in midtown nyc,51542781,jessica,manhattan,hell's kitchen,40.7666,-73.99256,entire home/apt,98,7,6,2018-11-26,0.14,1,0
10043064,"full apartment nye! 2br, fits 6!",51552511,shelby,manhattan,harlem,40.82364,-73.94556,entire home/apt,150,2,2,2016-01-03,0.05,1,0
10049335,beautiful room in heart of brooklyn,5065719,melissa,brooklyn,greenpoint,40.73226,-73.95285,private room,60,1,2,2016-01-01,0.05,1,0
10053993,cozy 1  br in heart of west village,25821059,jenna,manhattan,west village,40.73482,-74.00834,entire home/apt,140,2,6,2016-07-25,0.15,1,0
10054892,our casa is your casa!,7271269,rick,brooklyn,williamsburg,40.71575,-73.94224,entire home/apt,170,1,1,2016-01-02,0.02,1,0
10056541,"bright studio - park slope, bk",10807649,yehua,brooklyn,south slope,40.66218,-73.98385,entire home/apt,61,2,20,2019-05-30,0.57,1,0
10059699,amazing flatiron entire studio apt,51623576,charlie,manhattan,chelsea,40.73719,-73.99336,entire home/apt,159,3,1,2017-01-02,0.03,1,0
10065831,private bedroom in bedstuy!,51652888,sesenu,brooklyn,bedford-stuyvesant,40.68678,-73.95572,private room,37,7,2,2016-07-26,0.05,1,0
10067083,entire apt in the heart of uber hip & cool nolita,22217087,gabriela,manhattan,nolita,40.72321,-73.99532,entire home/apt,175,3,12,2019-06-02,0.28,1,0
10067809,one bedroom apartment in greenpoint,9294273,ayten,brooklyn,greenpoint,40.72712,-73.95146,entire home/apt,110,4,1,2016-02-15,0.02,1,0
10068269,"large rm in williamsburg, brooklyn",51664119,toyosi,brooklyn,williamsburg,40.71274,-73.94513,private room,130,2,1,2016-01-03,0.02,1,0
10068693,cozy mozy apt in cobble hill,16591072,marianna,brooklyn,boerum hill,40.68869,-73.98899,entire home/apt,168,1,1,2016-01-05,0.02,1,0
10069174,spacious family apartment near prospect park,2436599,rachel,brooklyn,flatbush,40.65132,-73.95691,entire home/apt,128,3,2,2017-04-30,0.07,1,0
10069964,bright  & modern williamsburg 1br,12616662,anthony,brooklyn,williamsburg,40.71742,-73.95511,entire home/apt,199,3,3,2016-05-07,0.08,1,0
10071225,sweet and affordable nook in bk,40532707,isidora,brooklyn,bedford-stuyvesant,40.68729,-73.95556,private room,39,1,1,2016-01-06,0.02,1,0
10071464,christopher street: heart of the west village,51678353,robert,manhattan,west village,40.73326,-74.00577,private room,85,2,2,2016-01-01,0.05,1,0
10076836,convenient upper west apt- sleeps 3,28504839,yina,manhattan,upper west side,40.7863,-73.97658,entire home/apt,150,3,5,2017-09-20,0.13,1,0
10080979,one bedroom - gramery park,51728257,joseph,manhattan,gramercy,40.73462,-73.98227,entire home/apt,140,4,1,2015-12-21,0.02,1,0
10083580,cozy apartment in brooklyn,22068394,julian,brooklyn,bedford-stuyvesant,40.69176,-73.94765,private room,58,2,2,2016-06-13,0.05,1,0
10083881,well equipped one-bedroom apartment,51743699,oliver,manhattan,morningside heights,40.80986,-73.95945,entire home/apt,100,1,1,2015-12-23,0.02,1,0
10087575,chic nyc brownstone,2144034,brandon,manhattan,harlem,40.82753,-73.94862,entire home/apt,90,1,2,2016-05-02,0.05,1,0
10087874,large room with private bath in brooklyn home,28840058,karen,brooklyn,bedford-stuyvesant,40.68124,-73.9189,private room,61,1,4,2018-01-02,0.1,1,0
10088464,cozy east-village room + rooftop :),51764491,rachel,manhattan,east village,40.73076,-73.98374,private room,65,2,4,2016-02-01,0.09,1,0
10096707,bright & spacious apartment. a williamsburg gem.,51813565,yoav,brooklyn,greenpoint,40.72034,-73.95478,entire home/apt,135,2,18,2019-06-30,0.42,1,0
10096773,easy 1 bedroom in chelsea,34607505,scott,manhattan,chelsea,40.74577,-74.00074,entire home/apt,145,2,1,2016-01-03,0.02,1,0
10100799,spacious garden apartment in heart of park slope,9250639,amy,brooklyn,park slope,40.67622,-73.97953,entire home/apt,125,2,7,2019-06-30,0.2,1,0
10101791,private room for rent,51839283,ashley,manhattan,washington heights,40.85064,-73.93833,private room,75,1,1,2016-01-02,0.02,1,0
10104130,"bright, spacious brooklyn space w/ private bath",51851212,ugi,brooklyn,crown heights,40.67418,-73.95958,private room,60,1,4,2018-08-26,0.09,1,0
10105110,studio next to washington sq park,27341303,yue,manhattan,greenwich village,40.73009,-73.99965,entire home/apt,118,5,1,2016-01-02,0.02,1,0
10106530,sunny one bedroom in crown heights,8511553,j,brooklyn,crown heights,40.6774,-73.94726,entire home/apt,55,2,6,2016-06-29,0.14,1,0
10113787,"newly renovated, 1.5 bdr  soho apt",51902072,ben,manhattan,soho,40.72485,-74.00254,entire home/apt,185,1,1,2016-01-18,0.02,1,0
10115542,chic studio in heart of manhattan!,16682678,casey,manhattan,kips bay,40.74091,-73.98271,entire home/apt,102,1,3,2016-03-09,0.07,1,0
10115781,cozy bedroom in heart of bedford,10221694,zhamal,brooklyn,williamsburg,40.71276,-73.963,private room,80,1,2,2016-01-03,0.05,1,0
10116351,"large 1,000 sf ues apt w/ balcony",8869875,christina,manhattan,upper east side,40.76427,-73.962,entire home/apt,95,1,5,2016-01-28,0.12,1,0
10116619,"sunny, spacious room in heart of bk",17794202,taylor,brooklyn,boerum hill,40.68485,-73.9819,private room,65,3,2,2016-01-03,0.05,1,0
10117223,"charming room in bushwick, brooklyn apt",18782603,kimberly,brooklyn,bushwick,40.68539,-73.9092,private room,50,3,2,2016-08-15,0.06,1,0
10117636,❤︎ly room in duplex & garden,48535457,eric,brooklyn,williamsburg,40.71975,-73.95964,private room,149,2,15,2016-05-31,0.35,1,0
10120021,2br gut-renovated apartment,51844270,alex,manhattan,east village,40.73046,-73.98643,entire home/apt,250,7,1,2016-01-10,0.02,1,0
10122449,spacious chelsea 2 bed/2 bathroom,24347,lyla,manhattan,chelsea,40.74441,-73.99915,entire home/apt,250,4,11,2017-04-11,0.35,1,0
10127534,luxurious modern west village loft,24673896,jun,manhattan,west village,40.73182,-74.01,entire home/apt,165,4,4,2017-01-01,0.1,1,0
10133350,2 bedroom upper east side,52004369,chelsea,manhattan,upper east side,40.7664,-73.95854,entire home/apt,275,2,9,2017-08-19,0.24,1,0
10133534,artsy/neat 1 bedroom apartment in the heart of les,6606618,louise,manhattan,lower east side,40.7178,-73.98504,shared room,110,2,4,2016-12-11,0.11,1,0
10136994,beautiful east village apartment,4946655,jack,manhattan,east village,40.72435,-73.98461,entire home/apt,125,2,6,2016-07-06,0.14,1,0
10138996,queen bed/private room w/ backyard,52031734,edward,brooklyn,bedford-stuyvesant,40.69503,-73.94986,private room,41,1,1,2016-01-20,0.02,1,0
10143705,studio apartment,31698014,janine,manhattan,east village,40.72747,-73.98833,entire home/apt,60,5,2,2016-01-17,0.05,1,0
10148581,furnished apartment in chelsea,290094,charlotte,manhattan,chelsea,40.7456,-73.99852,private room,52,2,2,2016-11-04,0.06,1,0
10148955,gorgeous 2bdrm apartment,7342535,chris,brooklyn,clinton hill,40.68142,-73.95889,entire home/apt,210,1,3,2016-02-14,0.07,1,0
10149393,cozy studio + sunroom near times square,5461672,ginji,manhattan,hell's kitchen,40.76374,-73.98872,entire home/apt,115,3,1,2016-01-03,0.02,1,0
10153654,east village bedroom available,52112891,brent,manhattan,east village,40.72774,-73.98211,private room,80,2,3,2016-03-24,0.07,1,0
10154138,amazing apt in the west village,23419527,diana,manhattan,west village,40.73713,-74.00358,entire home/apt,225,3,1,2016-01-02,0.02,1,0
10154702,"pool, gym, rooftop, east 50's1 bedroom /1 bathroom",9369977,john,manhattan,midtown,40.75763,-73.96359,private room,120,7,4,2018-01-03,0.09,1,0
10156290,"sunny, 4th floor elevator building",342734,kim,manhattan,lower east side,40.7191,-73.98812,entire home/apt,160,1,9,2016-05-01,0.21,1,0
10162752,modern ph + balcony&skyline view,25169027,max,brooklyn,bushwick,40.70491,-73.92367,entire home/apt,110,4,3,2016-06-24,0.07,1,0
10163240,private room in 3 br in manhattan,41535999,amber,manhattan,morningside heights,40.80348,-73.9632,private room,70,1,1,2016-01-12,0.02,1,0
10163617,spacious 2 bdr bed-stuy brownstone,4273661,julia,brooklyn,bedford-stuyvesant,40.69145,-73.93536,entire home/apt,150,2,1,2016-05-31,0.03,1,0
10165410,peaceful room in bushwick,30658746,isik,brooklyn,bushwick,40.69392,-73.92262,private room,42,1,3,2016-04-05,0.07,1,0
10166986,resort-like living in williamsburg,14461742,mohammed,brooklyn,williamsburg,40.71552,-73.93869,entire home/apt,220,5,1,2016-01-01,0.02,1,0
10171782,great affordable room in manhattan,37256833,jazzy,manhattan,harlem,40.82914,-73.94254,private room,37,2,11,2017-07-05,0.28,1,0
10175678,townhouse in williamsburg,10590489,caroline,brooklyn,williamsburg,40.71367,-73.94228,private room,60,2,7,2017-05-11,0.17,1,0
10177726,"cute, clean, room in williamsburg!",12378834,ana bess,brooklyn,williamsburg,40.70512,-73.94347,private room,64,1,1,2016-01-05,0.02,1,0
10185960,brownstone in carroll gardens,42487547,peter,brooklyn,carroll gardens,40.67875,-73.99599,entire home/apt,115,3,9,2019-01-03,0.21,1,0
10186787,cozy room in williamsburg apartment,10855721,anthony,brooklyn,williamsburg,40.70352,-73.93798,private room,38,7,1,2016-01-21,0.02,1,0
10186876,"lovely les 1br, w/d & elevator: dec. sublet prefr.",20992861,chloe,manhattan,lower east side,40.71757,-73.99028,private room,85,5,1,2016-01-05,0.02,1,0
10193343,steps from subway and central park,15891234,dan,manhattan,east harlem,40.794,-73.94585,entire home/apt,100,2,6,2016-03-29,0.14,1,0
10200715,"flatbush manor, industrial-deco 1br apt",569864,jason,brooklyn,prospect heights,40.68007,-73.97317,entire home/apt,60,2,12,2017-11-26,0.28,1,0
10222008,east village studio,52526463,amy,manhattan,east village,40.73133,-73.98747,entire home/apt,110,3,1,2016-01-05,0.02,1,0
10229075,"sunny, kid friendly in midtown east",9504403,shawna,manhattan,kips bay,40.74443,-73.97949,entire home/apt,235,3,2,2016-03-15,0.05,1,0
10234232,"charming, warm room in bushwick",21094081,matthew,brooklyn,bushwick,40.69675,-73.92964,private room,54,4,6,2016-09-24,0.14,1,0
10246816,charming park slope one+ bedroom,22663500,carrie,brooklyn,south slope,40.66622,-73.98357,private room,75,5,1,2018-06-24,0.08,1,0
10247799,cozy williamsburg space,2348712,abe,brooklyn,williamsburg,40.70727,-73.96057,private room,64,2,2,2016-12-31,0.06,1,0
10250433,spacious sunny 1 bed private room in ditmas park,21147839,adrian,brooklyn,flatbush,40.64543,-73.96456,private room,70,7,1,2016-11-01,0.03,1,0
10251768,spacious pretty east harlem apt.,19927798,siobhan,manhattan,east harlem,40.79366,-73.94059,entire home/apt,135,1,4,2016-10-11,0.11,1,0
10265988,serene apartment park ave - ues,6713072,dana,manhattan,upper east side,40.78464,-73.95142,entire home/apt,139,4,3,2016-09-21,0.08,1,0
10268868,big room at 15min from times square,22543733,leo,queens,sunnyside,40.74701,-73.92314,private room,60,2,5,2017-04-23,0.12,1,0
10270377,cozy bedroom in apartment uptown,52601644,shamroz,manhattan,harlem,40.80338,-73.95734,private room,60,1,2,2016-01-08,0.05,1,0
10272718,comfortable room in 3 bedroom apt,42278723,ariel,manhattan,east harlem,40.78593,-73.94169,private room,60,1,1,2016-01-24,0.02,1,0
10277010,family friendly 3br duplex,5610823,(email hidden by airbnb),brooklyn,clinton hill,40.68274,-73.96367,entire home/apt,261,1,5,2016-08-23,0.14,1,0
10319699,cool private apt in manhattan w/ comfy queen bed!,40501530,dani,manhattan,harlem,40.82317,-73.94507,entire home/apt,69,3,4,2018-11-30,0.34,1,0
10332161,a large sunny bedroom,53169195,ehssan,bronx,fordham,40.85598,-73.90052,private room,35,3,2,2016-08-20,0.06,1,0
10340994,1 room in 2 bedroom apartment,50828435,madonna,brooklyn,bay ridge,40.62317,-74.02535,private room,55,1,1,2016-01-27,0.02,1,0
10342448,heart of hell's kitchen,53228755,kodchakorn,manhattan,hell's kitchen,40.75427,-73.9928,entire home/apt,135,1,3,2017-07-04,0.09,1,0
10342806,cozy washington heights bedroom,48370755,sheldon,manhattan,washington heights,40.85143,-73.93089,private room,45,1,3,2017-07-24,0.08,1,0
10343320,"uws 1 bedroom, tree-lined street between 2 parks!",21359759,kristen,manhattan,upper west side,40.79939,-73.96875,entire home/apt,145,1,20,2019-06-30,0.48,1,0
10352280,spacious and well-lit one bedroom,18471568,alex,manhattan,upper east side,40.76824,-73.95858,entire home/apt,135,3,5,2016-10-16,0.13,1,0
10353094,clean room for rent in park slope,53284346,steven,brooklyn,park slope,40.66932,-73.98321,private room,49,5,2,2016-03-08,0.05,1,0
10354038,quaint place in seaside red  hook,22423634,peter,brooklyn,red hook,40.67741,-74.0139,entire home/apt,95,3,12,2017-09-20,0.3,1,0
10365991,"sunny and spacious 2br, murray hill",17790870,zal,manhattan,murray hill,40.74673,-73.97343,entire home/apt,83,1,2,2016-01-31,0.05,1,0
10367884,cozy studio in park slope,724870,lindy,brooklyn,park slope,40.6732,-73.97282,entire home/apt,130,2,16,2017-07-28,0.4,1,0
10377405,little italy/soho,2983459,jesper,manhattan,nolita,40.72174,-73.99639,entire home/apt,200,2,5,2016-10-07,0.12,1,0
10381948,spacious cozy greenpoint apartment,29741970,jacob,brooklyn,greenpoint,40.72508,-73.94488,private room,80,2,14,2017-03-11,0.37,1,0
10382430,private bedroom located in bushwick,53445174,robert,brooklyn,bushwick,40.68597,-73.91417,private room,35,1,1,2016-01-31,0.02,1,0
10387839,cute 2 bed williamsburg railroad,53477091,elena,brooklyn,williamsburg,40.71436,-73.95445,entire home/apt,100,1,5,2016-07-06,0.12,1,0
10390481,studio apartment in luxury building,53492531,kyla,brooklyn,crown heights,40.67778,-73.96091,entire home/apt,60,1,2,2016-01-25,0.05,1,0
10390902,cozy spot off l train - 20min>city,53495399,blake,brooklyn,bushwick,40.70526,-73.91964,private room,75,1,1,2016-03-24,0.02,1,0
10401534,west village private bedroom,51309850,danielle,manhattan,greenwich village,40.73013,-74.00172,private room,80,1,1,2016-03-13,0.02,1,0
10403070,brownstone in brooklyn,52657843,yuchen,brooklyn,bedford-stuyvesant,40.69414,-73.94723,private room,130,3,6,2017-09-09,0.23,1,0
10405711,williamsburg luxury,9679291,indiana,brooklyn,williamsburg,40.71077,-73.96259,shared room,60,1,1,2016-03-26,0.03,1,0
10409905,beautiful one bedroom  east harlem apt,8775113,omar,manhattan,east harlem,40.79037,-73.9428,entire home/apt,90,2,1,2017-06-04,0.04,1,0
10446926,renovated harlem private room,53819985,matthew,manhattan,harlem,40.81699,-73.94254,private room,45,1,15,2016-10-28,0.35,1,0
10473676,modern apartment in harlem,6385674,daniel,manhattan,harlem,40.80639,-73.95551,entire home/apt,125,3,7,2019-03-03,0.19,1,0
10473730,private room in sunlit & art-filled apartment,9383056,dave,brooklyn,bedford-stuyvesant,40.69664,-73.93628,private room,55,5,3,2017-07-26,0.09,1,0
10474780,private room next to park,40312267,trini,brooklyn,flatbush,40.65398,-73.96377,private room,50,2,5,2016-05-11,0.12,1,0
10475047,large bohemian room in brownstone apartment,24094081,isabella,brooklyn,bushwick,40.69808,-73.93174,private room,60,1,1,2016-09-13,0.03,1,0
10484019,beautiful and bright garden studio,1692144,cecil,brooklyn,south slope,40.66388,-73.98587,entire home/apt,120,1,5,2016-09-07,0.12,1,0
10489923,beautiful spacious nyc apartment,54074445,catherine,manhattan,roosevelt island,40.76859,-73.94359,entire home/apt,65,1,3,2016-02-15,0.07,1,0
10499025,light-filled greenpoint 2 bedroom apartment,5829904,erin,brooklyn,greenpoint,40.72709,-73.95326,entire home/apt,70,3,2,2018-04-12,0.11,1,0
10500406,cozy ues bedroom with private bath,16572048,melissa,manhattan,upper east side,40.76574,-73.95915,private room,80,5,5,2016-09-07,0.12,1,0
10513499,sunny 1 bedroom apartment,54206554,pippa,brooklyn,bedford-stuyvesant,40.68577,-73.95179,entire home/apt,100,3,1,2016-03-22,0.02,1,0
10520825,1br large furnished bedroom in cool bushwick,54242258,steven,brooklyn,bushwick,40.70206,-73.92964,private room,48,1,1,2016-10-02,0.03,1,0
10526335,awesome loft in brooklyn-- easy access to the city,13200818,jay,brooklyn,bushwick,40.69913,-73.91814,private room,45,3,11,2018-04-16,0.31,1,0
10526745,large private bedroom in comfy home,54279433,mfoniso,queens,sunnyside,40.74286,-73.91635,private room,34,1,1,2016-01-26,0.02,1,0
10541080,gorgeous & cozy studio in manhattan,36710280,carolina,manhattan,upper west side,40.78975,-73.97001,entire home/apt,150,1,4,2017-04-18,0.11,1,0
10542174,luxury 1-bdrm in downtown brooklyn,10099253,ashley,brooklyn,fort greene,40.69406,-73.98102,entire home/apt,144,3,1,2016-02-21,0.02,1,0
10544239,charming east village apartment,16911296,gurdane,manhattan,east village,40.72997,-73.98633,private room,129,1,11,2016-10-31,0.27,1,0
10544439,room in soho apartment,54375099,rob,manhattan,soho,40.72566,-74.00275,private room,75,1,1,2016-03-13,0.02,1,0
10546363,uber cool east village apartment,18030603,madeline,manhattan,gramercy,40.73331,-73.98229,private room,63,1,3,2016-03-27,0.07,1,0
10551015,big cozy room with 2 windows,880323,vincent,brooklyn,bushwick,40.69447,-73.92213,private room,36,2,1,2016-02-07,0.02,1,0
10551695,sunny apt in cultural neighborhood,54422839,sarah,brooklyn,prospect heights,40.68018,-73.96572,private room,48,3,4,2017-08-22,0.1,1,0
10560986,sublet beautiful room in brooklyn!,45531690,anjulika,brooklyn,greenpoint,40.72853,-73.95533,private room,39,1,1,2016-01-15,0.02,1,0
10561771,la casa azul,30356325,joel,manhattan,harlem,40.80734,-73.94666,entire home/apt,70,2,4,2016-04-11,0.1,1,0
10562990,cozy brooklyn one bedroom,9932811,alison,brooklyn,flatbush,40.64875,-73.96978,entire home/apt,100,5,2,2016-04-11,0.05,1,0
10564483,big room in east williamsburg loft,17012496,lisa,brooklyn,williamsburg,40.71987,-73.93705,private room,45,4,1,2016-08-14,0.03,1,0
10567332,private room 1 block from bedford l,22499760,jonny,brooklyn,williamsburg,40.71532,-73.95352,private room,40,1,1,2016-01-17,0.02,1,0
10575777,one bedroom w/huge window & ceiling,25475028,mark,manhattan,chinatown,40.71448,-73.99157,private room,110,1,1,2016-03-28,0.03,1,0
10575811,large studio in elevator building cobble hill,14611780,paige,brooklyn,columbia st,40.68928,-73.99903,entire home/apt,105,1,5,2018-12-30,0.14,1,0
10576212,"sunny, charming room in a 2 bedroom",5304248,drew,brooklyn,bedford-stuyvesant,40.69032,-73.95,private room,65,5,8,2017-09-19,0.21,1,0
10614204,bright clean north central park,13620283,brenn,manhattan,harlem,40.8027,-73.94629,entire home/apt,135,3,16,2019-01-01,0.39,1,0
10630048,sunny modern oasis near the park,9273561,nadine,manhattan,east harlem,40.79013,-73.94473,private room,75,2,21,2016-09-19,0.5,1,0
10659825,private room,55060863,rob,brooklyn,midwood,40.61155,-73.96337,private room,60,1,1,2016-04-18,0.03,1,0
10671589,"2 bd, 1.5 bath by prospect park",11375436,sharra,brooklyn,windsor terrace,40.65412,-73.97706,entire home/apt,89,1,1,2016-03-05,0.02,1,0
10674836,sunny room in prime east village,51238762,marcin,manhattan,east village,40.73058,-73.98286,private room,39,1,4,2016-03-03,0.1,1,0
10676959,intimate and cozy,47121117,cindy,manhattan,harlem,40.80097,-73.9489,private room,89,1,8,2017-08-08,0.21,1,0
10681362,bk loft: unique/modern/fun,5075354,ted,brooklyn,crown heights,40.67755,-73.95108,entire home/apt,100,4,8,2017-11-25,0.19,1,0
10682290,lovely room w/backyard in bushwick,41494545,connie,brooklyn,bushwick,40.70123,-73.91865,private room,50,5,2,2017-01-04,0.07,1,0
10682536,"bright, central, prime williamsburg",50296635,siobhán,brooklyn,williamsburg,40.71455,-73.9618,private room,75,2,3,2016-06-11,0.07,1,0
10684164,private 1 bdrm apt - prospect park,19227044,adam,brooklyn,flatbush,40.64945,-73.9624,entire home/apt,75,7,1,2016-02-13,0.02,1,0
10685403,urban bliss - bushwick,55201743,william,brooklyn,bushwick,40.697,-73.92176,private room,65,1,1,2017-03-16,0.04,1,0
10692885,cool chelsea studio for chilling!,2541529,sarah,manhattan,chelsea,40.74237,-74.00063,entire home/apt,120,2,2,2016-06-08,0.05,1,0
10704981,spacious uws studio w/private patio,6716450,lacy,manhattan,upper west side,40.79816,-73.97178,entire home/apt,175,2,1,2016-10-10,0.03,1,0
10723142,cozy and small bedroom in astoria!!,24981045,julio,queens,astoria,40.76061,-73.91767,private room,35,1,1,2016-02-01,0.02,1,0
10724373,gorgeous gramercy studio,1913404,ellie,manhattan,gramercy,40.73804,-73.9852,entire home/apt,110,1,3,2017-11-22,0.07,1,0
10729454,comfortable and eclectic ues room.,3139829,tyler,manhattan,upper east side,40.76797,-73.95369,private room,50,1,2,2016-03-11,0.05,1,0
10751336,helen's apartment,15546330,helen,manhattan,morningside heights,40.80554,-73.96422,entire home/apt,80,1,1,2016-02-01,0.02,1,0
10753780,gorgeous duplex in the heart of bk,2423061,mike,brooklyn,clinton hill,40.6837,-73.96505,entire home/apt,125,5,1,2016-03-17,0.02,1,0
10755640,artist friendly: cozy&sunny in quiet prospect park,25514430,alisha,brooklyn,prospect-lefferts gardens,40.65846,-73.9489,entire home/apt,50,6,1,2017-08-08,0.04,1,0
10755963,a room in brooklyn,33859930,ghe,brooklyn,east flatbush,40.64528,-73.93457,private room,37,1,16,2018-05-22,0.46,1,0
10765309,designed west village with patio,8851665,ohad,manhattan,west village,40.73303,-74.00118,entire home/apt,200,3,1,2016-07-02,0.03,1,0
10765607,great location • cozy • clean,243427,mar,brooklyn,williamsburg,40.71327,-73.96438,private room,65,3,9,2017-11-05,0.24,1,0
10771369,awesome midtown get-a-way,55713233,ryan,manhattan,murray hill,40.7462,-73.97707,entire home/apt,105,3,3,2016-09-06,0.08,1,0
10773150,upper east side little private room,55725808,xin,manhattan,east harlem,40.7869,-73.95285,private room,45,1,2,2016-02-02,0.05,1,0
10787042,studio 5 min walk to time square,16430584,karen,manhattan,hell's kitchen,40.76371,-73.99306,entire home/apt,250,3,3,2016-11-16,0.08,1,0
10801474,spacious room in a 3 bedroom apt,55908144,setareh,manhattan,harlem,40.81389,-73.95205,private room,45,7,6,2016-08-11,0.15,1,0
10803759,"bright williamsburg 1 bd, bedford l",18575991,gregory,brooklyn,williamsburg,40.7178,-73.95595,entire home/apt,129,4,5,2017-11-26,0.12,1,0
10807749,chic 1-br in lovely park slope,45082547,gretta j.,brooklyn,south slope,40.66686,-73.98907,entire home/apt,120,2,5,2016-04-26,0.12,1,0
10808086,huge quiet fun spot in heart o les!,15129374,ben,manhattan,lower east side,40.72088,-73.98533,entire home/apt,200,2,1,2016-03-30,0.03,1,0
10811875,spacious 2br apt with deck,768181,darius,brooklyn,williamsburg,40.71377,-73.94092,entire home/apt,120,1,1,2016-03-01,0.02,1,0
10826734,wonderous womb room,10295496,courtney,brooklyn,bushwick,40.68446,-73.90851,private room,33,1,1,2016-02-22,0.02,1,0
10828230,"sunny, cozy, prospect heights apt.",56066018,alex,brooklyn,crown heights,40.6786,-73.9621,private room,45,1,1,2016-03-01,0.02,1,0
10829701,room/s in lovely williamsburg,697990,alvaro,brooklyn,williamsburg,40.70516,-73.95088,private room,65,3,2,2016-08-25,0.05,1,0
10837039,private room in spacious 3br 2ba,2252514,april,brooklyn,prospect-lefferts gardens,40.65791,-73.95009,private room,35,1,2,2016-11-21,0.06,1,0
10837800,room in harlem,43533460,laurène,manhattan,washington heights,40.83525,-73.9452,private room,36,1,3,2016-06-28,0.08,1,0
10839007,lower east side walk up apartment,56124518,david,manhattan,lower east side,40.72005,-73.98409,private room,90,5,1,2016-05-28,0.03,1,0
10848827,prospect park adventures hq,34698196,nic,brooklyn,flatbush,40.65123,-73.96436,private room,36,1,1,2016-08-18,0.03,1,0
10849750,brownstone beauty 1 bedroom,185847,faizal,brooklyn,fort greene,40.68584,-73.97571,entire home/apt,135,2,1,2016-08-15,0.03,1,0
10850026,renovated hamilton heights apt,7594757,chaz,manhattan,washington heights,40.83625,-73.94062,private room,40,2,18,2017-11-24,0.44,1,0
10874577,unbelievable luxury apartment,43220844,adil,manhattan,upper east side,40.76309,-73.95794,entire home/apt,175,1,1,2016-02-16,0.02,1,0
10881719,charming soho/little italy nest,30410829,michelange,manhattan,chinatown,40.71786,-74.00009,entire home/apt,105,1,16,2016-08-25,0.4,1,0
10885211,trendy studio btwn grand central and central park,15651999,kunjan,manhattan,midtown,40.75598,-73.96664,entire home/apt,135,3,4,2018-09-20,0.13,1,0
10887262,kid's friendly two levels apartment with a yard,4343152,anna,manhattan,harlem,40.81223,-73.94313,entire home/apt,199,4,2,2016-10-11,0.05,1,0
10904914,room in huge union sq rooftop apt!,56514111,jenna,manhattan,chelsea,40.7386,-73.99775,private room,70,1,2,2016-03-27,0.05,1,0
10919160,gorgeous 1br in prime e. village!,25498781,lauren,manhattan,east village,40.72931,-73.98222,entire home/apt,250,2,9,2016-08-24,0.22,1,0
10919968,entire 1br apt on uws w/ roof deck,4497387,cristina,manhattan,upper west side,40.79277,-73.97613,entire home/apt,150,1,16,2016-12-28,0.4,1,0
10938202,"spacious, bright, living/bedroom",2455178,nessa,brooklyn,flatbush,40.64145,-73.96642,private room,55,5,6,2016-11-14,0.17,1,0
10938544,"spacious, private room near subway",10583598,devon,brooklyn,prospect-lefferts gardens,40.66324,-73.95963,private room,40,2,9,2016-08-24,0.22,1,0
10939255,master bedroom - bathroom en suite,7501803,hannah,brooklyn,flatbush,40.65188,-73.96411,private room,55,4,3,2017-10-09,0.07,1,0
10957871,east village apartment w/ nyc charm,56836468,mark,manhattan,east village,40.72663,-73.97852,private room,65,1,1,2016-02-20,0.02,1,0
10958668,large cozy room in prospect heights,4269459,lindsey,brooklyn,crown heights,40.67734,-73.96076,private room,35,1,2,2016-03-13,0.05,1,0
10966240,private room in artist apt bk,56887361,ariel,brooklyn,bedford-stuyvesant,40.68636,-73.92599,private room,30,1,1,2016-02-27,0.02,1,0
10967300,cozy room in the heart of hamilton heights,7781522,angela,manhattan,harlem,40.82332,-73.94705,private room,40,3,4,2016-09-05,0.11,1,0
10984999,spacious room in penthouse in les,22702361,lisa-marie,manhattan,chinatown,40.71628,-73.98999,private room,85,1,1,2016-03-24,0.02,1,0
10985169,one bedroom apartment in townhouse,825856,rubi,brooklyn,bedford-stuyvesant,40.68389,-73.92128,entire home/apt,76,2,2,2016-12-30,0.05,1,0
10987342,big & bright in bk heights with private balcony,7903382,annie,brooklyn,brooklyn heights,40.69449,-73.99188,entire home/apt,150,3,7,2016-07-15,0.17,1,0
10988682,spacious 1 br - 5min to manhattan,57015584,peter,queens,long island city,40.74129,-73.95004,entire home/apt,175,3,22,2017-07-13,0.54,1,0
11033476,spacious bedroom near prospect park,57257971,jenna,brooklyn,sunset park,40.66227,-73.99138,private room,50,1,1,2016-02-12,0.02,1,0
11035889,cozy bedroom in the lower east side,57269448,chantal,manhattan,lower east side,40.72104,-73.98298,private room,100,2,1,2016-06-14,0.03,1,0
11042350,charming bedroom with private bath,1607646,dee,manhattan,east harlem,40.80771,-73.93967,private room,65,7,7,2018-10-31,0.3,1,0
11043540,sunny les pied a terre,5546836,natalie,manhattan,lower east side,40.71884,-73.98594,entire home/apt,150,1,1,2016-06-18,0.03,1,0
11062438,"private and super quiet, step to subway",3419036,ofer,manhattan,upper east side,40.78482,-73.95191,entire home/apt,90,4,9,2019-04-29,0.22,1,0
11065633,luxury doorman building/murray hill,19340034,ross,manhattan,gramercy,40.73788,-73.98103,private room,150,1,2,2016-03-13,0.05,1,0
11068187,an architect's inviting studio,9132107,alice,manhattan,upper west side,40.78731,-73.97407,entire home/apt,145,3,2,2016-04-23,0.05,1,0
11118641,1 br in 2br - luxury high rise,57765248,chandni,manhattan,hell's kitchen,40.75744,-73.9936,private room,90,1,6,2016-05-18,0.14,1,0
11121739,1 brd apartment for easter week in noho,55425653,alessandro,manhattan,noho,40.72683,-73.99328,entire home/apt,180,3,4,2019-03-16,0.59,1,0
11123996,spacious gramercy loft,3135272,han sheng,manhattan,gramercy,40.73427,-73.98456,entire home/apt,250,2,4,2017-06-03,0.14,1,0
11128811,cozy walk up apartment in a great neighborhood!,42779345,jodi,queens,long island city,40.74523,-73.94906,private room,50,2,3,2019-02-17,0.41,1,0
11138618,"bright, spacious, brooklyn bungalow",57885166,emily,brooklyn,gowanus,40.67153,-73.988,private room,70,1,3,2016-03-28,0.07,1,0
11138910,huge apartment in great location!!!,827235,adam,brooklyn,bedford-stuyvesant,40.68437,-73.95849,entire home/apt,109,3,3,2018-08-17,0.08,1,0
11141064,"beautiful, true 1br in park slope",49033458,stephen,brooklyn,windsor terrace,40.65895,-73.97768,entire home/apt,78,5,1,2016-03-24,0.02,1,0
11143891,clean private bedroom in bushwick,27087652,louise,brooklyn,bushwick,40.69995,-73.92612,private room,50,1,1,2016-04-14,0.03,1,0
11144544,habitación privada en midtown ny,7401344,fla,manhattan,midtown,40.74545,-73.98128,private room,112,3,1,2016-02-15,0.02,1,0
11153954,cozy studio apartment for 2 ♡,57995737,remi o.,manhattan,east harlem,40.80586,-73.93861,entire home/apt,75,5,2,2016-03-18,0.05,1,0
11162475,"big, bright uws bedroom and study",14713587,annie,manhattan,upper west side,40.80288,-73.96484,private room,125,3,6,2017-05-18,0.15,1,0
11162977,beautiful apartment by astoria park,58061728,clinton,queens,ditmars steinway,40.78,-73.91672,entire home/apt,99,4,17,2019-06-23,0.44,1,0
11164047,comfy brownstone room in brooklyn,58070616,brandon,brooklyn,bedford-stuyvesant,40.69032,-73.93699,private room,40,1,5,2018-06-17,0.12,1,0
11167618,1 bedroom getaway in park slope,58098561,megan,brooklyn,park slope,40.67923,-73.97659,entire home/apt,125,2,8,2018-03-08,0.2,1,0
11175261,"nice, comfortable cozy 1 bedroom.",32124237,damian,brooklyn,prospect-lefferts gardens,40.65505,-73.96086,entire home/apt,100,4,4,2016-10-23,0.11,1,0
11191242,2 bedroom in the east village!,35320932,samantha,manhattan,gramercy,40.73598,-73.98161,entire home/apt,125,1,19,2016-06-23,0.47,1,0
11192547,bedroom,58274544,austin,brooklyn,crown heights,40.67305,-73.94533,private room,85,1,1,2016-02-13,0.02,1,0
11204018,"comfy, quiet room next to subway!",7678663,ella,brooklyn,crown heights,40.66727,-73.95274,private room,40,4,1,2016-03-27,0.03,1,0
11212414,"spacious, family-friendly nyc apt",58405281,cristina,manhattan,harlem,40.82485,-73.93774,entire home/apt,75,1,1,2016-02-21,0.02,1,0
11216918,cozy 1 bdr in the west village,58437137,david,manhattan,west village,40.73386,-74.0046,entire home/apt,199,1,10,2016-04-27,0.25,1,0
11221362,private room in the hearth of nyc,58467654,thomas,manhattan,midtown,40.75771,-73.96872,private room,90,3,3,2017-01-02,0.07,1,0
11224100,"charming, quiet room with full bed",683203,suguna,brooklyn,prospect heights,40.675,-73.9656,private room,34,2,2,2016-03-10,0.05,1,0
11244921,spacious designer loft - 1br,24058309,abigail,manhattan,midtown,40.75266,-73.97378,entire home/apt,160,3,1,2016-02-26,0.02,1,0
11254989,"sunny, quiet east vil/les apt",58730304,adrienne,manhattan,east village,40.72434,-73.98904,entire home/apt,140,1,6,2016-12-29,0.18,1,0
11257497,"sunny, kid friendly 2 bedroom",56066134,jocelyn,manhattan,washington heights,40.85585,-73.93741,entire home/apt,125,5,2,2017-01-01,0.05,1,0
11259934,light-filled loft (morgan l),5440411,dom,brooklyn,williamsburg,40.70647,-73.93265,private room,64,3,10,2017-08-02,0.27,1,0
11261146,williamsburg pied-à-terre,58779931,nicholas,brooklyn,williamsburg,40.71554,-73.94115,entire home/apt,250,3,7,2019-01-02,0.38,1,0
11271036,room in east harlem,8145820,felix,manhattan,east harlem,40.79606,-73.94881,private room,30,1,1,2016-02-24,0.02,1,0
11281913,apt in the heart of west village,3040512,andrea,manhattan,west village,40.73292,-74.00222,entire home/apt,168,1,1,2016-03-01,0.02,1,0
11282348,unique lincoln square 1 br apt,58931360,juliana,manhattan,upper west side,40.77616,-73.98485,entire home/apt,250,3,6,2016-07-06,0.15,1,0
11293006,queen bedroom in east village,59007500,matt,manhattan,east village,40.72814,-73.97995,private room,85,1,4,2016-07-24,0.11,1,0
11294566,bright & comfy room in bed stuy 3br,59018284,dorien,brooklyn,bedford-stuyvesant,40.69062,-73.93497,private room,28,1,5,2016-04-25,0.12,1,0
11298300,stylish 2 br on the upper west side,4726696,maria,manhattan,upper west side,40.79589,-73.96811,entire home/apt,145,1,1,2016-03-24,0.02,1,0
11304325,west village 2 br,59095370,gabriella,manhattan,west village,40.73313,-74.00336,entire home/apt,250,1,1,2016-02-25,0.02,1,0
11304836,sunny 1-bdrm near shopping,6761373,iquo,brooklyn,flatbush,40.64495,-73.95896,entire home/apt,69,5,1,2019-04-13,0.34,1,0
11317209,modern apartment in williamsburg,20527254,eddy,brooklyn,williamsburg,40.70821,-73.94719,private room,65,2,9,2016-12-05,0.25,1,0
11322391,sunny room w/laundry + own entrance,17824959,allison,brooklyn,bushwick,40.69585,-73.92585,private room,50,2,1,2016-04-21,0.03,1,0
11322591,large 1 bd in east williamsburg,1525033,monique,brooklyn,williamsburg,40.71055,-73.95017,entire home/apt,160,7,4,2017-10-06,0.1,1,0
11324565,private room. twin bed. great stay!,59070885,eric charles,manhattan,upper east side,40.76658,-73.95224,private room,39,1,5,2016-04-16,0.12,1,0
11335874,huge bedroom in luxurious apartment,5650826,colin,manhattan,east harlem,40.78626,-73.94429,private room,40,4,2,2016-04-02,0.05,1,0
11339154,renovated large studio apartment,10990986,daniel,manhattan,upper west side,40.79153,-73.97174,entire home/apt,175,3,3,2016-04-07,0.08,1,0
11351798,west village penthouse loft w roof,29658310,nathaniel,manhattan,greenwich village,40.73469,-73.99838,entire home/apt,200,3,1,2016-05-18,0.03,1,0
11357182,cozy room in williamsburg apartment,6369681,juliann,brooklyn,williamsburg,40.7106,-73.95884,private room,41,1,4,2016-06-20,0.1,1,0
11359026,one bedroom apt near times square,59499901,nate,manhattan,hell's kitchen,40.76189,-73.98961,entire home/apt,200,3,1,2017-01-02,0.03,1,0
11360854,1 bedroom in cozy apartment,1565924,johanna,manhattan,east harlem,40.79191,-73.94613,private room,65,1,1,2016-12-30,0.03,1,0
11370207,"bright, modern room in clean appt",12797993,richard,brooklyn,bushwick,40.69783,-73.90998,private room,45,3,6,2016-11-06,0.15,1,0
11374387,beautiful home close to centralpark,4275336,andy,manhattan,upper west side,40.77271,-73.98811,entire home/apt,190,1,2,2016-09-20,0.05,1,0
11374453,large 3 br on central park north,7605261,ian,manhattan,east harlem,40.79766,-73.94756,entire home/apt,240,2,5,2017-07-23,0.13,1,0
11375631,spacious 1 br apartment - ues,58110428,mac,manhattan,upper east side,40.7695,-73.9532,entire home/apt,150,2,10,2017-01-04,0.25,1,0
11377777,great apartment in manhatan,16969920,talita,manhattan,morningside heights,40.81633,-73.96147,entire home/apt,110,1,3,2017-01-10,0.09,1,0
11378048,charming one bedroom in boerum hill,4161553,michael,brooklyn,gowanus,40.6848,-73.98894,entire home/apt,120,2,5,2016-05-09,0.13,1,0
11381288,lower east side living,49021868,conor,manhattan,lower east side,40.7213,-73.989,entire home/apt,199,4,9,2019-01-03,0.22,1,0
11391101,hip bushwick right on the l train!,59756933,magdalena,brooklyn,bushwick,40.70223,-73.9148,private room,60,2,1,2016-03-19,0.02,1,0
11398939,stay in private room in park slope,4218873,elizabeth,brooklyn,sunset park,40.66216,-73.98985,private room,55,1,1,2019-03-31,0.3,1,0
11407817,wonderful apartment with view & rooftop!!!!,9290968,marco,queens,astoria,40.77349,-73.92648,entire home/apt,112,1,2,2017-05-28,0.07,1,0
11411839,"sunny, cozy room near subway",18873268,sandy,brooklyn,bedford-stuyvesant,40.69586,-73.95026,private room,75,5,3,2016-09-11,0.08,1,0
11412104,furnished room in williamsburg,59916586,eugenia,brooklyn,williamsburg,40.70723,-73.94939,private room,45,1,1,2016-04-02,0.03,1,0
11414971,"sunny, safe and friendly minutes to manhattan!",6705983,laurie,queens,jackson heights,40.75179,-73.89015,entire home/apt,100,2,6,2017-09-24,0.17,1,0
11415455,cute east village studio apartment,20868549,kerri,manhattan,east village,40.72793,-73.98771,entire home/apt,175,1,2,2016-05-21,0.05,1,0
11431526,"huge, sunny carroll gardens 1br apt",1449155,hadley,brooklyn,carroll gardens,40.68285,-73.99495,entire home/apt,125,5,1,2016-07-05,0.03,1,0
11435529,light filled room in hip gowanus,30545042,waciuma,brooklyn,gowanus,40.67937,-73.98404,private room,40,3,1,2016-03-22,0.02,1,0
11437792,hipster room in south williamsburg,354385,chris,brooklyn,williamsburg,40.71004,-73.95644,private room,50,1,2,2017-02-12,0.07,1,0
11439208,1 bedroom in 2 bed-apt in the best of brooklyn,9896078,geraldine,brooklyn,williamsburg,40.71745,-73.9569,private room,60,3,1,2017-01-03,0.03,1,0
11439224,huge bedroom in the heart of nyc,60112093,miranda,manhattan,kips bay,40.74308,-73.98172,private room,200,2,12,2017-12-08,0.52,1,0
11441692,modern west village studio,6501137,dee,manhattan,west village,40.73982,-74.00807,entire home/apt,228,1,10,2017-01-01,0.25,1,0
11442506,apt in upper west near central park,24405972,paula,manhattan,upper west side,40.77661,-73.98228,entire home/apt,250,4,3,2019-01-02,0.08,1,0
11451070,spacious studio near central park,31500454,maria,manhattan,morningside heights,40.8042,-73.96507,entire home/apt,130,5,1,2016-03-04,0.02,1,0
11453029,cozy groundfloor apartment w/garden,22169347,laura,brooklyn,crown heights,40.6758,-73.95578,entire home/apt,75,4,6,2018-08-27,0.16,1,0
11457547,"new! furnished, east village gem",16589150,daniel,manhattan,east village,40.72526,-73.99031,private room,79,2,14,2016-06-17,0.34,1,0
11461331,spacious & sunny urban treehouse,12981247,allison,brooklyn,crown heights,40.67677,-73.93783,private room,60,3,1,2016-04-01,0.03,1,0
11474808,huge apt for family close to trains,1524765,christopher,brooklyn,clinton hill,40.68701,-73.96174,entire home/apt,140,3,4,2016-08-07,0.11,1,0
11481037,a slice of heaven on earth in nyc,60294559,vidya,manhattan,midtown,40.75321,-73.97215,shared room,75,1,2,2018-01-01,0.1,1,0
11491051,nyc studio apartment,60500336,adam,manhattan,murray hill,40.74573,-73.97802,entire home/apt,100,1,1,2016-04-01,0.03,1,0
11496968,1bd apartment with balcony on park,831572,rupert,brooklyn,fort greene,40.69277,-73.97449,entire home/apt,170,1,12,2016-10-16,0.3,1,0
11509497,huge lightened room / apartment brooklyn,60639864,joseph,brooklyn,bedford-stuyvesant,40.68962,-73.95169,private room,79,1,16,2019-06-19,0.41,1,0
11511592,super-cute apartment in harlem!,17752872,cleo,manhattan,harlem,40.83038,-73.94531,private room,45,1,2,2016-04-26,0.05,1,0
11513480,spacious & sunny room in brooklyn!,47105925,afnan,brooklyn,crown heights,40.6718,-73.94266,private room,40,2,2,2016-03-23,0.05,1,0
11514023,chill place near subway/park/river.,50462669,mo,manhattan,upper west side,40.7939,-73.97404,private room,60,3,2,2016-04-15,0.05,1,0
11526590,large 1br in central nolita / soho,576387,noah,manhattan,nolita,40.7219,-73.99669,entire home/apt,200,5,5,2016-10-17,0.12,1,0
11529406,"cozy 1 bedroom in bay ridge, nyc",14406362,melissa,brooklyn,bay ridge,40.62637,-74.02989,entire home/apt,100,4,2,2017-10-23,0.09,1,0
11531130,prime williamsburg 2 balcony & roof,740029,emily,brooklyn,williamsburg,40.70997,-73.9647,entire home/apt,100,1,1,2016-03-13,0.02,1,0
11531322,"cheerful, large 3br w/ yard! perfect for families!",60817772,robina,brooklyn,sunset park,40.66052,-73.9939,entire home/apt,200,4,1,2016-08-12,0.03,1,0
11532023,in the heart of williamsburg,60821050,ashley,brooklyn,williamsburg,40.72005,-73.95677,private room,75,1,1,2016-03-30,0.03,1,0
11544438,clean room in prime hip les,35664937,zachary,manhattan,lower east side,40.71713,-73.98906,private room,65,1,14,2016-10-01,0.35,1,0
11545797,cozy room with queen bed in 4b,8167445,pedro,brooklyn,bedford-stuyvesant,40.68692,-73.94242,private room,55,3,10,2017-11-10,0.25,1,0
11547077,beautiful with private terrace,8200984,emilie,brooklyn,park slope,40.67764,-73.97835,entire home/apt,200,3,4,2018-01-02,0.1,1,0
11547246,"large, sunny room - lower east side",22551065,tamir,manhattan,lower east side,40.71931,-73.98393,private room,85,5,1,2016-05-16,0.03,1,0
11548744,sunny 2br railroad apt. in lic,55601638,sarah,queens,long island city,40.74493,-73.9537,entire home/apt,158,1,1,2016-07-10,0.03,1,0
11553426,luxury apt steps from central park!,39226206,rae,manhattan,east harlem,40.79504,-73.94584,entire home/apt,225,2,4,2016-06-05,0.1,1,0
11553908,comfy 1 bedroom upper east side apartment (82/2nd),61003876,darren,manhattan,upper east side,40.77505,-73.95357,entire home/apt,150,1,3,2018-03-19,0.1,1,0
11554224,upper west side 1bd with terrace,56043282,emily,manhattan,upper west side,40.77872,-73.98025,entire home/apt,140,1,8,2017-07-01,0.2,1,0
11567179,"bright, sunny quite room bushwick",10929225,louise,queens,ridgewood,40.71112,-73.91932,private room,60,2,2,2016-08-24,0.05,1,0
11573269,"sunny studio - 23rd floor, doorman",11764237,david,manhattan,kips bay,40.74342,-73.97505,entire home/apt,135,1,1,2016-04-04,0.03,1,0
11580884,cozy artists bushwick loft!,59075666,das,brooklyn,williamsburg,40.70395,-73.93367,private room,50,6,11,2018-09-07,0.27,1,0
11581420,nice apartment 4 springbreak in ny,61229318,hector,manhattan,morningside heights,40.81045,-73.95961,private room,40,3,1,2016-03-23,0.02,1,0
11587779,upper west side- 1 room in 3bed apt,27125291,arthur,manhattan,upper west side,40.79908,-73.96141,private room,79,1,4,2017-05-21,0.1,1,0
11602574,elegant 2 bedroom with light & amenities!,16899697,martín,manhattan,lower east side,40.71854,-73.98362,private room,250,2,2,2017-01-02,0.07,1,0
11603201,"1 bedroom in astoria, queens",7982432,joe,queens,long island city,40.76485,-73.93959,private room,65,1,1,2016-04-18,0.03,1,0
11605983,brownstone living - 1br in bk,12352188,jasmin,brooklyn,boerum hill,40.68792,-73.98999,entire home/apt,125,5,8,2017-07-10,0.2,1,0
11611809,2br modern apt convenient location,1143620,kris,manhattan,murray hill,40.74742,-73.97724,entire home/apt,229,3,1,2016-03-23,0.02,1,0
11618338,beautiful new apt in williamsburg,4829797,chris,brooklyn,williamsburg,40.70589,-73.94749,private room,63,7,1,2016-03-18,0.02,1,0
11627443,upper east side cozy private room,61601216,sara,manhattan,upper east side,40.7687,-73.95705,private room,80,2,11,2017-04-17,0.31,1,0
11632924,spacious one bedroom apartment,4383413,alanna,brooklyn,east flatbush,40.64583,-73.94693,entire home/apt,90,3,5,2017-01-02,0.14,1,0
11638302,washington heights 1 bedroom,524597,anjela,manhattan,washington heights,40.8481,-73.93585,entire home/apt,100,3,2,2017-01-01,0.06,1,0
11639940,peaceful + sunny greenpoint room,2375701,paul,brooklyn,greenpoint,40.7307,-73.95568,private room,66,1,1,2016-03-12,0.02,1,0
11640637,riverside single room near columbia,34220831,yilin,manhattan,morningside heights,40.81377,-73.96166,private room,46,1,2,2016-07-29,0.05,1,0
11641258,classic loft in gramercy/flatiron - amazing value,61719199,sameer,manhattan,flatiron district,40.73955,-73.98568,entire home/apt,275,2,4,2018-01-01,0.1,1,0
11651929,"large sunny 1br, 1 block to subway",3927655,alexander,manhattan,washington heights,40.83441,-73.93706,entire home/apt,95,7,1,2016-03-18,0.02,1,0
11652262,sunny williamsburg 1 bedroom apt,1479763,anthony,brooklyn,williamsburg,40.71228,-73.94211,entire home/apt,150,3,7,2018-09-14,0.18,1,0
11653913,spacious 1 br heart of astoria,10575779,andrea,queens,astoria,40.7588,-73.91762,entire home/apt,190,2,1,2016-03-26,0.03,1,0
11657725,spacious one-bedroom apartment,61863502,wei,manhattan,upper east side,40.77933,-73.94862,entire home/apt,119,5,1,2016-06-19,0.03,1,0
11658950,huge king size room in east village,21382844,imran,manhattan,gramercy,40.73458,-73.98128,private room,99,1,5,2017-04-23,0.16,1,0
11672600,sunny brownstone in park slope!!!!!,4992559,drew,brooklyn,park slope,40.67821,-73.97484,entire home/apt,200,2,12,2016-10-01,0.31,1,0
11677489,1 br apt lower east side,8756821,franco,manhattan,chinatown,40.71555,-73.99091,entire home/apt,180,2,10,2017-10-02,0.25,1,0
11680027,charming 1br apt in les side,13305499,j. ryan,manhattan,lower east side,40.72025,-73.98372,entire home/apt,145,2,3,2016-05-08,0.07,1,0
11685868,"modern, sunlit apartment w/ balcony",3792156,sophia,brooklyn,bedford-stuyvesant,40.68795,-73.95203,entire home/apt,120,1,6,2016-07-31,0.16,1,0
11689818,spacious brooklyn apartment,22808020,genevieve,brooklyn,bushwick,40.69473,-73.91882,entire home/apt,70,7,1,2016-08-09,0.03,1,0
11691699,big & bright 2-bedroom by subway,12010675,beverly,brooklyn,sunset park,40.64997,-74.00347,entire home/apt,115,2,4,2016-08-10,0.11,1,0
11700121,historic bed stuy floorthrough,1640615,sarah,brooklyn,bedford-stuyvesant,40.68353,-73.93478,entire home/apt,150,5,1,2016-07-19,0.03,1,0
11713899,modern exposed brick studio,39149459,daisy,manhattan,east village,40.72428,-73.98748,entire home/apt,110,1,1,2016-05-23,0.03,1,0
11716947,"plant-filled, sunlit home w/ yard",62298504,jordan,brooklyn,greenpoint,40.7258,-73.9515,private room,45,7,2,2016-09-08,0.05,1,0
11728836,roomy sunny apt in <3 of astoria,10620222,rebecca,queens,astoria,40.76711,-73.92046,entire home/apt,95,3,1,2016-03-26,0.03,1,0
11740386,williamsburg loft,24458604,austin,brooklyn,williamsburg,40.71813,-73.96464,entire home/apt,85,5,2,2017-05-02,0.07,1,0
11754084,"sunny, east vil 1br w rooftop view!",8488826,julia,manhattan,east village,40.72941,-73.98336,entire home/apt,148,4,5,2017-01-01,0.13,1,0
11775127,charming & sunny 1br @ east village,15265556,or,manhattan,east village,40.72547,-73.98717,entire home/apt,100,1,3,2016-03-15,0.07,1,0
11776880,minimalist 1-bd close to subway,6598000,adetutu,brooklyn,prospect-lefferts gardens,40.66156,-73.94882,entire home/apt,95,3,9,2017-04-15,0.23,1,0
11786452,amazing 1 bed in greenwich village,46583440,sophie,manhattan,greenwich village,40.73573,-73.99496,entire home/apt,152,1,1,2016-04-01,0.03,1,0
11787290,2br penthouse aprtmt on park avenue,29244447,sohit,manhattan,murray hill,40.74773,-73.98079,entire home/apt,250,1,1,2016-03-20,0.02,1,0
11791225,"spacious bedroom in astoria, ny",23269511,michael,queens,astoria,40.76792,-73.91175,private room,50,5,1,2016-05-27,0.03,1,0
11792006,"spacious, sunny brooklyn 2br duplex apartment",1850179,tyson,brooklyn,bedford-stuyvesant,40.68265,-73.94466,entire home/apt,145,4,18,2019-01-01,0.49,1,0
11796761,lrg sunny one bedroom garden apt w/ big backyard.,1039519,brian,brooklyn,bedford-stuyvesant,40.68407,-73.9531,entire home/apt,165,4,5,2018-07-07,0.13,1,0
11798782,private bedroom & bath- brooklyn,26865924,donminique,brooklyn,crown heights,40.67228,-73.93569,private room,65,1,1,2016-06-13,0.03,1,0
11800108,"clean, comfortable and convenient ues studio",28551360,kate,manhattan,upper east side,40.78226,-73.95332,entire home/apt,120,1,11,2016-11-13,0.3,1,0
11801942,"cozy, clean and minimal design in park slope",62852022,stine and andrew,brooklyn,south slope,40.66485,-73.98822,entire home/apt,200,2,9,2019-05-31,0.24,1,0
11816864,bright room in spacious astoria apt,62939516,garth,queens,long island city,40.76079,-73.93215,private room,65,1,5,2018-01-02,0.13,1,0
11826892,private room in gorgeous loft,50556869,kristen,brooklyn,bedford-stuyvesant,40.68738,-73.91906,private room,70,2,2,2017-10-09,0.05,1,0
11827175,cozy one bedroom city college,3716130,nina,manhattan,harlem,40.82325,-73.9478,entire home/apt,100,1,7,2017-01-01,0.18,1,0
11827224,"2 br, 24-hour doorman, gramercy",16058022,jackie,manhattan,gramercy,40.73755,-73.98041,entire home/apt,130,5,1,2016-04-22,0.03,1,0
11829419,1-bedroom in brooklyn,62915940,baochen,brooklyn,borough park,40.6311,-74.00445,private room,35,1,9,2016-08-09,0.24,1,0
11833497,"august '19 in cozy, bright south slope 1.5 br",9946550,andrew,brooklyn,south slope,40.66432,-73.98847,entire home/apt,100,7,1,2016-07-31,0.03,1,0
11842300,luxury entire apt in manhattan,29936265,swan,manhattan,financial district,40.70544,-74.01616,entire home/apt,110,1,2,2016-12-22,0.05,1,0
11850380,sunny spacious sublet near prospect park,5245797,sarah,brooklyn,kensington,40.64225,-73.97197,entire home/apt,115,2,5,2017-04-30,0.13,1,0
11850918,convenient 2br/2ba - east village,14363695,heda,manhattan,east village,40.72852,-73.98064,entire home/apt,275,5,1,2016-04-19,0.03,1,0
11851288,"spacious 1br, 15 min to manhattan",42308954,tugce,queens,sunnyside,40.74156,-73.91866,entire home/apt,110,3,6,2017-03-20,0.16,1,0
11858737,great room in the lower east side,40068602,jeremy,manhattan,east village,40.72099,-73.97993,private room,69,1,1,2016-03-23,0.02,1,0
11861349,nice br in luxury williamsburg apt,12440590,thu anh,brooklyn,williamsburg,40.71079,-73.95428,private room,85,6,12,2017-11-17,0.3,1,0
11865398,"spacious 1 bdrm apt, east village",43174657,patricia,manhattan,east village,40.73062,-73.98524,entire home/apt,133,3,3,2017-01-01,0.08,1,0
11866156,apt in heart of hell's kichen,988788,marissa,manhattan,hell's kitchen,40.76362,-73.99033,private room,79,1,1,2016-04-03,0.03,1,0
11868050,amazing spacious 1 br park slope bk,10002513,ethan,brooklyn,park slope,40.68125,-73.97974,entire home/apt,159,3,3,2017-04-30,0.08,1,0
11868110,111 st. marks place,63269523,john,manhattan,east village,40.72804,-73.98281,entire home/apt,140,1,1,2016-03-21,0.02,1,0
11871932,apt. across from lincoln center,63294576,emily,manhattan,upper west side,40.77248,-73.98108,entire home/apt,195,1,3,2016-10-23,0.08,1,0
11888603,"lovely, spacious room",35211977,maria,brooklyn,bushwick,40.70578,-73.92375,private room,55,1,1,2016-03-28,0.03,1,0
11890882,private room in nyc apartment,60617592,ricky,queens,astoria,40.76487,-73.91377,private room,50,1,1,2016-03-24,0.02,1,0
11893359,"private room w/wifi, prime location",20348541,jessica,manhattan,west village,40.73146,-74.00392,private room,105,1,14,2016-06-28,0.36,1,0
11910278,sunny spacious crown heights studio,174570,holly,brooklyn,crown heights,40.67807,-73.95913,entire home/apt,65,4,1,2016-05-22,0.03,1,0
11911783,modern upper west side luxury!!,9143200,steven,manhattan,upper west side,40.79466,-73.97173,entire home/apt,160,3,2,2016-06-13,0.05,1,0
11922306,sunlit bright home.,63623329,marina,brooklyn,crown heights,40.67832,-73.95128,private room,60,3,5,2016-10-10,0.13,1,0
11924652,upper west side luxury building,39111035,veronica,manhattan,upper west side,40.78079,-73.98826,private room,160,2,2,2016-08-31,0.06,1,0
11926941,cozy 1 bdrm near prospect park/bk,4501003,brooke,brooklyn,flatbush,40.64117,-73.96038,entire home/apt,99,1,3,2016-05-20,0.08,1,0
11927624,light filled modern apt in dumbo,5251483,sasha,brooklyn,vinegar hill,40.70328,-73.98314,entire home/apt,170,4,2,2016-07-23,0.05,1,0
11937647,entire williamsburg apt.,12446288,micki & kristian,brooklyn,williamsburg,40.71541,-73.93748,entire home/apt,110,3,4,2018-05-30,0.1,1,0
11943846,spacious modern manhattan 2br,50976547,young,manhattan,east village,40.72175,-73.98088,entire home/apt,250,3,1,2016-05-02,0.03,1,0
11944718,central park north- 1 bed apt to share (female),13509844,ara,manhattan,east harlem,40.79665,-73.94928,private room,69,7,7,2016-08-14,0.18,1,0
11946206,luxurious 1 bedroom apt!,2705455,rei,queens,long island city,40.74284,-73.95755,entire home/apt,180,6,1,2016-05-20,0.03,1,0
11948586,large bedroom,63800453,harry,brooklyn,flatbush,40.63836,-73.95698,private room,85,1,6,2017-01-01,0.16,1,0
11949531,private room available in 2 bedroom apartment,3630684,habby,brooklyn,bushwick,40.70487,-73.92127,private room,65,3,11,2019-06-02,0.37,1,0
11950107,private bedroom near prospect park,32306916,vin,brooklyn,crown heights,40.67324,-73.95157,private room,55,1,4,2016-05-15,0.1,1,0
11959165,charming 1 br apartment east of central park,13209857,tania,manhattan,east harlem,40.7887,-73.94736,entire home/apt,125,3,11,2018-08-21,0.28,1,0
11965862,sunny and spacious room in brooklyn,63914230,kay,brooklyn,williamsburg,40.7128,-73.9605,private room,76,5,1,2016-07-12,0.03,1,0
11967737,beautiful bedroom on hudson river/riverside park,63928471,david,manhattan,harlem,40.83342,-73.94949,private room,40,1,6,2019-03-22,0.16,1,0
11968539,fully furnished & sunny ues studio,22089496,sara,manhattan,upper east side,40.76053,-73.96181,entire home/apt,110,2,22,2019-06-02,0.55,1,0
11968958,beautiful studio,63935825,marianna,queens,ditmars steinway,40.77872,-73.91396,entire home/apt,78,1,4,2016-05-28,0.1,1,0
11971174,huge room in central bushwick flat,4411040,maya,brooklyn,bushwick,40.69669,-73.92785,private room,45,1,3,2016-06-25,0.08,1,0
11980791,clean/elegant hk apt. w/ cute bear,10461612,devon,manhattan,hell's kitchen,40.76257,-73.98603,entire home/apt,160,3,20,2017-05-29,0.5,1,0
11982174,large private room in midtown east,46889591,hatsumi,manhattan,upper east side,40.76272,-73.96269,private room,69,1,4,2016-05-15,0.1,1,0
11984115,sunny 1 br apt in bed stuy,25810,sasha,brooklyn,bedford-stuyvesant,40.68521,-73.95089,entire home/apt,75,5,7,2018-08-10,0.18,1,0
12000617,comfortable bedroom right by express subway!,64170751,dani,brooklyn,crown heights,40.66759,-73.95187,private room,49,3,5,2017-04-09,0.13,1,0
12001650,"stunning, waterfront views! williamsburg brooklyn",2295610,rebecca,brooklyn,williamsburg,40.71214,-73.96866,entire home/apt,170,3,21,2019-06-02,0.53,1,0
12001984,brooklyn / williamsburg / cozy large private room,43170685,koji,brooklyn,williamsburg,40.71135,-73.94435,private room,80,1,1,2016-04-17,0.03,1,0
12003146,sunshine studio near columbia u,22099204,cinthia,manhattan,upper west side,40.80229,-73.96719,entire home/apt,80,1,2,2016-11-23,0.05,1,0
12004175,private master bedroom in luxury bu,13340829,lin,brooklyn,crown heights,40.67543,-73.96312,private room,60,5,1,2016-08-18,0.03,1,0
12004744,spacious lower manhattan apt!,18978289,julian,manhattan,two bridges,40.71127,-73.99838,entire home/apt,159,2,3,2017-09-24,0.11,1,0
12007258,spacious one bedroom with private roof,59489089,molly,brooklyn,bedford-stuyvesant,40.68813,-73.95773,entire home/apt,200,3,6,2018-07-31,0.15,1,0
12009779,loft w/ manhattan skyline view,1534297,bárbara,brooklyn,williamsburg,40.70843,-73.96924,private room,80,1,2,2016-06-17,0.05,1,0
12009807,cozy centrally located les apt,39856008,tanya,manhattan,lower east side,40.71869,-73.99141,entire home/apt,140,1,1,2016-04-17,0.03,1,0
12019843,full-size loft bed in east village,14476679,michael,manhattan,east village,40.72659,-73.97848,private room,70,1,3,2016-06-26,0.08,1,0
12021544,comfy bedroom in crown heights close to subway,62345719,adam,brooklyn,crown heights,40.66734,-73.94232,private room,44,2,5,2018-06-26,0.38,1,0
12032987,room right on central park!,20353296,mia,manhattan,east harlem,40.79663,-73.94893,private room,75,1,5,2016-08-20,0.13,1,0
12034085,private theatre district bedroom,7695223,david,manhattan,hell's kitchen,40.75857,-73.98942,private room,65,2,6,2016-12-17,0.16,1,0
12050932,luxury ibr apmt in crown heights,64534798,olivia loksing,brooklyn,crown heights,40.66505,-73.95213,entire home/apt,90,2,2,2016-05-14,0.05,1,0
12056684,luxury harlem apartment,64578817,bryant,manhattan,harlem,40.8097,-73.94256,entire home/apt,125,5,15,2017-09-04,0.38,1,0
12064423,beautiful private room in bedstuy,13406868,andrew,brooklyn,bedford-stuyvesant,40.68464,-73.95002,private room,45,4,1,2016-05-15,0.03,1,0
12067652,charming 1 bedroom in chelsea!,3555480,melissa,manhattan,chelsea,40.74507,-73.99452,entire home/apt,175,7,6,2017-09-09,0.16,1,0
12071153,comfy bed stuy 1br with balcony,2596681,christine,brooklyn,bedford-stuyvesant,40.69764,-73.94929,entire home/apt,110,3,10,2018-07-05,0.26,1,0
12072069,cute & cozy cobble hill apt,37820765,carla,brooklyn,columbia st,40.68685,-74.00112,entire home/apt,98,2,14,2017-05-02,0.36,1,0
12083016,entire huge 2br apt in east village - aug. 14-27!!,7226962,john,manhattan,east village,40.72716,-73.98264,entire home/apt,200,4,3,2016-08-26,0.08,1,0
12084009,cozy upper east side 1 bedroom,64765550,stefano,manhattan,upper east side,40.77924,-73.94924,entire home/apt,140,1,4,2016-07-01,0.1,1,0
12084205,east village 1b in 3b apt,51924404,angela,manhattan,east village,40.72966,-73.98476,private room,56,1,2,2016-06-01,0.05,1,0
12088314,huge and sunny mid century 1br,2875590,gilad,brooklyn,crown heights,40.67833,-73.9629,entire home/apt,180,3,2,2017-04-15,0.05,1,0
12088765,"bright, sunny room in clinton hill",1712843,anne,brooklyn,bedford-stuyvesant,40.69168,-73.95795,private room,55,4,4,2016-10-28,0.11,1,0
12090887,private bedroom 5 mins to columbiau,18370504,emily,manhattan,morningside heights,40.8131,-73.96074,private room,65,2,5,2016-08-29,0.13,1,0
12106132,bed-stuy brownstone studio,38967549,john,brooklyn,bedford-stuyvesant,40.68592,-73.9398,entire home/apt,75,3,3,2016-11-27,0.08,1,0
12107055,sunny 1 bedroom in williamsburg,64921358,kendra,brooklyn,williamsburg,40.7139,-73.95615,private room,65,1,1,2016-03-30,0.03,1,0
12114228,charming ues studio,47864677,alicia,manhattan,upper east side,40.77117,-73.95851,entire home/apt,75,7,13,2017-08-20,0.34,1,0
12115597,convenient apt w/ private bathroom!,53282710,weiyi,manhattan,upper west side,40.79546,-73.96452,private room,98,3,2,2016-08-06,0.05,1,0
12130620,renovated apt next to express train,11338827,caty,manhattan,harlem,40.826,-73.94314,private room,60,2,5,2016-08-31,0.13,1,0
12132427,spacious 1 br in east village!,10584659,mike,manhattan,gramercy,40.73375,-73.98704,entire home/apt,177,3,12,2016-07-21,0.3,1,0
12133132,perfect location in new york city,49045679,vanessa,manhattan,lower east side,40.71251,-73.9889,private room,60,3,8,2016-08-08,0.21,1,0
12145189,central park studio at great price!,2961779,carmen,manhattan,hell's kitchen,40.76735,-73.98578,entire home/apt,100,2,6,2017-01-01,0.16,1,0
12147723,luxury wall st. apartment building,5120853,mackenzie,manhattan,financial district,40.70433,-74.00782,entire home/apt,175,2,2,2016-07-08,0.05,1,0
12148215,luxury april sublet in manhattan ny,53930780,thomas,manhattan,harlem,40.80422,-73.95495,private room,45,1,1,2016-04-06,0.03,1,0
12154621,beautiful room in crown heights,3604124,william,brooklyn,crown heights,40.67564,-73.95449,private room,45,4,4,2017-12-17,0.18,1,0
12155351,"cute apt, heart of east village!",34507633,paul,manhattan,east village,40.72772,-73.97978,private room,80,1,1,2016-05-26,0.03,1,0
12156078,stylish east village studio + outdoor space!,18261318,daniel,manhattan,east village,40.72592,-73.99026,entire home/apt,149,2,16,2018-05-06,0.43,1,0
12167857,sunny & quiet family apartment in bk,6520757,jeen,brooklyn,bedford-stuyvesant,40.69574,-73.9515,entire home/apt,150,4,11,2019-06-11,0.29,1,0
12169531,3 bedrooms with amazing view of the big apple,11218119,james,brooklyn,clinton hill,40.69315,-73.96412,entire home/apt,117,3,1,2016-04-04,0.03,1,0
12174966,big room@ ues clean comfy apt,28895303,harry,manhattan,upper east side,40.7674,-73.95559,private room,95,1,10,2016-06-09,0.25,1,0
12181485,"sunny, beautiful brooklyn studio",794042,rhea,brooklyn,clinton hill,40.68459,-73.96499,entire home/apt,115,5,8,2016-08-16,0.21,1,0
12186043,clean and cozy crown heights studio,264111,albert,brooklyn,crown heights,40.66714,-73.95819,entire home/apt,110,2,6,2018-06-24,0.15,1,0
12186697,"spacious, sunny room in greenpoint",14208923,sasha,brooklyn,greenpoint,40.72599,-73.94434,private room,50,4,1,2016-04-30,0.03,1,0
12188651,spacious home in heart of nyc,6997786,mara,manhattan,chelsea,40.74369,-73.99571,entire home/apt,225,2,5,2016-10-09,0.14,1,0
12190495,"1 bd in stylish renovated 2bds, clinton hill",66127,aurélien,brooklyn,bedford-stuyvesant,40.68762,-73.95604,private room,49,7,13,2019-05-21,0.36,1,0
12202511,cozy & charming chinatown/les spot!,9314442,adam + yulu,manhattan,chinatown,40.71532,-73.99343,entire home/apt,120,3,2,2016-10-04,0.05,1,0
12206029,"private br, bed-stuy w/backyard",5897784,nicholas,brooklyn,bedford-stuyvesant,40.68022,-73.92673,private room,49,1,1,2016-05-13,0.03,1,0
12206323,cozy apartment in upper east side,65639106,brigid,manhattan,east harlem,40.78821,-73.94927,entire home/apt,155,1,2,2016-07-05,0.05,1,0
12223531,spacious and sun-drenched bedroom,2018172,mimi,brooklyn,williamsburg,40.70751,-73.95441,private room,80,1,2,2016-08-17,0.05,1,0
12228859,nyc full studio walkable to central park,5138621,clare,manhattan,upper east side,40.77619,-73.95106,entire home/apt,140,2,1,2016-11-07,0.03,1,0
12230361,cozy private room in brooklyn,65802264,rick,brooklyn,crown heights,40.66877,-73.93318,private room,50,3,14,2016-09-30,0.35,1,0
12230921,bright and beautiful abode,5679552,genevieve,brooklyn,williamsburg,40.7193,-73.95731,entire home/apt,175,2,2,2016-04-23,0.05,1,0
12230978,cozy private rm in sunny bklyn apt,30529247,amy,brooklyn,fort greene,40.69706,-73.97422,private room,50,4,15,2019-06-24,0.38,1,0
12247741,bedroom available in ues,14906645,michael,manhattan,upper east side,40.77685,-73.95727,private room,65,1,2,2016-05-01,0.05,1,0
12250653,small cozy room in artsy apartment,20043119,anita,brooklyn,clinton hill,40.6881,-73.96281,private room,50,1,3,2017-05-17,0.1,1,0
12252513,cool williamsburg loft,9280078,frederikke,brooklyn,williamsburg,40.70845,-73.96742,entire home/apt,120,1,1,2016-05-08,0.03,1,0
12252583,cozy bedroom in prime location,49121324,zhaoyan,brooklyn,clinton hill,40.68645,-73.96691,private room,50,7,4,2016-07-20,0.11,1,0
12254118,master bedroom with balcony in soho,65979198,marc,manhattan,nolita,40.72232,-73.99433,private room,109,7,3,2017-01-03,0.09,1,0
12254147,spacious room in 3 bedroom duplex apartment,43380926,zineb,manhattan,east harlem,40.78771,-73.94197,private room,65,1,1,2016-07-22,0.03,1,0
12267015,uws beautiful 1 bedroom available,12759735,natalie,manhattan,upper west side,40.784,-73.97148,entire home/apt,100,1,1,2016-04-24,0.03,1,0
12268056,"bright, modern, private bedroom bk",7119612,becky,brooklyn,bushwick,40.69897,-73.92705,private room,62,1,1,2016-04-20,0.03,1,0
12269953,queen bed w/ attached bathroom,66089191,jordan,brooklyn,bushwick,40.69177,-73.92509,private room,50,7,2,2017-05-31,0.06,1,0
12273688,sunny private rm in bushwick,44468180,kristen,brooklyn,bushwick,40.69414,-73.92877,private room,29,2,4,2017-07-02,0.11,1,0
12274662,cozy bushwick-1br w private bath,5606004,feather,brooklyn,bushwick,40.70062,-73.92785,private room,80,2,9,2018-05-30,0.23,1,0
12282916,architects cozy home in astoria,66182162,alexandra,queens,long island city,40.75888,-73.9312,entire home/apt,165,2,3,2016-10-23,0.08,1,0
12287938,cozy lofted room in homey 3br,66191982,barrie,brooklyn,bedford-stuyvesant,40.69445,-73.94459,private room,50,3,3,2016-05-08,0.08,1,0
12290567,clean studio apartment for sleeping,66240027,bianca,brooklyn,prospect-lefferts gardens,40.66158,-73.95999,entire home/apt,40,1,2,2016-04-28,0.05,1,0
12292409,charming quiet & bright studio -les,23638897,adrien,manhattan,lower east side,40.71849,-73.98334,entire home/apt,140,5,2,2018-01-01,0.05,1,0
12304523,cozy boho williamsburg studio,5741089,shaye,brooklyn,williamsburg,40.71278,-73.949,entire home/apt,80,2,6,2017-10-15,0.15,1,0
12308695,room in musicians loft/music venue,33049782,dustin,brooklyn,bushwick,40.69084,-73.90314,private room,45,3,3,2017-08-22,0.08,1,0
12310556,beautiful greenpoint apartment,13716703,david & suzanne,brooklyn,greenpoint,40.73334,-73.95607,entire home/apt,165,2,3,2018-11-05,0.08,1,0
12321626,east village loft two bedroom,38353649,sean,manhattan,east village,40.72228,-73.98409,entire home/apt,194,4,5,2016-12-29,0.13,1,0
12322066,room with private bathroom,8952737,graham,brooklyn,bedford-stuyvesant,40.67941,-73.9535,private room,75,2,1,2016-05-13,0.03,1,0
12324203,top location amazing cozy 1br,6360636,anna b,manhattan,east village,40.72387,-73.98939,entire home/apt,200,2,3,2016-10-06,0.08,1,0
12336343,waterfront apt with stunning view!!,15753023,peter,brooklyn,williamsburg,40.71102,-73.9689,entire home/apt,149,4,5,2016-11-27,0.14,1,0
12342004,lovely west harlem apartment,6416695,patrice,manhattan,washington heights,40.83549,-73.94729,entire home/apt,105,3,8,2017-07-05,0.21,1,0
12342297,private bedroom in high-ceiling 4br apartment!,19953913,alejandro,manhattan,hell's kitchen,40.76116,-73.99016,private room,120,2,17,2017-04-28,0.43,1,0
12342876,cozy&spacious in beautiful astoria,8389062,eliza,queens,astoria,40.76202,-73.91467,entire home/apt,120,1,1,2016-06-12,0.03,1,0
12343793,cozy room in prime williamsburg,7476145,alexis,brooklyn,williamsburg,40.71811,-73.95793,private room,75,3,3,2017-01-16,0.09,1,0
12355067,highline view,31502455,jonathan,manhattan,chelsea,40.74553,-73.99784,private room,200,1,1,2016-05-21,0.03,1,0
12356709,spacious 1 br by central park!,52656626,cassandra,manhattan,upper west side,40.79772,-73.9626,entire home/apt,120,3,11,2017-08-17,0.32,1,0
12356873,"sunny, spacious upper east side studio, sleeps 3",43806964,evan,manhattan,upper east side,40.77667,-73.95463,entire home/apt,140,2,6,2016-10-10,0.17,1,0
12358120,sunny 1br apartment in chelsea,2640854,bryan,manhattan,chelsea,40.74045,-73.99824,entire home/apt,249,3,9,2016-10-31,0.23,1,0
12360322,cozy bdr 15 min from manhattan!,11626567,francisco,brooklyn,williamsburg,40.70661,-73.93642,private room,60,1,2,2016-04-17,0.05,1,0
12363920,rent a room in modern bushwick apt,66787512,henrik,brooklyn,bushwick,40.69969,-73.91896,private room,45,1,7,2016-06-19,0.18,1,0
12365206,"large brooklyn room, close to train",24038764,nataly,brooklyn,cypress hills,40.67708,-73.89236,private room,60,3,2,2016-07-13,0.05,1,0
12366132,cozy east village loft!,66614646,britta,manhattan,east village,40.72444,-73.98136,private room,80,3,1,2016-06-28,0.03,1,0
12367315,large 1 bdrm in clinton hill,5960171,jackie,brooklyn,clinton hill,40.68809,-73.96027,entire home/apt,125,3,2,2016-06-29,0.05,1,0
12367449,i heart lic...you will too!,3121134,allison,queens,astoria,40.7619,-73.91985,private room,66,1,1,2016-08-06,0.03,1,0
12367673,large cosy room-financial district,12326402,daniela,manhattan,financial district,40.70873,-74.00601,private room,80,1,5,2016-11-09,0.13,1,0
12368109,private room in a nice neighborhood,5741728,ben,queens,astoria,40.76625,-73.91448,private room,57,2,14,2017-01-03,0.37,1,0
12380717,"1 br/ba right next to trains, central park + more",41265342,michael,manhattan,upper east side,40.76769,-73.9585,entire home/apt,115,2,7,2017-06-18,0.2,1,0
12383041,room in renovated bk brownstone,17001409,caitlin,brooklyn,bedford-stuyvesant,40.69443,-73.94316,private room,40,1,5,2016-06-07,0.13,1,0
12388091,diamond in upper west side,1704335,rem,manhattan,upper west side,40.79749,-73.96307,private room,56,7,1,2016-06-05,0.03,1,0
12396603,dean street oasis,20942935,miriam,brooklyn,crown heights,40.67529,-73.93671,private room,66,1,1,2016-05-02,0.03,1,0
12404998,cosy 1 bedroom apartment in astoria,47380199,kim,queens,astoria,40.76869,-73.91966,entire home/apt,120,7,1,2016-06-05,0.03,1,0
12405814,sunny + family friendly artist's apartment,1468472,eugenia,bronx,longwood,40.81384,-73.90514,entire home/apt,85,5,4,2018-08-03,0.31,1,0
12406683,sunny spacious south slope studio,25095488,jason,brooklyn,sunset park,40.66248,-73.99667,entire home/apt,100,2,3,2017-01-13,0.1,1,0
12407244,"charming, sunny room in amazing les",5790819,gracie,manhattan,lower east side,40.7192,-73.98431,private room,75,2,3,2017-01-06,0.08,1,0
12420947,williamsburg entire  apartment,3642404,maya,brooklyn,williamsburg,40.70965,-73.95675,entire home/apt,95,4,10,2019-06-23,0.37,1,0
12423497,luxury building studio apartment,2455544,viola,manhattan,midtown,40.76507,-73.98393,entire home/apt,140,5,1,2016-05-04,0.03,1,0
12423868,small sunny 1br apt bradhurst park,9754272,tim,manhattan,harlem,40.82616,-73.94023,entire home/apt,130,2,5,2016-10-30,0.13,1,0
12426775,"great room & location, williamsburg",9249156,kevin,brooklyn,williamsburg,40.71019,-73.95439,private room,55,3,2,2016-06-29,0.05,1,0
12426957,room for 2,20069770,bryant,brooklyn,bushwick,40.69336,-73.9213,private room,45,2,2,2017-06-16,0.08,1,0
12430153,brownstone charm-1st fl with yard,26010563,scott,manhattan,upper west side,40.78054,-73.97779,entire home/apt,85,2,7,2016-06-26,0.18,1,0
12445714,sun kissed 1br harlem (whole apt),67332509,nkem,manhattan,harlem,40.82579,-73.94324,entire home/apt,99,1,3,2016-05-29,0.08,1,0
12447273,sunny room in 3 bedroom apt.,67341852,grace,brooklyn,gowanus,40.68474,-73.98862,private room,100,1,1,2016-05-15,0.03,1,0
12451425,amazing studio in heart of manhatta,60996330,nassim,manhattan,murray hill,40.74893,-73.97037,entire home/apt,175,1,3,2017-04-19,0.09,1,0
12454556,fun room in east village,8671253,atlanta,manhattan,east village,40.72414,-73.9801,private room,80,2,3,2016-05-31,0.08,1,0
12462634,sunny and beautiful uws 1bdrm,48091946,alexis,manhattan,upper west side,40.77775,-73.98169,entire home/apt,150,2,5,2016-11-18,0.13,1,0
12465732,sunny room in nyc,47638752,adrien,manhattan,chinatown,40.7133,-73.9956,private room,70,3,1,2016-05-20,0.03,1,0
12470877,cozy east village apartment,67493763,katherine,manhattan,east village,40.72952,-73.98214,private room,82,1,4,2017-07-31,0.16,1,0
12471447,great uws 1 bedroom duplex,36966894,sarah,manhattan,upper west side,40.77835,-73.97655,entire home/apt,200,3,5,2016-05-29,0.13,1,0
12493228,bright airy cozy spacious bedroom,816008,elika,manhattan,hell's kitchen,40.76093,-73.99014,private room,100,5,8,2017-07-31,0.21,1,0
12494870,private room in beautiful apartment,12140588,kiri,brooklyn,greenpoint,40.72619,-73.95563,private room,50,3,2,2017-01-02,0.06,1,0
12495887,bright & sunny greenpoint studio,2104160,brendon,brooklyn,greenpoint,40.7369,-73.95288,entire home/apt,119,4,4,2017-05-09,0.1,1,0
12497783,clean and safe department in nyc.,67677095,baochan,manhattan,upper west side,40.8015,-73.96605,private room,40,3,1,2016-07-16,0.03,1,0
12509350,williamsburg/greenpoint room,31376006,carlos esteban,brooklyn,greenpoint,40.72191,-73.94405,private room,60,1,2,2016-05-08,0.05,1,0
12519645,upper east side room,56623911,christa,manhattan,east harlem,40.78809,-73.95333,private room,45,1,3,2016-05-20,0.08,1,0
12522024,great studio in heart of east village!,10665495,tom,manhattan,east village,40.72626,-73.9894,entire home/apt,199,4,3,2017-05-29,0.08,1,0
12542909,huge 800 sq ft 1 bedroom apt,67758079,janelle,queens,sunnyside,40.74706,-73.92076,entire home/apt,100,1,1,2016-05-10,0.03,1,0
12546799,beautiful sunlight studio apt,3089851,christie,brooklyn,bedford-stuyvesant,40.69175,-73.95554,entire home/apt,70,7,4,2018-04-07,0.12,1,0
12547357,spacious bedroom on eastern parkway,12335685,rebecca,brooklyn,crown heights,40.67045,-73.95895,private room,67,1,1,2016-05-17,0.03,1,0
12547481,big 1br apt near central park & times square!,43436738,abe & gail,manhattan,midtown,40.76589,-73.98068,entire home/apt,150,2,1,2016-06-25,0.03,1,0
12549290,one bedroom wall st luxury apt,68013836,mency,manhattan,financial district,40.70592,-74.00928,private room,35,3,3,2016-08-26,0.09,1,0
12554945,manhattan sunny private room,20586090,grant,manhattan,harlem,40.82356,-73.95457,private room,53,5,8,2017-01-05,0.23,1,0
12559933,"private bedroom, bath & living room",68082818,neil,brooklyn,bedford-stuyvesant,40.68288,-73.93526,private room,50,2,1,2016-06-01,0.03,1,0
12560110,sunny studio apartment in ridgewood,20907226,michael,queens,ridgewood,40.70005,-73.8952,entire home/apt,70,1,5,2017-08-07,0.21,1,0
12561755,"lrg sunny aprtmt, uws/central park",2898343,jamie (& jacob),manhattan,upper west side,40.79865,-73.96419,entire home/apt,170,4,12,2017-12-26,0.31,1,0
12566957,lovely bed-stuy brownstone parlor apartment 1br,26813492,caleb,brooklyn,bedford-stuyvesant,40.69065,-73.93708,entire home/apt,91,5,3,2017-09-15,0.12,1,0
12568401,"west village, great location!",57786447,anne,manhattan,west village,40.73764,-74.00146,entire home/apt,250,2,1,2016-05-18,0.03,1,0
12582348,large room in astoria home,34546087,rina,queens,astoria,40.7704,-73.91701,private room,48,2,11,2017-11-25,0.29,1,0
12587102,spacious loft in williamsburg,1623346,christopher,brooklyn,williamsburg,40.71468,-73.95841,private room,53,2,2,2018-05-21,0.14,1,0
12601401,"astoria living, like a true ny'er",5059784,seth,queens,astoria,40.76465,-73.92625,entire home/apt,125,1,10,2016-07-11,0.26,1,0
12601900,magical 1 br in crown heights,16702803,jacob,brooklyn,crown heights,40.67426,-73.93968,entire home/apt,70,2,2,2016-06-04,0.05,1,0
12606676,"large, next to park, subway gardens",13822373,brian,brooklyn,prospect-lefferts gardens,40.66223,-73.95955,private room,120,2,2,2017-01-01,0.06,1,0
12611122,"styled, spacious ft greene studio",6444711,emily,brooklyn,fort greene,40.68672,-73.97555,entire home/apt,150,2,7,2017-05-15,0.19,1,0
12625717,"xl room in artists' home, flatbush/ditmas park",1166833,liz,brooklyn,flatbush,40.64966,-73.96459,private room,45,3,5,2017-07-29,0.19,1,0
12626663,gorgeous harlem 1br best location,2480467,noreen,manhattan,harlem,40.80854,-73.94305,entire home/apt,125,7,1,2017-01-07,0.03,1,0
12644989,modern high-end studio!,9997184,kelly,manhattan,upper west side,40.79376,-73.96734,entire home/apt,185,2,10,2016-09-01,0.26,1,0
12645769,spacious harlem room in tidy 4th-floor walkup,68684053,rose,manhattan,harlem,40.82095,-73.94007,private room,40,1,1,2016-05-14,0.03,1,0
12651245,relaxing room in vibrant brooklyn,68719139,nick,brooklyn,bedford-stuyvesant,40.6872,-73.95773,private room,40,4,4,2016-10-24,0.11,1,0
12652765,private studio in herald square,68729762,tulika,manhattan,midtown,40.7504,-73.98775,entire home/apt,150,1,2,2016-05-14,0.05,1,0
12652939,"sunny, friendly, brooklyn apartment",24944767,andrea,brooklyn,bushwick,40.70068,-73.91985,private room,65,1,3,2016-05-19,0.08,1,0
12655523,quiet & cozy bushwick bedroom,46228833,nina,brooklyn,bushwick,40.69617,-73.91119,private room,55,2,4,2016-09-26,0.11,1,0
12657039,heart of williamsburg - best location,62058232,kuma,brooklyn,williamsburg,40.71194,-73.95742,private room,90,5,3,2016-08-25,0.08,1,0
12674934,[midtown nyc] private room w/ private bathroom,17016231,june,manhattan,hell's kitchen,40.76358,-73.993,private room,69,1,5,2016-05-30,0.13,1,0
12675052,large sunny apartment nr gramercy,54130816,stephanie,manhattan,kips bay,40.7398,-73.98208,entire home/apt,150,4,2,2016-05-18,0.05,1,0
12679291,nice and quiet apt bdway/times sq.,44530717,vincent,manhattan,hell's kitchen,40.75965,-73.99035,entire home/apt,224,6,1,2016-05-30,0.03,1,0
12684394,luxurious apt in manhattan w terrace and gym,49902290,nikkita,manhattan,harlem,40.82469,-73.94029,private room,115,1,2,2016-12-06,0.05,1,0
12687169,sunny bedroom in gorgeous parkslope,49024977,shelby,brooklyn,park slope,40.67687,-73.97848,private room,80,1,2,2016-06-05,0.05,1,0
12693458,great room with incredible view,65884381,annie,brooklyn,williamsburg,40.71249,-73.94674,private room,75,1,7,2016-09-10,0.19,1,0
12705155,spacious gowanus apt,69063239,michael,brooklyn,gowanus,40.67246,-73.99164,entire home/apt,125,1,3,2016-05-23,0.08,1,0
12705303,sunny 1br / 1b ues apt,3836868,nina,manhattan,upper east side,40.77458,-73.95116,entire home/apt,170,3,2,2016-09-19,0.05,1,0
12711232,private room in hamilton heights,45941973,sigal,manhattan,harlem,40.8273,-73.94904,private room,59,1,3,2017-11-06,0.08,1,0
12713289,private bed and bath for two!,25076118,janet,brooklyn,sunset park,40.6367,-74.01516,private room,80,3,4,2016-09-18,0.11,1,0
12713950,comfortable room near columbia u,69124785,yutian,manhattan,morningside heights,40.81567,-73.95951,private room,50,7,2,2016-08-13,0.05,1,0
12726907,sunny williamsburg apartment,4658415,michael,brooklyn,williamsburg,40.71502,-73.94749,entire home/apt,57,1,5,2018-07-29,0.13,1,0
12728514,1 bedroom in a 4 bedroom apartment,69210611,corey,manhattan,harlem,40.8244,-73.944,private room,50,1,1,2016-05-31,0.03,1,0
12730434,"bright, airy apartment in brooklyn",19710054,leah,brooklyn,bedford-stuyvesant,40.68831,-73.95602,entire home/apt,125,2,5,2017-08-08,0.14,1,0
12733430,bright & spacious studio,10777637,andrea,brooklyn,williamsburg,40.71696,-73.95382,entire home/apt,160,1,9,2016-09-26,0.24,1,0
12735969,furnished funky room in artist loft,2711820,adam,brooklyn,bedford-stuyvesant,40.69301,-73.93098,private room,50,7,2,2016-05-17,0.05,1,0
12737335,room for two in nyc!,69267322,jacob,manhattan,washington heights,40.8342,-73.94303,private room,60,1,1,2016-06-04,0.03,1,0
12737660,large and sunny br bushwick,69269694,mickael,brooklyn,williamsburg,40.70474,-73.93812,private room,70,3,3,2016-08-23,0.08,1,0
12737915,artist loft east williamsburg,15019621,kennedy,brooklyn,williamsburg,40.71401,-73.93672,private room,99,1,2,2016-05-11,0.05,1,0
12744759,private bedroom in crown heights!,38557313,charlötte,brooklyn,crown heights,40.67295,-73.95395,private room,31,5,1,2016-05-31,0.03,1,0
12749145,bright & spacious studio apartment,2838615,matt,brooklyn,williamsburg,40.71121,-73.96698,entire home/apt,239,3,5,2018-01-02,0.13,1,0
12755571,studio in the heart of manhattan,69384130,nina,manhattan,midtown,40.75227,-73.97351,entire home/apt,143,1,1,2016-05-13,0.03,1,0
12758216,sunlit studio on uws!,68388626,amanda,manhattan,upper west side,40.78491,-73.97447,entire home/apt,120,2,4,2016-08-22,0.11,1,0
12760088,modern apartment. central park. b/c,52630170,flora,manhattan,harlem,40.8033,-73.95771,private room,50,3,2,2016-05-23,0.05,1,0
12764378,brooklyn suite,69255438,mark,brooklyn,crown heights,40.67828,-73.95051,entire home/apt,180,1,1,2016-05-23,0.03,1,0
12764482,times square | furnished | apartment & bedroom,69446151,jinsoon,manhattan,hell's kitchen,40.75726,-73.9953,entire home/apt,90,5,1,2018-03-28,0.06,1,0
12772942,huge and cozy bedroom in the heart of williamsburg,4979093,nicole,brooklyn,williamsburg,40.70898,-73.95086,private room,90,3,1,2018-01-02,0.05,1,0
12772993,penn station / chelsea north room,37521233,jay,manhattan,chelsea,40.75053,-73.99685,private room,55,2,5,2016-11-26,0.13,1,0
12774249,uptown bohemian 1br with park view,20892338,elisse,manhattan,harlem,40.82064,-73.94646,entire home/apt,105,2,3,2016-05-30,0.08,1,0
12775106,apartment nyc - 10 to 20 june,1722054,cristian,queens,long island city,40.74657,-73.94555,entire home/apt,120,5,1,2016-06-19,0.03,1,0
12776694,private bedroom in the east village,50533072,kate,manhattan,east village,40.72591,-73.97947,private room,90,1,3,2016-07-27,0.08,1,0
12778383,full 1 br apartment in east williamsburg/bushwick,6513527,blase,brooklyn,williamsburg,40.70585,-73.94178,entire home/apt,110,6,4,2018-05-08,0.15,1,0
12791778,newly renovated williamsburg bedroom near subway,17239096,david,brooklyn,williamsburg,40.71262,-73.94466,private room,100,2,6,2018-02-19,0.28,1,0
12794520,"single bedroom, manhattan",69677082,james,manhattan,washington heights,40.84278,-73.93916,private room,35,3,3,2016-05-16,0.08,1,0
12795109,charming pr room in e. williamsburg,59375053,jacqueline,brooklyn,williamsburg,40.70766,-73.94767,private room,80,2,2,2016-05-29,0.05,1,0
12797047,cute little studio in east village/alphabet city,67311188,viola,manhattan,east village,40.72125,-73.98058,entire home/apt,150,5,1,2017-08-12,0.04,1,0
12804693,quiet bedroom on st marks,69782291,karen,manhattan,east village,40.7291,-73.98628,private room,120,5,13,2017-09-23,0.34,1,0
12810452,charming 1br in heart of chinatown,15867885,marielle,manhattan,two bridges,40.71114,-73.99874,private room,99,2,3,2016-06-26,0.08,1,0
12812618,private room in williamsburg,25233652,mari,brooklyn,williamsburg,40.71279,-73.96291,private room,80,2,6,2018-01-01,0.16,1,0
12813050,family friendly gramercy park gem,30789837,shane,manhattan,gramercy,40.73682,-73.98336,entire home/apt,195,5,1,2016-05-13,0.03,1,0
12814717,big and cozy room,69891208,anna,manhattan,washington heights,40.85147,-73.93618,private room,55,3,5,2017-08-25,0.14,1,0
12815139,beautiful tranquil bright prime location 1 bedroom,33816358,rachel,brooklyn,prospect heights,40.67764,-73.9647,entire home/apt,110,3,8,2017-05-22,0.23,1,0
12821417,"private, sunny room in east village",69944410,michelle,manhattan,east village,40.73054,-73.98339,private room,100,7,1,2016-05-04,0.03,1,0
12825700,comfortable chelsea oasis,5346314,saskia,manhattan,chelsea,40.74267,-73.99915,entire home/apt,195,3,1,2016-07-04,0.03,1,0
12827146,"cozy one bedroom apartment in astoria, nyc",18922352,israel,queens,astoria,40.76368,-73.91518,entire home/apt,68,4,11,2017-10-11,0.31,1,0
12827921,spacious les room& private backyard,13023370,andrew,manhattan,lower east side,40.71902,-73.98506,private room,90,1,6,2016-09-06,0.16,1,0
12828338,cozy chic harlem apartment,7159107,carly,manhattan,harlem,40.82563,-73.94091,entire home/apt,85,3,1,2018-03-14,0.06,1,0
12830905,spacious east village bedroom,70026602,kathryn,manhattan,east village,40.72817,-73.98041,private room,150,2,18,2017-03-16,0.47,1,0
12831310,"cozy bedroom, awesome east village apartment!",70030943,carolyn,manhattan,east village,40.72358,-73.97593,private room,60,1,2,2016-07-06,0.05,1,0
12832227,sunny bedroom + private living room,70039705,nathan,manhattan,upper west side,40.8032,-73.96495,private room,100,1,5,2016-08-14,0.13,1,0
12834317,private 1 bedroom garden level apt,3404004,diana,brooklyn,brooklyn heights,40.69816,-73.99361,entire home/apt,120,1,1,2016-05-09,0.03,1,0
12835123,1 bedroom located in trendy williamsburg,70065232,ramon,brooklyn,williamsburg,40.71154,-73.95795,entire home/apt,99,5,1,2018-04-23,0.07,1,0
12836932,spacious private room near columbia,70082670,gina,manhattan,morningside heights,40.80539,-73.96409,entire home/apt,92,1,2,2016-05-09,0.05,1,0
12845862,upper east side private room and bath: a+ location,7443904,mohammad,manhattan,upper east side,40.77912,-73.95594,private room,100,3,8,2017-06-29,0.21,1,0
12850887,zen-like room with exposed brick in east bushwick,64062688,leanna,brooklyn,east new york,40.67153,-73.89112,private room,44,3,4,2016-09-11,0.11,1,0
12851100,new studio apartment 4mins from subway in astoria,3248699,snezhana,queens,ditmars steinway,40.77141,-73.91415,entire home/apt,80,7,15,2019-05-20,0.41,1,0
12851607,studio apartment near columbia u,68322243,christopher,manhattan,upper west side,40.80129,-73.96611,entire home/apt,154,4,3,2016-08-26,0.08,1,0
12853330,cozy harlem room by the water - creative space,31237380,keith,manhattan,harlem,40.82183,-73.9378,private room,60,2,1,2016-06-26,0.03,1,0
12856529,cozy apartment next to central park,1491770,rene,manhattan,midtown,40.76386,-73.97702,entire home/apt,180,3,1,2016-05-21,0.03,1,0
12868264,brownstone apartment in bed stuy,26295451,jessica,brooklyn,bedford-stuyvesant,40.68743,-73.93045,private room,150,1,14,2017-05-21,0.4,1,0
12869174,homey space in great neighborhood,817948,ariela,brooklyn,flatbush,40.63874,-73.95645,private room,30,1,1,2016-05-12,0.03,1,0
12869662,bright williamsburg loft w balcony,8636489,evan,brooklyn,williamsburg,40.71701,-73.95685,entire home/apt,250,5,14,2018-07-01,0.41,1,0
12869679,loft apartment in williamsburg,1233402,evan,brooklyn,williamsburg,40.7125,-73.9529,entire home/apt,180,3,3,2016-06-06,0.08,1,0
12871310,charming and spacious brooklyn apt,29959914,peter,brooklyn,bushwick,40.68616,-73.91543,private room,52,1,3,2016-09-26,0.08,1,0
12873930,upper west side 1br next to subway/central park,70419222,doreen,manhattan,upper west side,40.78458,-73.97836,entire home/apt,180,3,2,2016-08-16,0.06,1,0
12874443,modern and bright studio apt in williamsburg,8534626,shannon,brooklyn,greenpoint,40.72083,-73.95401,entire home/apt,150,2,3,2019-01-20,0.08,1,0
12876883,comfortable bedroom in spacious apt,11452065,arthur,brooklyn,borough park,40.64052,-73.99668,private room,70,2,1,2016-06-13,0.03,1,0
12884594,amazing entire apt on tree-lined st,3948462,elizabeth,manhattan,chelsea,40.73924,-73.99825,entire home/apt,150,2,4,2017-01-02,0.11,1,0
12891996,giant sun-filled chelsea studio,70583598,michael and fernanda,manhattan,chelsea,40.74303,-73.99797,entire home/apt,200,2,1,2016-06-02,0.03,1,0
12892861,great apartment for 2~ right next to subway~!,70594777,deqing,brooklyn,clinton hill,40.68873,-73.96523,entire home/apt,150,7,4,2016-07-31,0.11,1,0
12897616,upper west side room,70637655,andrea,manhattan,upper west side,40.80288,-73.96629,private room,75,1,1,2016-06-13,0.03,1,0
12897946,awesome 1 bedroom for rent in bk,70640302,querlim,brooklyn,flatbush,40.65468,-73.95703,private room,50,3,3,2016-12-06,0.08,1,0
12899112,br in large 2br.,70651602,aj,manhattan,east harlem,40.78576,-73.94211,private room,50,1,4,2016-05-16,0.1,1,0
12902467,cozy and relaxing east village home,1411232,thomas,manhattan,east village,40.7266,-73.97872,entire home/apt,150,1,3,2016-05-19,0.08,1,0
12902686,bayridge brooklyn apartment,70686576,fotini,brooklyn,fort hamilton,40.61707,-74.03473,entire home/apt,110,1,1,2016-06-23,0.03,1,0
12903772,"luxury studio + gym, rooftop, elevator!",70646170,andrew,manhattan,upper west side,40.79167,-73.97273,entire home/apt,200,2,6,2016-07-30,0.16,1,0
12905314,medium sunny furnished room,16414492,julia marie,manhattan,washington heights,40.83873,-73.94118,private room,45,1,6,2017-07-18,0.16,1,0
12905446,park slope townhouse,2286611,maddy,brooklyn,south slope,40.66455,-73.98479,entire home/apt,195,3,6,2018-08-21,0.16,1,0
12914669,double bedroom in west harlem,44665470,quentin,manhattan,harlem,40.80794,-73.9415,private room,80,1,3,2016-06-03,0.08,1,0
12914726,charming west village apartment (manhattan),21375734,jay,manhattan,west village,40.73116,-74.00212,private room,149,1,6,2018-07-15,0.18,1,0
12914749,"bright, clean & family-friendly apartment!",8635103,charis,manhattan,harlem,40.82125,-73.95,private room,67,4,1,2016-07-03,0.03,1,0
12916138,2 bedrooms by central park & trains,70828773,nick,manhattan,east harlem,40.79617,-73.94735,entire home/apt,179,1,1,2016-05-23,0.03,1,0
12917057,lower east side apartment,26476746,zachary,manhattan,lower east side,40.72118,-73.98697,entire home/apt,140,4,6,2018-01-03,0.16,1,0
12917422,cozy room in west harlem nyc,20220930,oge,manhattan,harlem,40.82143,-73.95651,private room,59,7,1,2016-08-14,0.03,1,0
12917834,1br hell's kitchen w balcony & view,3988031,lee,manhattan,hell's kitchen,40.76172,-73.99706,entire home/apt,200,1,6,2016-09-27,0.16,1,0
12926849,comfy room for may,28680349,bryan,brooklyn,greenpoint,40.72577,-73.94981,private room,90,1,7,2016-08-02,0.19,1,0
12941586,amazing studio. enjoy the best of the uws!,71093679,philipe,manhattan,upper west side,40.79458,-73.97077,entire home/apt,180,2,7,2017-01-01,0.18,1,0
12945400,private bedroom in williamsburg,49836177,ian,brooklyn,williamsburg,40.71264,-73.94751,private room,66,1,1,2017-01-02,0.03,1,0
12947454,"awesome, clean & cozy uws apartment",33419138,george,manhattan,upper west side,40.78175,-73.97576,entire home/apt,180,1,1,2016-05-19,0.03,1,0
12949937,true 2 bedroom apartment in the heart of the les,71140140,danielle,manhattan,lower east side,40.71981,-73.99154,entire home/apt,225,2,1,2016-05-15,0.03,1,0
12953757,huge + cozy east williamsburg room,24747678,caroline,brooklyn,bushwick,40.7029,-73.9296,private room,75,3,5,2018-08-04,0.14,1,0
12953862,artist den across from park,15515731,mira,brooklyn,bedford-stuyvesant,40.68645,-73.93994,private room,35,5,1,2016-05-23,0.03,1,0
12954148,cozy room in upper west side near central park,24517762,laura,manhattan,upper west side,40.80045,-73.96119,private room,67,3,5,2016-06-02,0.13,1,0
12955281,comfortable 1-2 bed space close to trains,25733361,jon,brooklyn,bedford-stuyvesant,40.70017,-73.94357,entire home/apt,115,3,2,2016-07-05,0.05,1,0
12955940,"large, affordable, clean,convenient",71211231,ehsan,bronx,fordham,40.85396,-73.89872,private room,34,1,2,2016-06-14,0.05,1,0
12955943,charming 1 bed apt in williansburg,23050317,ana paula,brooklyn,williamsburg,40.70944,-73.9492,entire home/apt,100,7,6,2017-12-31,0.16,1,0
12962482,park front room in the heart of bushwick l train,21262993,nicole,brooklyn,bushwick,40.70267,-73.92383,private room,45,1,2,2016-05-22,0.05,1,0
12965883,"spacious haven in wash heights, a-train on block!",71188543,courtney,manhattan,washington heights,40.84909,-73.93829,private room,46,2,2,2018-08-14,0.08,1,0
12970866,airy and bright room. prospect park,25749667,kseniya,brooklyn,flatbush,40.65255,-73.96227,shared room,85,1,1,2016-05-16,0.03,1,0
12973819,"huge 1br 5 min to park, train",71402091,jeff,brooklyn,flatbush,40.65421,-73.95945,entire home/apt,90,4,7,2019-04-23,0.18,1,0
12973878,"nice,safe&quiet great value room",45469626,aleksey,brooklyn,sunset park,40.64748,-73.99802,private room,41,3,2,2016-07-05,0.05,1,0
12979100,south street seaport loft studio,14885449,brian,manhattan,financial district,40.70725,-74.00206,entire home/apt,160,6,2,2016-06-12,0.05,1,0
12990578,cozy room with window view near times square,49447536,wing yan,manhattan,hell's kitchen,40.75484,-73.9922,private room,100,1,1,2016-06-08,0.03,1,0
12995569,simple luxury in columbus circle,7199306,katie,manhattan,hell's kitchen,40.76814,-73.98476,entire home/apt,177,2,2,2016-08-21,0.06,1,0
13000020,sunny 1-bedroom apartment in the les,1422833,jaime,manhattan,lower east side,40.7205,-73.98315,entire home/apt,135,2,16,2017-11-12,0.44,1,0
13006002,cozy room in a beautiful and quite apartment,31996442,annalisa,brooklyn,clinton hill,40.69475,-73.96848,private room,70,1,3,2016-07-18,0.08,1,0
13006794,fully furnished 1 bedroom uws apt,10838145,yaakov (jacob),manhattan,upper west side,40.798,-73.96317,entire home/apt,74,2,8,2016-08-24,0.21,1,0
13013882,williamsburg private bedrooom,71746226,noah,brooklyn,williamsburg,40.70739,-73.94318,private room,65,2,1,2016-06-04,0.03,1,0
13016082,steps from central park: bedroom in spacious apt,12127963,ben,manhattan,east harlem,40.78804,-73.95382,private room,95,5,4,2017-08-19,0.11,1,0
13016417,studio apt in murray hill w/ qn bed,33273074,elizabeth,manhattan,kips bay,40.74139,-73.9783,entire home/apt,120,2,7,2016-12-06,0.18,1,0
13017140,bright & cozy 1br + home gym!,65727695,shutong,manhattan,morningside heights,40.81632,-73.96007,entire home/apt,120,2,2,2017-01-02,0.06,1,0
13019851,beautiful brooklyn bedroom!,59093909,katherine e,brooklyn,clinton hill,40.69525,-73.96604,private room,45,1,3,2016-07-14,0.08,1,0
13026702,"modern, spacious 1-bedroom apt in lower east side",9455699,shylie,manhattan,lower east side,40.72033,-73.98767,entire home/apt,195,1,9,2017-09-26,0.24,1,0
13027960,"beautiful, sunny apt by the park",14012039,nicole & tyson,brooklyn,flatbush,40.65359,-73.95631,entire home/apt,120,3,3,2018-06-04,0.08,1,0
13030999,manhattan downtown luxury apartment,59552219,chunxiao,manhattan,financial district,40.70645,-74.01144,entire home/apt,160,7,2,2017-01-23,0.05,1,0
13031826,modern brooklyn lifestyle,18933388,efrem,brooklyn,crown heights,40.67661,-73.95611,entire home/apt,225,1,5,2016-07-17,0.13,1,0
13039351,whole apartment in fort greene,751120,nat,brooklyn,fort greene,40.68715,-73.97388,entire home/apt,120,2,21,2017-04-06,0.56,1,0
13040171,cozy room in east village,9460317,diane,manhattan,east village,40.72906,-73.98006,private room,100,3,2,2016-08-12,0.05,1,0
13040618,sunny and spacious private room,23457783,stephanie,brooklyn,bushwick,40.6905,-73.90834,private room,40,1,1,2016-05-15,0.03,1,0
13040683,airy livingroom in quiet restaurant neighborhood !,28868609,john,queens,ditmars steinway,40.77266,-73.90268,shared room,100,1,1,2016-05-23,0.03,1,0
13043208,modern studio in financial district,14060030,emily,manhattan,financial district,40.70527,-74.00629,entire home/apt,180,1,2,2016-05-28,0.05,1,0
13044519,"quiet, relaxing room in greenpoint",2349563,johann,brooklyn,greenpoint,40.73356,-73.95808,private room,80,1,2,2016-07-26,0.05,1,0
13044589,3 bedroom house in park slope brooklyn,6462802,denise,brooklyn,south slope,40.6647,-73.98474,entire home/apt,250,4,4,2016-12-30,0.11,1,0
13044996,large sun-lit 1 br apartment,60278094,keith,brooklyn,flatbush,40.64053,-73.95785,entire home/apt,100,2,21,2017-07-21,0.55,1,0
13052968,charming 1-br fort greene apartment,26959668,flo and erin,brooklyn,fort greene,40.68748,-73.97397,entire home/apt,125,3,19,2019-05-28,0.51,1,0
13059872,cozy apartment in noho/ soho,3149121,nika,manhattan,greenwich village,40.72617,-73.99658,private room,90,1,2,2016-06-13,0.05,1,0
13061064,sunny guest room in ues apartment,16345024,amy,manhattan,upper east side,40.77687,-73.9546,private room,100,2,1,2016-06-16,0.03,1,0
13064336,cozy private bedroom - williamsburg,1412548,naomi,brooklyn,williamsburg,40.70806,-73.94224,private room,60,3,1,2017-10-12,0.05,1,0
13064382,sunny east village apartment,26378652,guy,manhattan,east village,40.72791,-73.98916,entire home/apt,180,4,3,2019-06-07,0.1,1,0
13064443,amazing studio in brooklyn heights,15239567,feliz,brooklyn,brooklyn heights,40.69218,-73.99124,entire home/apt,110,2,1,2016-05-23,0.03,1,0
13064913,sunny studio in the heart of downtown brooklyn.,3872251,santron,brooklyn,fort greene,40.68589,-73.97659,entire home/apt,100,2,13,2016-08-30,0.35,1,0
13065032,"spacious, kid-friendly apt. 15 mins from manhattan",10643230,jacob,queens,sunnyside,40.7464,-73.91675,entire home/apt,120,5,3,2018-08-20,0.08,1,0
13065949,spacious east village bedroom,11362470,kyle,manhattan,east village,40.73007,-73.98637,private room,99,1,2,2016-05-20,0.05,1,0
13072490,large apartment in charming neighborhood,19414202,marie clare,brooklyn,greenpoint,40.73046,-73.95706,entire home/apt,165,3,8,2017-05-13,0.22,1,0
13079618,cozy apartment in fort greene,7221835,darian,brooklyn,fort greene,40.6904,-73.97285,entire home/apt,140,3,2,2016-10-24,0.05,1,0
13080002,clinton hill room in two-bedroom apartment,2340370,vivek,brooklyn,bedford-stuyvesant,40.69027,-73.95801,private room,37,1,1,2016-11-01,0.03,1,0
13082588,modern and clean upper east side studio,17671924,emily,manhattan,upper east side,40.77079,-73.95949,entire home/apt,100,2,2,2016-07-17,0.05,1,0
13083020,spacious bedroom in the heart of bedstuy,1892402,emily,brooklyn,bedford-stuyvesant,40.68347,-73.95462,private room,50,3,4,2016-08-29,0.11,1,0
13083638,spacious & sunny - greenpoint,17176974,michael,brooklyn,greenpoint,40.72764,-73.95579,entire home/apt,199,3,8,2017-05-29,0.25,1,0
13084004,spacious stylish studio in prospect park south,2497082,sadecia,brooklyn,flatbush,40.64523,-73.96213,entire home/apt,65,5,13,2019-04-30,0.35,1,0
13091737,charming one br apartment in heart of nolita/soho,72677655,christina,manhattan,nolita,40.72153,-73.99493,entire home/apt,126,2,11,2016-11-15,0.29,1,0
13092522,"sunny, charming 1 bedroom in crown heights",27714436,rebecca,brooklyn,crown heights,40.67372,-73.95334,private room,51,1,1,2016-05-21,0.03,1,0
13094020,sunny 1 br in brooklyn,33656032,warren,brooklyn,boerum hill,40.686,-73.98579,entire home/apt,125,3,1,2016-06-21,0.03,1,0
13094250,garden bedroom in carroll gardens brownstone,72701423,isaac,brooklyn,carroll gardens,40.6783,-73.99419,private room,90,1,5,2016-06-27,0.13,1,0
13094329,designers lovely uws full floor townhouse apt!,372206,liz,manhattan,upper west side,40.7869,-73.97254,entire home/apt,150,3,4,2016-10-02,0.11,1,0
13094690,"sunny, bushwick apartment",8106327,dallas,brooklyn,bushwick,40.69819,-73.9334,private room,40,2,1,2017-08-19,0.04,1,0
13096146,"garden apartment in crown heights, brooklyn",2762303,jt,brooklyn,crown heights,40.67336,-73.95451,entire home/apt,120,4,7,2016-07-28,0.18,1,0
13099377,1 bedroom in quiet hamilton heights neighborhood.,43518492,angela,manhattan,harlem,40.82828,-73.94264,private room,130,3,3,2019-05-20,0.1,1,0
13099742,perfect summer apartment (1 bedroom available),72770139,francisco,brooklyn,south slope,40.66665,-73.98875,private room,60,1,1,2016-07-09,0.03,1,0
13101260,spacious sun drenched brick encrusted loft,676499,abe,manhattan,east village,40.72487,-73.98125,entire home/apt,175,4,3,2017-06-30,0.08,1,0
13102409,large & comfortable studio in financial district,2233249,eve,manhattan,financial district,40.70931,-74.00959,entire home/apt,110,6,5,2017-07-01,0.13,1,0
13105778,entire astoria hardwood floor 1 br apartment,72839296,megahn,queens,long island city,40.76235,-73.92973,entire home/apt,99,2,16,2016-12-10,0.44,1,0
13109268,one bedroom with great views of manhattan,72874338,augie,brooklyn,bushwick,40.69025,-73.90871,private room,40,1,3,2017-01-03,0.08,1,0
13109949,"sunny, couple-friendly bedstuy apartment",72881006,lane,brooklyn,bedford-stuyvesant,40.69375,-73.95208,private room,50,1,2,2016-06-20,0.05,1,0
13111578,"spacious room w/ bed & tv, etc.",72897900,joseph,brooklyn,bedford-stuyvesant,40.68696,-73.92905,private room,45,1,7,2016-06-14,0.19,1,0
13114019,chic unique large chelsea one bedroom,34761471,lincoln,manhattan,chelsea,40.74589,-74.0048,entire home/apt,250,4,18,2018-09-29,0.49,1,0
13114443,east village spacious 3 bedroom across from park,72931015,spencer,manhattan,east village,40.72527,-73.98347,entire home/apt,206,1,1,2016-06-05,0.03,1,0
13114542,nyc,58735878,jiandong,manhattan,harlem,40.82889,-73.94599,private room,40,1,1,2016-05-27,0.03,1,0
13115864,charming studio in west chelsea,16055560,catalina,manhattan,chelsea,40.7453,-74.00242,entire home/apt,105,2,6,2016-06-20,0.16,1,0
13116397,spacious room in east village apartment,35959584,kartik,manhattan,east village,40.72778,-73.97825,private room,75,1,8,2016-09-29,0.21,1,0
13122135,room in big art-filled space in prime brooklyn,9793190,rebecca,brooklyn,greenpoint,40.72721,-73.94951,private room,80,1,4,2018-02-25,0.24,1,0
13123232,beautiful private room near hudson river,12341146,michelle,manhattan,hell's kitchen,40.76089,-73.99879,private room,200,1,1,2016-06-06,0.03,1,0
13124724,391 hancock street,27019686,gool-jitzu,brooklyn,bedford-stuyvesant,40.68329,-73.9399,entire home/apt,150,5,1,2018-06-16,0.08,1,0
13127582,one bedroom in beautiful astoria with balcony!,42048980,stephanie,queens,ditmars steinway,40.77265,-73.91401,private room,100,1,1,2016-05-30,0.03,1,0
13129607,spacious studio in the heart of nyc's east village,11935406,brandon,manhattan,east village,40.72684,-73.98938,entire home/apt,123,2,7,2017-02-05,0.2,1,0
13129664,large/modern 1 bed apt williamsburg,65674570,gabby,brooklyn,williamsburg,40.71529,-73.96398,entire home/apt,189,3,6,2016-12-27,0.16,1,0
13134161,"peaceful home, industrial neighborhood",460765,jack,brooklyn,gowanus,40.68164,-73.98631,private room,63,2,2,2016-06-19,0.05,1,0
13135097,"beautiful, new, 1 br, heart of williamsburg!",70178459,chris,brooklyn,williamsburg,40.71401,-73.95664,entire home/apt,150,1,6,2016-12-25,0.16,1,0
13135589,"clean and spacious apt. in bay ridge, brooklyn, ny",73179534,iman,brooklyn,fort hamilton,40.61778,-74.02736,private room,70,2,8,2018-11-04,0.59,1,0
13137970,charming room in light filled apt,9614283,sara cecilia,brooklyn,bushwick,40.70158,-73.92023,private room,35,3,7,2017-07-08,0.22,1,0
13141460,"great space, great location!",46309248,heather,queens,astoria,40.76776,-73.92707,private room,120,1,1,2016-06-14,0.03,1,0
13145377,west village studio,22363037,jessica,manhattan,west village,40.73733,-74.00392,entire home/apt,119,3,1,2016-08-03,0.03,1,0
13148370,beautiful garden level apartment in brooklyn,18893401,angela,brooklyn,fort greene,40.68457,-73.96969,entire home/apt,225,2,11,2017-06-15,0.3,1,0
13152876,spacious & sunny private room in williamsburg!,65252597,zac,brooklyn,williamsburg,40.71038,-73.95397,private room,45,3,1,2016-10-27,0.03,1,0
13153856,large 1br apt. in williamsburg,47292710,peter,brooklyn,williamsburg,40.71233,-73.94806,entire home/apt,200,1,6,2016-07-25,0.16,1,0
13155196,artist's room in large apartment,7532592,nicole,brooklyn,fort greene,40.69497,-73.97209,private room,50,7,2,2016-06-25,0.05,1,0
13155478,"one br upper east, walk out to garden",68234238,kyle,manhattan,upper east side,40.77626,-73.94693,private room,100,1,2,2016-06-13,0.05,1,0
13156625,1 bdrm/large studio in a great location,49125175,george,brooklyn,prospect heights,40.67539,-73.96865,entire home/apt,99,3,6,2016-12-10,0.16,1,0
13156982,sunny new artist's 1br in greenpoint,62285182,brian,brooklyn,greenpoint,40.73432,-73.95145,entire home/apt,117,2,17,2016-11-19,0.47,1,0
13157343,spacious one bedroom by beautiful fort tryon park,73459264,leslie,manhattan,inwood,40.86383,-73.92905,entire home/apt,105,4,7,2019-01-02,0.19,1,0
13164444,luxury loft in renovated warehouse with 2 terraces,15221605,elizabeth,brooklyn,williamsburg,40.71102,-73.95123,entire home/apt,269,7,1,2016-07-20,0.03,1,0
13165500,"cozy, chic williamsburg apartment",4104874,lauren,brooklyn,williamsburg,40.71021,-73.94944,entire home/apt,200,2,1,2016-06-12,0.03,1,0
13166495,large 1-bedroom apartment with amazing rooftop,73550526,claudia,manhattan,east village,40.72884,-73.98548,entire home/apt,195,2,7,2017-05-29,0.19,1,0
13167611,massive apartment minutes from manhattan!,15430149,ivette,queens,ditmars steinway,40.77367,-73.91597,entire home/apt,92,2,1,2018-10-07,0.11,1,0
13170825,sunny and spacious 1 bedroom brooklyn apartment,27556149,ja'tovia,brooklyn,bedford-stuyvesant,40.68444,-73.94822,entire home/apt,75,5,2,2016-07-18,0.05,1,0
13174320,cute studio in great ues location,30812813,amanda,manhattan,upper east side,40.77097,-73.95843,entire home/apt,115,5,4,2016-08-16,0.11,1,0
13174433,modern west village 1 bedroom - prime location!,2926947,amit,manhattan,west village,40.73908,-74.00186,entire home/apt,150,2,11,2017-01-08,0.3,1,0
13182093,"artsy, cozy room in bed-stuy",5401988,maggie,brooklyn,bedford-stuyvesant,40.68675,-73.95341,private room,65,2,5,2017-10-02,0.13,1,0
13183047,2 bedroom kid friendly cobble hill,40306612,christina,brooklyn,carroll gardens,40.685,-73.99369,entire home/apt,250,3,12,2019-03-14,0.32,1,0
13183826,brooklyn room,31628863,sasha,brooklyn,bensonhurst,40.60391,-73.99339,private room,80,2,7,2018-09-03,0.23,1,0
13186447,the hudson,73764539,ed,manhattan,washington heights,40.85241,-73.9368,entire home/apt,99,2,3,2017-05-10,0.08,1,0
13186655,2 bedroom apartment on central park,6721441,kelsey,manhattan,harlem,40.8013,-73.95677,entire home/apt,165,4,2,2016-12-29,0.06,1,0
13187991,cheap west village apartment,73792588,peter,manhattan,west village,40.73011,-74.00267,private room,55,1,7,2016-06-28,0.19,1,0
13188552,large one bedroom apartment with studio,18142892,stacy,queens,ridgewood,40.70871,-73.89415,entire home/apt,95,1,1,2016-08-01,0.03,1,0
13207548,"spacious, sunny bedroom in hudson heights",24843404,laura,manhattan,washington heights,40.84996,-73.93937,private room,50,5,1,2016-05-28,0.03,1,0
13207586,beautiful 1br ues,74020712,nicole,manhattan,upper east side,40.7722,-73.95272,entire home/apt,115,3,8,2017-02-20,0.22,1,0
13209380,"luxe 1-br large loft in tribeca, entire apt",6569229,anna,manhattan,tribeca,40.71523,-74.0079,entire home/apt,250,3,3,2017-10-29,0.09,1,0
13209493,family friendly 2 br in park slope brooklyn,60928872,andrea,brooklyn,park slope,40.67002,-73.98496,entire home/apt,150,3,3,2016-08-08,0.08,1,0
13209514,super modern welive/wework shared apt @wallstreet,6189263,anni,manhattan,financial district,40.70433,-74.00706,entire home/apt,150,2,6,2016-06-23,0.16,1,0
13217755,large bedroom on upper west/columbia,47896181,zichen,manhattan,upper west side,40.80125,-73.96529,private room,90,1,3,2016-07-04,0.08,1,0
13217991,bright clinton hill/bed stuy room in artist's apt.,67641348,perri,brooklyn,bedford-stuyvesant,40.68484,-73.95759,private room,56,3,17,2018-05-27,0.45,1,0
13219269,"lovely, clean, and quiet - close to prospect park",7592287,emily,brooklyn,east flatbush,40.6531,-73.94965,private room,42,3,6,2016-09-18,0.16,1,0
13220375,huge authentic nyc home in fun soho district,11975339,allyson,manhattan,nolita,40.72315,-73.99507,entire home/apt,129,2,6,2018-05-14,0.28,1,0
13222964,charming studio west harlem / sleep three,74196752,lawrence,manhattan,harlem,40.81162,-73.95046,entire home/apt,100,1,5,2016-06-28,0.13,1,0
13223949,designer apartment - sunny and spacious 1 bedroom,7195006,sarah,brooklyn,bedford-stuyvesant,40.68315,-73.95035,entire home/apt,115,5,1,2016-07-05,0.03,1,0
13232917,hip crown heights 2 bedroom!,52592877,alexis,brooklyn,crown heights,40.67294,-73.9581,entire home/apt,113,1,3,2016-07-06,0.08,1,0
13233856,"cozy room, great location",22682349,marwa,manhattan,upper west side,40.79643,-73.97188,private room,110,7,2,2017-01-01,0.06,1,0
13237190,queen sofa in ues w best roommates,31460662,morgan,manhattan,upper east side,40.76995,-73.95604,shared room,120,1,12,2017-04-30,0.32,1,0
13238211,west village 1 bedroom well lit clean apartment,2584324,justin,manhattan,west village,40.73334,-74.00104,entire home/apt,165,1,13,2017-01-01,0.35,1,0
13238778,spacious and quiet bedroom in artsy bushwick!,7550464,wil,brooklyn,bushwick,40.70238,-73.92812,private room,55,1,1,2016-06-07,0.03,1,0
13239693,2-floor sunlit apt in greenpoint with outdoor deck,27652670,noah,brooklyn,greenpoint,40.73239,-73.95449,entire home/apt,133,2,12,2016-11-25,0.33,1,0
13243946,sunny one-bedroom two blocks from central park,5704909,taeko,manhattan,harlem,40.80041,-73.95237,entire home/apt,160,3,1,2016-06-12,0.03,1,0
13246278,3 br 80s light loft in lower east side / chinatown,6787564,luke,manhattan,lower east side,40.71258,-73.9901,entire home/apt,200,4,6,2019-01-04,0.31,1,0
13248480,large room avail in a shared apartment,72359036,brian,manhattan,upper east side,40.77983,-73.94798,private room,125,1,5,2016-06-26,0.13,1,0
13250303,single room in bed-stuy,38322121,pierre-alexis,brooklyn,bedford-stuyvesant,40.69484,-73.95852,private room,70,3,2,2016-06-23,0.05,1,0
13254504,"tree lined, light-filled in chelsea",21350216,karin,manhattan,chelsea,40.74858,-73.99887,entire home/apt,240,1,1,2016-07-01,0.03,1,0
13261922,spacious artsy apartment near gramercy/flatiron,3490622,calliea,manhattan,flatiron district,40.74154,-73.98515,entire home/apt,200,5,1,2016-08-01,0.03,1,0
13262082,private br in sunny east village 2br,18056150,mark,manhattan,east village,40.72954,-73.98842,private room,100,1,1,2016-06-25,0.03,1,0
13264012,cozy studio in the heart of brooklyn heights,55471059,britt,brooklyn,brooklyn heights,40.69511,-73.9934,entire home/apt,110,1,3,2016-07-28,0.08,1,0
13265459,sunny 1 bedroom right next to express a!,40863393,nina,manhattan,washington heights,40.85177,-73.93652,entire home/apt,110,1,7,2017-04-23,0.19,1,0
13265710,sunny bedroom in harlem,74712074,noel,manhattan,harlem,40.81834,-73.93929,private room,70,1,4,2016-11-21,0.11,1,0
13266202,spacious living space in williamsburg/bushwick,14291958,yiming (steven),brooklyn,williamsburg,40.70644,-73.93968,private room,60,3,2,2016-10-10,0.06,1,0
13272041,a queen size bed with a cat near grand central,4920111,emily,manhattan,midtown,40.75242,-73.97261,private room,100,1,4,2016-10-09,0.11,1,0
13273903,studio apartment in luxury building near wall st.,6297445,omar,manhattan,financial district,40.70662,-74.0051,entire home/apt,150,3,6,2017-06-11,0.17,1,0
13276320,beautiful place sunny and quite,74823629,roberto,queens,ditmars steinway,40.77388,-73.91598,private room,125,1,6,2016-12-29,0.17,1,0
13277919,bushwhick room for rent,14336676,fadi and michael,brooklyn,bushwick,40.69808,-73.93,private room,75,2,7,2018-04-24,0.19,1,0
13278166,privat bath and bedroom overlooking the park,18957252,christopher und nora,brooklyn,greenpoint,40.72361,-73.95039,private room,100,1,11,2017-11-10,0.3,1,0
13278181,comfortable 2 bedroom in brooklyn heights,6671270,cory,brooklyn,brooklyn heights,40.69304,-73.99328,entire home/apt,250,7,5,2017-08-24,0.14,1,0
13278654,large 1 bed - ideal uws location,8089285,maura,manhattan,upper west side,40.77865,-73.98104,entire home/apt,149,2,1,2016-08-20,0.03,1,0
13279036,sunny cozy room with rooftop area in bk,72483475,andrea,brooklyn,bushwick,40.69092,-73.91073,private room,50,2,2,2016-06-14,0.05,1,0
13280112,2 floor private apartment in williamsburg,56589011,ryan,brooklyn,williamsburg,40.71293,-73.95946,entire home/apt,160,1,7,2017-01-02,0.19,1,0
13282385,beautiful 2br apt. in brand new building,18840786,michael,brooklyn,bushwick,40.69949,-73.92621,entire home/apt,95,3,1,2016-06-07,0.03,1,0
13282553,comfortable midtown appartment 2br,22656176,gabrielle,manhattan,midtown,40.75604,-73.9681,entire home/apt,185,1,2,2016-08-28,0.05,1,0
13282638,hip & clean bushwick treasure,31753024,marie-luisa,brooklyn,bushwick,40.69818,-73.91941,entire home/apt,68,2,4,2016-09-13,0.11,1,0
13288854,large sunny room in big loft,15798864,tobias,brooklyn,bedford-stuyvesant,40.69646,-73.96059,private room,65,4,6,2018-01-04,0.16,1,0
13291853,bright and comfortable 1br in west village,993817,alex,manhattan,west village,40.7321,-74.00461,entire home/apt,250,2,1,2016-06-18,0.03,1,0
13292687,cozy room in williamsburg apartment,75014265,simon,brooklyn,williamsburg,40.70949,-73.96087,private room,89,1,3,2017-04-25,0.08,1,0
13294291,heart of williamsburg ❤,19529332,lannon,brooklyn,williamsburg,40.71736,-73.95263,private room,68,3,9,2017-08-17,0.25,1,0
13297200,cozy convenient brooklyn heights 1br apartment,7959692,lucas,brooklyn,brooklyn heights,40.69446,-73.99689,entire home/apt,180,3,5,2018-06-17,0.14,1,0
13300113,private bedroom + living room simple and cozy,74304509,michel,brooklyn,prospect heights,40.67951,-73.96926,private room,65,1,16,2017-05-28,0.46,1,0
13308629,quiet cozy chinatown room,41408521,david,manhattan,chinatown,40.71385,-73.99711,private room,75,1,3,2017-08-12,0.08,1,0
13309409,nolita/soho - quiet 1 bedroom in great location!,75205085,owen,manhattan,nolita,40.72271,-73.99518,entire home/apt,250,4,11,2018-05-19,0.29,1,0
13309667,bright modern west village studio with skylight,2507664,julie,manhattan,west village,40.73704,-74.00371,entire home/apt,225,1,21,2016-12-04,0.56,1,0
13311896,cultural and cozy in crown heights,35313655,skye,brooklyn,crown heights,40.67389,-73.93974,private room,80,3,1,2016-06-15,0.03,1,0
13313576,bright and orderly 1 br apartment in les,75246219,gabriel,manhattan,lower east side,40.72075,-73.98733,entire home/apt,172,3,3,2016-07-10,0.08,1,0
13314442,private bedroom in a 4 bed apartment in bushwick!,35494785,jonathan,brooklyn,bushwick,40.70044,-73.93909,private room,55,1,1,2016-06-19,0.03,1,0
13315940,columbia university spacious clean 1 br apartment,14105586,justin,manhattan,morningside heights,40.80904,-73.95807,entire home/apt,180,3,1,2016-07-01,0.03,1,0
13316028,duplex condo in williamsburg- pvt ensuite bath!,6459374,juan,brooklyn,greenpoint,40.72446,-73.95235,private room,120,2,10,2017-12-05,0.27,1,0
13316545,"great place in brooklyn, close to everything",75281770,janea,brooklyn,east flatbush,40.65112,-73.95165,entire home/apt,77,2,1,2016-06-15,0.03,1,0
13316577,spacious upper eastside apt available july-august,7333982,paulo,manhattan,upper east side,40.77614,-73.94626,entire home/apt,150,7,1,2016-08-20,0.03,1,0
13316988,great room close to columbia university and subway,11684392,thomas,manhattan,upper west side,40.79951,-73.96767,private room,67,5,1,2016-07-24,0.03,1,0
13325664,"2 bed, 2 bath, roof deck artsy gem in east village",38403770,stacey,manhattan,east village,40.72792,-73.98106,entire home/apt,199,2,4,2019-07-01,0.11,1,0
13325767,cozy room in brooklyn,10864311,habib,brooklyn,clinton hill,40.69248,-73.96899,private room,75,3,7,2019-01-02,0.25,1,0
13326584,"cosy room in nyc, two blocks from central park!",37218085,marie,manhattan,upper west side,40.79964,-73.96437,private room,70,3,2,2016-08-13,0.06,1,0
13328254,"simple, spacious room in les/two bridges apt",20932025,david,manhattan,lower east side,40.71336,-73.98977,private room,150,3,6,2016-10-30,0.18,1,0
13330638,sun-drenched apartment w/ backyard,11724504,carli,brooklyn,bushwick,40.69903,-73.91722,private room,40,4,1,2016-08-09,0.03,1,0
13332334,strivers row studio,11727297,ivonne,manhattan,harlem,40.81816,-73.94305,entire home/apt,110,2,9,2017-10-01,0.26,1,0
13341570,upper east side studio - close to met museum,75572617,kathryn,manhattan,upper east side,40.77722,-73.94991,entire home/apt,165,4,5,2017-10-09,0.13,1,0
13344039,downtown brooklyn apartment with great views!,5777244,lyshaan,brooklyn,downtown brooklyn,40.69209,-73.98499,entire home/apt,175,1,10,2016-09-05,0.27,1,0
13347857,private room in williamsburg,4260505,ania,brooklyn,williamsburg,40.71061,-73.94289,private room,75,2,7,2018-02-10,0.22,1,0
13355711,private room in washington heights,39644709,adriana,manhattan,washington heights,40.851,-73.93141,private room,35,3,1,2016-07-31,0.03,1,0
13356748,"charming, light-filled room in williamsburg",31429931,penny,brooklyn,williamsburg,40.71444,-73.94058,private room,70,1,1,2016-09-05,0.03,1,0
13358067,bright 1 bedroom by the park,7097844,anne,brooklyn,greenpoint,40.72552,-73.94489,entire home/apt,114,2,3,2018-09-11,0.08,1,0
13359102,lovely one bedroom - heart of greenwich village,8714636,vianney,manhattan,greenwich village,40.73057,-73.99422,entire home/apt,199,3,1,2016-12-14,0.03,1,0
13360068,"awesome one-bedroom in the ues, manhattan",26928086,alice,manhattan,upper east side,40.77928,-73.94862,entire home/apt,140,2,6,2017-06-30,0.17,1,0
13362486,bedroom in park slope apartment,75828613,colin,brooklyn,park slope,40.67148,-73.97786,private room,40,3,2,2016-08-02,0.06,1,0
13370053,spacious creative waterfront loft,75915628,farrah,brooklyn,greenpoint,40.73431,-73.95928,entire home/apt,140,2,3,2016-12-21,0.08,1,0
13372860,cozy and simple bedstuy studio right by the train,16755566,ashton,brooklyn,bedford-stuyvesant,40.69076,-73.92886,entire home/apt,69,4,5,2016-11-23,0.13,1,0
13374738,beautifully sunlight harlem 2 bedroom apt,75968218,carole,manhattan,harlem,40.80151,-73.95346,private room,160,4,3,2016-08-04,0.08,1,0
13375936,private room in the heart of west harlem,33248485,wyatt,manhattan,harlem,40.80321,-73.9521,private room,85,1,9,2016-07-19,0.24,1,0
13376196,great location - whole apt - 1 bedroom,73734452,evan,manhattan,upper east side,40.762,-73.96045,entire home/apt,97,5,3,2017-06-16,0.08,1,0
13376767,sun-drenched corner apartment in east-williamsburg,279989,moenen,brooklyn,williamsburg,40.70489,-73.94112,entire home/apt,110,6,18,2019-06-15,0.52,1,0
13376886,large renovated studio - upper manhattan,71496163,landon,manhattan,east harlem,40.79747,-73.94106,entire home/apt,91,1,1,2016-06-17,0.03,1,0
13376891,super vibey hang,16836964,brendan,brooklyn,fort greene,40.68877,-73.97795,entire home/apt,150,2,1,2016-06-18,0.03,1,0
13376968,spacious luxury in the heart of the east village,8278179,will,manhattan,east village,40.72886,-73.98834,private room,80,1,4,2016-07-29,0.11,1,0
13377443,"big, airy room in beautiful apartment",76004481,sylvia,brooklyn,flatbush,40.65251,-73.96325,private room,60,4,1,2017-07-03,0.04,1,0
13377893,spacious room in bushwick,74339725,giselle,brooklyn,bushwick,40.69539,-73.9285,private room,55,7,7,2019-06-18,0.19,1,0
13378410,hamilton heights abode,68600221,victoria,manhattan,harlem,40.82429,-73.95225,private room,54,7,2,2017-06-18,0.05,1,0
13378438,private br + bathroom in brand new bk brownstone!,28283747,allison,brooklyn,bedford-stuyvesant,40.68235,-73.94686,private room,46,7,1,2016-07-31,0.03,1,0
13379511,charming brownstone in clinton hill,76037379,josh+emily,brooklyn,clinton hill,40.68594,-73.96293,entire home/apt,120,3,2,2016-11-28,0.05,1,0
13379688,harlem charmer,76040827,gregory,manhattan,harlem,40.80184,-73.95591,private room,67,1,8,2019-01-01,0.23,1,0
13386152,penthouse apartment. lots of sun and great views.,9782292,joshua,brooklyn,bedford-stuyvesant,40.68963,-73.95316,entire home/apt,250,2,3,2017-08-15,0.08,1,0
13386360,cozy - perfect location studio les,76103506,catalina,manhattan,lower east side,40.71962,-73.98241,entire home/apt,80,1,4,2016-07-03,0.11,1,0
13387453,"cute, clean studio in central harlem",23273780,rahel,manhattan,harlem,40.81619,-73.93798,entire home/apt,77,1,2,2016-07-06,0.05,1,0
13388929,sunny and spacious 3 bedroom apt in west village!,43433174,stephen,manhattan,west village,40.73426,-74.00236,entire home/apt,279,3,2,2016-09-05,0.05,1,0
13389756,spacious light palace in heart of williamsburg,6574489,jilly,brooklyn,williamsburg,40.71769,-73.95275,private room,95,2,9,2017-03-16,0.24,1,0
13392392,sunny apartment with private roof (east village),10032007,zachary,manhattan,east village,40.72591,-73.98917,entire home/apt,250,1,2,2016-10-12,0.05,1,0
13392646,prime beautiful brooklyn brownstone,76173252,victoria,brooklyn,carroll gardens,40.68132,-73.99757,entire home/apt,150,2,14,2017-11-25,0.38,1,0
13392941,private bedroom w/ queen bed in financial district,23335662,kyle,manhattan,financial district,40.70514,-74.00921,private room,85,1,3,2016-06-30,0.08,1,0
13395084,family getaway.,74789787,sabina,brooklyn,clinton hill,40.69558,-73.96872,private room,100,7,2,2016-08-13,0.06,1,0
13397762,"private oasis in sunnyside, queens",20167238,erika,queens,sunnyside,40.74272,-73.92347,entire home/apt,110,2,4,2017-07-27,0.11,1,0
13404021,"one bedroom is bushwick, near everything",76303329,ana,brooklyn,bushwick,40.69405,-73.91403,private room,40,1,1,2016-07-01,0.03,1,0
13405322,charming free standing wooded carriage house,76316036,tobias,brooklyn,crown heights,40.67587,-73.95467,entire home/apt,250,7,3,2017-10-02,0.13,1,0
13407328,spacious 1 bedroom apartment in prospect heights,23244570,nell,brooklyn,prospect heights,40.67318,-73.9655,entire home/apt,75,1,5,2016-06-28,0.13,1,0
13408765,upper east side getaway,51001469,taylor,manhattan,east harlem,40.78749,-73.9504,private room,70,1,4,2016-07-06,0.11,1,0
13409920,"simple, spacious studio with rooftop access",21573063,deena,brooklyn,bedford-stuyvesant,40.68547,-73.93209,entire home/apt,50,1,2,2016-06-27,0.05,1,0
13410276,quiet room + living room in the upper west side,544621,eduardo,manhattan,upper west side,40.78378,-73.97845,private room,85,2,4,2017-01-01,0.11,1,0
13410478,artsy studio / 1 bedroom in the heart of chelsea,43311385,john,manhattan,chelsea,40.74921,-74.00416,entire home/apt,275,3,1,2016-06-30,0.03,1,0
13411560,cozy and charming studio in uws,26676357,connie,manhattan,upper west side,40.77856,-73.98278,entire home/apt,150,7,2,2017-01-08,0.05,1,0
13411759,large 1 bedroom close to prospect park,76353208,jill,brooklyn,south slope,40.66018,-73.98074,entire home/apt,130,2,1,2016-06-25,0.03,1,0
13414523,beautiful bldg near columbia uni,76415404,omar,manhattan,upper west side,40.8021,-73.96629,private room,64,4,1,2016-06-16,0.03,1,0
13416582,super cozy studio- the heart of  upper west side,76443791,amine,manhattan,upper west side,40.77643,-73.98262,entire home/apt,140,3,12,2017-08-13,0.33,1,0
13416840,modern luxury apt in design centric building,65590212,andrew,brooklyn,downtown brooklyn,40.69805,-73.9846,entire home/apt,150,2,16,2016-11-16,0.43,1,0
13424996,breezy bushwick apartment with backyard,4392549,eleanor,brooklyn,bushwick,40.69507,-73.92081,entire home/apt,99,2,4,2016-07-25,0.11,1,0
13427044,ideal bushwick rental,25549474,ruby,brooklyn,bushwick,40.70298,-73.92203,private room,45,5,1,2016-07-08,0.03,1,0
13427702,cozy room for 2 in astoria!,11791633,neel,queens,ditmars steinway,40.77437,-73.91854,private room,65,1,1,2016-07-13,0.03,1,0
13433684,"cozy room w/ac, 2 blocks from l train",64440476,matt,brooklyn,williamsburg,40.70353,-73.9344,private room,55,2,7,2016-09-05,0.19,1,0
13433870,bright bedroom with views of city,31162653,laszlo,brooklyn,bushwick,40.7025,-73.92935,private room,95,2,3,2018-01-03,0.09,1,0
13434493,private trendy bushwick loft,74903132,cassidy,brooklyn,bushwick,40.69375,-73.92123,private room,41,3,2,2016-07-27,0.05,1,0
13437219,"cozy, private west harlem hamilton heights bedroom",3143680,andrew,manhattan,harlem,40.8259,-73.94962,private room,48,7,2,2017-03-24,0.06,1,0
13442932,modern and clean 1 bed w/small balcony,29834506,paul,brooklyn,greenpoint,40.7323,-73.95261,entire home/apt,150,2,3,2017-10-08,0.12,1,0
13443722,cosy 1 bdr in midtown west,76739836,alisa,manhattan,hell's kitchen,40.76425,-73.98654,private room,160,1,10,2017-04-16,0.27,1,0
13443794,"convenient, cozy, and cheap room in bushwick",60962117,sayre,brooklyn,bushwick,40.68846,-73.90847,private room,45,5,2,2016-06-24,0.05,1,0
13444902,private cosy room harlem,47073683,cam,manhattan,harlem,40.81591,-73.93995,private room,70,3,7,2016-10-10,0.19,1,0
13445027,large sunny bedroom in brooklyn loft,66786569,raphaëlle,brooklyn,williamsburg,40.70475,-73.93663,private room,62,2,5,2017-12-30,0.13,1,0
13445935,greenpoint oasis,30678610,joel,brooklyn,greenpoint,40.72673,-73.95406,entire home/apt,175,2,1,2016-07-25,0.03,1,0
13446050,"upper west side, manhattan, ny",13752584,raoul,manhattan,upper west side,40.80289,-73.96741,entire home/apt,125,6,2,2016-08-26,0.05,1,0
13446580,casually chic 2+bedroom townhouse,50477855,nancy and david,brooklyn,south slope,40.66378,-73.98621,entire home/apt,225,5,2,2016-10-10,0.05,1,0
13449748,rent my artist studio,13567212,justin,brooklyn,bushwick,40.69161,-73.90563,private room,70,3,5,2018-01-02,0.14,1,0
13451599,"bright, spacious 1 bedroom in the east village",14055452,jessica,manhattan,east village,40.72118,-73.98066,entire home/apt,130,2,1,2016-08-11,0.03,1,0
13451720,one bedroom near columbia university,44269461,xier,manhattan,upper west side,40.79936,-73.96105,private room,50,1,1,2016-06-10,0.03,1,0
13452799,small and cozy room in williamsburg 2-bedroom apt.,76849055,mikalena,brooklyn,williamsburg,40.70885,-73.95349,private room,50,1,3,2016-07-20,0.08,1,0
13460498,beautiful brownstone parlor floor apartment,76931387,kris,brooklyn,bedford-stuyvesant,40.68813,-73.95479,entire home/apt,130,2,16,2019-01-01,0.59,1,0
13461123,cozy brooklyn apartment in brownstone,406987,lau,brooklyn,bedford-stuyvesant,40.69261,-73.95069,entire home/apt,100,4,3,2016-09-23,0.08,1,0
13461718,"big, nicely decorated loft: great location & light",76940389,matthew,brooklyn,williamsburg,40.71855,-73.96359,private room,85,3,1,2016-06-26,0.03,1,0
13463768,"spacious, affordable 1br apartment in brooklyn",23121273,samantha,brooklyn,east flatbush,40.64286,-73.94839,entire home/apt,75,5,8,2019-04-10,0.22,1,0
13466084,welcome to my house,76998256,laye,manhattan,harlem,40.82289,-73.9511,entire home/apt,78,3,13,2016-08-15,0.35,1,0
13466168,like living in an art gallery.,12176919,panya,manhattan,financial district,40.70711,-74.01437,entire home/apt,234,2,4,2016-12-29,0.11,1,0
13467433,this is nyc-amazing bedroom at financial district,31373840,emma,manhattan,financial district,40.70706,-74.00442,private room,99,2,3,2016-07-11,0.08,1,0
13473267,sunny room in bushwick apartment,26517955,breiana,brooklyn,bushwick,40.70273,-73.92724,private room,50,5,1,2016-06-28,0.03,1,0
13476185,"1-bedroom in midtown west, close to everything",6041148,stephen,manhattan,hell's kitchen,40.76571,-73.99101,entire home/apt,137,3,2,2016-06-17,0.05,1,0
13477234,midtown luxurious 1 bedroom apt.,49939937,julie,manhattan,midtown,40.7531,-73.97158,entire home/apt,101,4,1,2016-07-06,0.03,1,0
13477359,clean bright room in spacious apt!,35824534,mary,manhattan,morningside heights,40.80728,-73.96634,private room,119,1,4,2016-09-25,0.11,1,0
13479302,sunny 1br in east village,35309931,eugene,manhattan,gramercy,40.73277,-73.98448,entire home/apt,170,4,9,2018-06-25,0.24,1,0
13479649,spacious 1br apartment with amazing views!,58639009,jerrel,manhattan,harlem,40.81134,-73.94044,entire home/apt,157,1,11,2016-08-01,0.29,1,0
13480134,cosy room with all confort,51329030,zakaria,bronx,longwood,40.82716,-73.89911,private room,30,1,11,2016-11-18,0.3,1,0
13480162,"williamsburg 2 bed/2 bath, close subway/waterfront",77162743,bryan,brooklyn,williamsburg,40.71147,-73.95896,entire home/apt,250,2,6,2016-09-11,0.16,1,0
13489132,"amazing flat, stunning views!!, perfect location",48201284,antoine,brooklyn,williamsburg,40.71026,-73.96841,entire home/apt,175,1,1,2016-07-08,0.03,1,0
13489234,cozy 1br in midtown manhattan,1455109,nina,manhattan,midtown,40.75823,-73.96453,entire home/apt,175,1,2,2016-06-23,0.05,1,0
13490397,beautiful brooklyn brownstone in park slope.,76008109,ivan and emily,brooklyn,south slope,40.66186,-73.98109,entire home/apt,129,5,1,2016-07-13,0.03,1,0
13490410,perfect 1bdrm -lincoln center,25410835,kylie,manhattan,upper west side,40.7728,-73.98737,entire home/apt,139,4,8,2018-10-23,0.23,1,0
13491040,gorgeous duplex apartment with a garden,5165518,ksenia,brooklyn,bedford-stuyvesant,40.691,-73.93032,entire home/apt,135,3,2,2016-08-01,0.06,1,0
13491064,modern and cozy apartment in the upper east side,37384607,pepa,manhattan,upper east side,40.77363,-73.95154,entire home/apt,90,1,3,2016-08-29,0.09,1,0
13492036,"beautiful 1 bedroom in astoria,queens",77325010,petros,queens,ditmars steinway,40.77231,-73.90793,entire home/apt,75,4,1,2016-07-31,0.03,1,0
13492449,[true 1br] heart of the west village,31489150,kelly,manhattan,west village,40.7332,-74.0039,entire home/apt,190,2,2,2016-09-17,0.05,1,0
13493430,"fully furnished, sunny 2br 1ba summer sublet!",3341869,erez,brooklyn,kensington,40.64328,-73.97506,entire home/apt,85,7,1,2016-08-14,0.03,1,0
13494825,large and lovely with lots of light,1777483,blake,brooklyn,bedford-stuyvesant,40.68881,-73.94991,private room,125,3,1,2016-10-09,0.03,1,0
13494898,modern 1br apartment amazing location in chelsea,77365697,adam,manhattan,chelsea,40.74032,-74.00265,entire home/apt,110,4,6,2017-09-15,0.16,1,0
13496176,spacious duplex w/ backyard in stuyvesant heights.,7697189,daniel,brooklyn,bedford-stuyvesant,40.68015,-73.9355,entire home/apt,160,2,3,2016-10-24,0.08,1,0
13496448,sunny apartment in lower east side (les),21604714,roxy,manhattan,lower east side,40.71934,-73.98172,private room,75,2,3,2018-05-20,0.08,1,0
13497362,modern high rise studio w/ amazing views (sublet),75310656,c.s.,brooklyn,fort greene,40.68921,-73.98038,entire home/apt,203,7,4,2017-04-27,0.13,1,0
13503536,"large, private room in bushwick",77076962,meghan,brooklyn,bushwick,40.70286,-73.92271,private room,50,2,6,2016-08-09,0.16,1,0
13506168,spacious beautiful 1 bdrm in gramercy,25912717,will,manhattan,gramercy,40.73813,-73.98213,entire home/apt,175,2,1,2016-06-26,0.03,1,0
13510154,cozy private room 2 blocks from central park,77514775,kyle,manhattan,harlem,40.8003,-73.95223,private room,80,2,15,2016-11-08,0.41,1,0
13511798,spacious bedroom in the heights,7385139,nicole,manhattan,washington heights,40.83702,-73.94199,private room,75,1,11,2017-01-02,0.3,1,0
13513353,bright bedroom in crown heights,1490202,jessica,brooklyn,crown heights,40.67664,-73.95814,private room,60,1,15,2016-09-17,0.41,1,0
13514387,spacious private br in chelsea,35590013,ryan,manhattan,chelsea,40.74675,-73.99555,private room,90,2,6,2016-10-16,0.16,1,0
13514940,private sunny south park slope 1-bedroom loft,77603717,howard,brooklyn,sunset park,40.66197,-73.98907,entire home/apt,100,1,14,2016-07-29,0.38,1,0
13519630,luminous 2 bedroom apartment in bushwick,1658443,nicholas,queens,ridgewood,40.7011,-73.90964,entire home/apt,100,5,1,2016-06-21,0.03,1,0
13523692,rare nyc loft in perfect location,16836897,hudson,manhattan,lower east side,40.71827,-73.98983,entire home/apt,180,4,13,2017-10-23,0.35,1,0
13525308,spacious brooklyn apt near f/g train,50995154,bev,brooklyn,kensington,40.64277,-73.9744,entire home/apt,95,2,11,2019-04-15,0.3,1,0
13526483,simple and beautiful apartment in flatbush,331223,stephen,brooklyn,flatbush,40.64684,-73.96068,entire home/apt,80,5,3,2018-07-27,0.08,1,0
13530958,basically your own apartment: cobble hill gem,3302537,marielle,brooklyn,cobble hill,40.68796,-73.99229,entire home/apt,120,1,2,2016-07-29,0.05,1,0
13532128,colorful 1 bedroom brooklyn apartment,3239574,miraya,brooklyn,bedford-stuyvesant,40.68501,-73.95904,entire home/apt,130,2,6,2016-12-11,0.18,1,0
13532253,crown heights oasis with private patio,2972691,llerone,brooklyn,crown heights,40.67275,-73.95169,entire home/apt,155,3,19,2018-05-18,0.53,1,0
13532366,chill private room in extremely convenient place,9540269,josh,manhattan,upper west side,40.76986,-73.98673,private room,90,1,1,2016-08-09,0.03,1,0
13532718,small private room in quiet manhattan apt,7917224,elizabeth,manhattan,harlem,40.82588,-73.9388,private room,36,4,2,2016-08-29,0.06,1,0
13532767,sunny les apt w/ luxury bed a/c views wifi & more,77811516,joel,manhattan,lower east side,40.71429,-73.98755,private room,59,2,14,2017-07-28,0.38,1,0
13542287,"large, sunny private bedroom in e. williamsburg",17860156,cheryn,brooklyn,williamsburg,40.7042,-73.94193,private room,60,1,3,2017-03-26,0.08,1,0
13542521,comfortable room in gay friendly apt in hk,77915011,joshua,manhattan,hell's kitchen,40.76806,-73.98672,private room,100,2,1,2016-06-26,0.03,1,0
13543160,"modern, elegant, private, two-bedroom",49966,sarah,brooklyn,bedford-stuyvesant,40.69068,-73.95465,entire home/apt,175,3,6,2018-04-08,0.17,1,0
13544874,private room in the heart of williamsburg!,21130844,fernando,brooklyn,williamsburg,40.7154,-73.95469,private room,76,2,7,2017-10-23,0.21,1,0
13544987,large open 1 bedroom apartment in murray hill,26064594,dori,manhattan,murray hill,40.74686,-73.97981,entire home/apt,200,3,1,2016-11-26,0.03,1,0
13546425,room in ground level brownstone with private yard,9501536,morgan,brooklyn,bedford-stuyvesant,40.6829,-73.93935,private room,60,2,2,2016-07-11,0.05,1,0
13547426,bay ridge beauty,68733807,tracey,brooklyn,fort hamilton,40.616,-74.02973,entire home/apt,80,3,6,2016-09-23,0.17,1,0
13548278,lovely & spacious entire apt- 18 mins to manhattan,12777561,philippia,queens,sunnyside,40.746,-73.91503,entire home/apt,125,1,2,2017-01-01,0.06,1,0
13548885,beautiful private room with balcony,25668027,austin,brooklyn,bedford-stuyvesant,40.69467,-73.93594,private room,56,7,1,2016-08-01,0.03,1,0
13549611,bright and cozy apt next to park,59575555,para,brooklyn,cypress hills,40.68144,-73.89416,entire home/apt,75,5,2,2016-08-15,0.06,1,0
13549750,luxury one bedroom apt near brooklyn bridge,32128412,ondina,brooklyn,vinegar hill,40.69904,-73.98496,entire home/apt,150,1,6,2017-06-02,0.16,1,0
13561961,"cozy, artistic room with lots of natural light",75658258,anne-marie,brooklyn,bedford-stuyvesant,40.68838,-73.9519,private room,34,2,1,2016-08-27,0.03,1,0
13563973,"visiting brooklyn, stay here!",41913683,aris,brooklyn,flatbush,40.65074,-73.96072,entire home/apt,115,3,4,2017-09-15,0.11,1,0
13565060,awesome modern williamsburg apt available,14017165,daniel,brooklyn,williamsburg,40.70744,-73.94485,private room,58,2,1,2016-06-27,0.03,1,0
13565111,spacious room in trendy & picturesque neighborhood,44867769,jessie,manhattan,harlem,40.82172,-73.94791,private room,81,1,19,2016-09-30,0.52,1,0
13571116,private room in large airy apartment,54797779,sofia,manhattan,harlem,40.82004,-73.95063,private room,40,2,3,2017-01-23,0.1,1,0
13572767,heart of williamsburg 2 bedroom sleeps 5,69541888,edward,brooklyn,williamsburg,40.71758,-73.95015,entire home/apt,250,1,1,2016-07-21,0.03,1,0
13573103,"private room in bushwick, brooklyn. backyard+roof!",78279322,cortland,brooklyn,bushwick,40.69092,-73.91546,private room,35,1,1,2016-07-05,0.03,1,0
13573310,private room in williamsburg/bushwick,78286572,brian,brooklyn,williamsburg,40.70559,-73.93552,private room,65,1,3,2017-05-29,0.08,1,0
13573790,"sunny, spacious apartment in prime williamsburg",78292517,chris,brooklyn,williamsburg,40.71578,-73.95879,entire home/apt,150,2,5,2019-03-20,0.14,1,0
13573828,"historic, modern brownstone bklyn duplex, backyard",9440328,laura,brooklyn,crown heights,40.67469,-73.94062,entire home/apt,270,5,9,2018-12-29,0.25,1,0
13575747,"one bedroom in astoria, queens - no hidden fees",19477508,vincent and jessica,queens,astoria,40.76626,-73.91835,entire home/apt,119,2,19,2019-05-31,0.52,1,0
13577416,comfy loft bed in sunny room with plants,23505542,sarah,brooklyn,sunset park,40.65562,-74.00295,private room,40,2,3,2016-10-19,0.08,1,0
13578125,whimsical greenpoint get away,71308956,anthony,brooklyn,greenpoint,40.72429,-73.94534,entire home/apt,125,3,1,2016-07-18,0.03,1,0
13585495,great room in amazing little italy location!,15960548,nathan,manhattan,little italy,40.71955,-73.99707,private room,110,2,1,2016-09-14,0.03,1,0
13586284,brooklyn 3br oasis + yard featured in apt therapy,1725907,jungwon,brooklyn,bedford-stuyvesant,40.68541,-73.92392,entire home/apt,195,3,4,2017-08-16,0.11,1,0
13587161,a quiet studio apartment in bedford-stuyvesant :),78461025,doreen,brooklyn,bedford-stuyvesant,40.69123,-73.93599,private room,120,2,21,2019-01-01,0.59,1,0
13589297,brightly lit charming 1 bed,77990284,mariam,manhattan,upper west side,40.79394,-73.97665,private room,89,3,1,2016-07-02,0.03,1,0
13589415,cozy studio with huge private terrace and grill,21283171,valeryia,manhattan,east harlem,40.78706,-73.94798,entire home/apt,140,1,6,2018-01-17,0.18,1,0
13590391,cute 1 bd (can sleep up to 4) in the gorg uws!,78507411,mel and laurie,manhattan,upper west side,40.79671,-73.9712,entire home/apt,145,3,4,2017-01-01,0.11,1,0
13591611,eclectic charm in the east village,4523651,rick,manhattan,east village,40.72552,-73.97879,entire home/apt,165,2,13,2018-11-27,0.35,1,0
13597896,"private bedroom in 2 bedroom, 2 bath- apartment",37425564,joshua,brooklyn,midwood,40.6271,-73.97182,private room,40,3,3,2017-07-30,0.09,1,0
13604794,quiet room in central harlem,27123110,angel,manhattan,harlem,40.80372,-73.95036,private room,65,3,2,2018-08-23,0.18,1,0
13605171,"bright, quiet room in 2br close to park/trains.",14751888,mary,manhattan,upper west side,40.78697,-73.97351,private room,79,2,6,2017-08-15,0.16,1,0
13613052,cute apt in the heart of chelsea,25596158,ashlee,manhattan,chelsea,40.74366,-74.0005,private room,70,1,2,2016-07-28,0.06,1,0
13613919,"sunny, kid friendly apt in carroll gardens",40869788,dominique,brooklyn,carroll gardens,40.68354,-74.00139,entire home/apt,140,1,4,2018-09-30,0.17,1,0
13614923,gorgeous zen home at crossroads of nolita and soho,305207,lauren,manhattan,soho,40.7205,-73.9986,entire home/apt,259,2,3,2016-08-01,0.08,1,0
13615840,ues studio walking distance to central park,78832817,heather,manhattan,upper east side,40.76873,-73.95464,entire home/apt,113,7,1,2016-08-29,0.03,1,0
13617449,morningside heights: comfy and cozy 1 br,32219748,jacqueline,manhattan,morningside heights,40.81005,-73.9572,entire home/apt,105,5,2,2016-08-29,0.06,1,0
13622056,luxury for less in downtown manhattan,40425220,lauren,manhattan,battery park city,40.71617,-74.01468,private room,225,1,1,2016-11-05,0.03,1,0
13622454,"large 1 bed/1 bath by central park, hunter college",78912246,priya,manhattan,upper east side,40.76711,-73.96177,entire home/apt,199,1,3,2016-10-01,0.09,1,0
13622777,sunny bedroom in bedstuy,68760676,gina,brooklyn,bedford-stuyvesant,40.68188,-73.91507,private room,44,1,1,2016-08-01,0.03,1,0
13623182,"spacious, airy room in williamsburg",7571391,aidan,brooklyn,williamsburg,40.71673,-73.94832,private room,100,5,1,2016-08-01,0.03,1,0
13623275,"sunny, spacious, greenpoint 1 bed apt",43125231,freddy,brooklyn,greenpoint,40.7354,-73.95706,entire home/apt,120,3,4,2017-09-21,0.12,1,0
13623618,lovely room close to subway in beautiful astoria!,39375487,suzanne,queens,long island city,40.75353,-73.9289,private room,80,2,16,2018-12-09,0.49,1,0
13623671,sunny room in hip bushwick,26500909,sarah,brooklyn,bushwick,40.70347,-73.92764,private room,60,2,1,2016-06-27,0.03,1,0
13625381,the perfect spot in bushwhick,9320995,jessie,brooklyn,bushwick,40.7035,-73.92912,private room,35,3,1,2018-01-01,0.05,1,0
13627991,private room in a huge apartment (east village),2080047,lawrence,manhattan,east village,40.72392,-73.98719,private room,70,3,2,2017-09-30,0.09,1,0
13632649,charming vinegar hill 1-bedroom apt w/ backyard,50210611,ali,brooklyn,vinegar hill,40.7041,-73.98089,entire home/apt,135,6,1,2016-07-24,0.03,1,0
13632841,"heart of astor place, 1 bedroom apt, doorman bldg",11686214,jessica,manhattan,east village,40.73055,-73.99146,entire home/apt,128,3,3,2016-08-28,0.08,1,0
13633400,2 bedroom modern condo,4372467,lana,brooklyn,boerum hill,40.68882,-73.98911,entire home/apt,170,5,2,2016-12-25,0.06,1,0
13633468,chill in alphabet city,27379154,elizabeth,manhattan,east village,40.72248,-73.98316,private room,85,3,4,2016-11-28,0.11,1,0
13634292,"positive and spacious bedroom in sunnyside, queens",12722812,dominic,queens,sunnyside,40.73846,-73.92273,private room,60,4,6,2017-09-04,0.17,1,0
13638026,large 1 bed apt in heart of williamsburg,3695865,jessica,brooklyn,williamsburg,40.71911,-73.95828,entire home/apt,200,2,3,2016-10-30,0.08,1,0
13640120,perfect prospect park pad,16696505,charles,brooklyn,south slope,40.6638,-73.97935,entire home/apt,180,5,2,2017-07-01,0.07,1,0
13642073,bright spacious brooklyn apartment near pratt,1316648,savannah,brooklyn,bedford-stuyvesant,40.69119,-73.9601,entire home/apt,110,4,7,2019-04-23,0.2,1,0
13642568,luxe & spacious williamsburg studio,79167228,nate,brooklyn,williamsburg,40.71666,-73.95447,entire home/apt,105,5,11,2018-08-06,0.3,1,0
13649713,"lovely, sunny studio near central park in uws",45381744,tatenda,manhattan,upper west side,40.79759,-73.96544,entire home/apt,165,1,3,2016-07-19,0.08,1,0
13650422,convenient financial district studio,2486611,jem,manhattan,financial district,40.70884,-74.00754,entire home/apt,130,2,15,2018-05-31,0.42,1,0
13651173,spacious and cozy lower east side bedroom,79268929,paulina,manhattan,east village,40.72383,-73.9839,private room,130,1,4,2016-07-05,0.11,1,0
13651250,classic gramercy studio,35857384,susan,manhattan,gramercy,40.73536,-73.98433,entire home/apt,145,7,7,2017-11-05,0.23,1,0
13653343,cozy harlem haven,299090,t,manhattan,east harlem,40.80767,-73.93913,entire home/apt,99,2,7,2019-01-06,0.2,1,0
13654429,big west harlem/hamilton heights apt!,4622157,katie,manhattan,harlem,40.82438,-73.9502,entire home/apt,129,4,4,2017-12-08,0.11,1,0
13655779,studio 1br in the heart of east village,5369934,kacie,manhattan,east village,40.72857,-73.9854,entire home/apt,198,3,5,2019-03-20,0.22,1,0
13656752,"spacious 1 bedroom in vibrant harlem, manhattan",4278354,demarius,manhattan,harlem,40.80927,-73.9427,private room,61,1,4,2017-10-09,0.11,1,0
13656902,cozy 1 bedroom apartment with back patio,79340962,ron,queens,astoria,40.76923,-73.91835,entire home/apt,90,1,2,2016-08-06,0.05,1,0
13657030,convenient room in manhattan close to central park,31252117,weipeng,manhattan,harlem,40.80131,-73.9579,private room,45,7,2,2016-07-30,0.06,1,0
13657515,private room in beautiful crown heights,29342746,tanisha,brooklyn,crown heights,40.67477,-73.95313,private room,60,2,1,2018-05-27,0.07,1,0
13658407,spacious sunlit 1 bedroom williamsburg apt,26929394,sushil,brooklyn,williamsburg,40.71503,-73.94733,entire home/apt,125,3,2,2017-07-17,0.08,1,0
13659004,"sunlit, cozy bedroom in bushwick:: needs owner!",79373292,yenmin,brooklyn,bushwick,40.68392,-73.90654,private room,35,6,2,2016-08-23,0.06,1,0
13662692,lovely 1bed apt (uws) next to 72nd st. subway & cp,79231531,nimmi,manhattan,upper west side,40.77778,-73.97795,entire home/apt,200,4,1,2016-09-13,0.03,1,0
13666116,private room in morningside heights,79459633,andrew,manhattan,morningside heights,40.80442,-73.96362,private room,90,2,8,2017-09-11,0.22,1,0
13667835,beautiful cozy  apartment upper east side,79479983,paula,manhattan,upper east side,40.78137,-73.95176,entire home/apt,150,2,1,2016-08-13,0.03,1,0
13668127,private room in sunny greenwich village apt.,6214982,amy,manhattan,greenwich village,40.72948,-74.00153,private room,115,2,4,2017-01-03,0.11,1,0
13668573,private modern room in williamsburg,56044722,simon,brooklyn,williamsburg,40.70922,-73.94722,private room,75,2,1,2016-07-19,0.03,1,0
13668941,hamilton heights apartment,79492070,reylyn,manhattan,harlem,40.82022,-73.95358,entire home/apt,125,1,7,2016-08-28,0.19,1,0
13669613,spacious east village 2 bedroom with living room.,79501489,christopher,manhattan,east village,40.73172,-73.9846,entire home/apt,177,1,2,2016-06-29,0.05,1,0
13670094,spacious 1 bedroom near central park.,2637013,mickey,manhattan,east harlem,40.79878,-73.94495,entire home/apt,102,4,15,2017-08-15,0.42,1,0
13670109,cute studio in the heart of east village !,59938558,thomas,manhattan,east village,40.72735,-73.98739,entire home/apt,120,3,4,2016-10-09,0.11,1,0
13670376,bright and spacious 1 br,79510521,nina,manhattan,murray hill,40.74327,-73.97202,entire home/apt,155,5,2,2016-07-28,0.05,1,0
13671936,playful room in techie loft,9371652,albert,brooklyn,williamsburg,40.70704,-73.93763,private room,50,2,1,2017-05-27,0.04,1,0
13673459,"cozy, chic and convenient one bedroom apt",79547468,vanessa,manhattan,east harlem,40.79758,-73.94518,entire home/apt,125,6,2,2016-12-31,0.06,1,0
13675000,williamsburg chill haus,11279326,ivan,brooklyn,williamsburg,40.70735,-73.95012,private room,150,3,2,2016-09-10,0.06,1,0
13679698,private bedroom close to subway and central park,23088190,florence,manhattan,morningside heights,40.80364,-73.96541,private room,69,3,1,2016-07-08,0.03,1,0
13682508,"sun filled, luxury 1br with pool, gym, roof deck!",13030891,robert,brooklyn,fort greene,40.69595,-73.98173,entire home/apt,190,1,3,2016-09-19,0.09,1,0
13686022,quiet bedroom in a shared apt at the center of bk.,57628579,alexander,brooklyn,gowanus,40.68078,-73.984,private room,64,2,2,2016-07-25,0.06,1,0
13687101,private room in a hip neighborhood,79725282,izzi,manhattan,upper east side,40.76601,-73.95814,private room,79,1,3,2016-07-28,0.08,1,0
13687180,clean comfy room in clinton hill,27473592,sam,brooklyn,clinton hill,40.68297,-73.96115,entire home/apt,75,1,2,2016-08-09,0.05,1,0
13688249,modern loft in great neighborhood,79743216,stepha,brooklyn,bushwick,40.70416,-73.9211,entire home/apt,100,5,2,2016-07-31,0.06,1,0
13688739,comfy cave inn,79752355,eduardo,bronx,fordham,40.85859,-73.89571,entire home/apt,65,1,9,2017-09-02,0.25,1,0
13694692,queens size bed in a safe & spacious bedroom,21325944,xi,manhattan,harlem,40.81932,-73.95761,private room,50,2,16,2019-06-28,0.46,1,0
13695031,beautiful chelsea apartment with many amenties,52237758,lara,manhattan,chelsea,40.74075,-73.99567,entire home/apt,155,2,1,2016-06-27,0.03,1,0
13696003,"beautiful, well-lit pre-war apt",3792661,ben,manhattan,morningside heights,40.80974,-73.96034,private room,90,7,4,2017-12-17,0.12,1,0
13698019,"roof deck, grill & private room! live like a local",24341064,dori,brooklyn,sunset park,40.66131,-73.99563,private room,90,2,16,2016-11-07,0.44,1,0
13698284,true 1 bedroom apt in manhattan's lower east side,7147901,sabrina,manhattan,lower east side,40.71526,-73.98484,entire home/apt,118,1,6,2016-09-24,0.16,1,0
13698623,melrose place...,33862021,victor,bronx,melrose,40.82296,-73.91429,private room,42,2,2,2016-10-24,0.06,1,0
13698789,room overlooking hudson river in a big apartment,57123462,sava,manhattan,harlem,40.82717,-73.95249,private room,57,5,4,2017-05-24,0.11,1,0
13699008,warm sun bathed loft apartment in greenpoint.,74310552,jordan,brooklyn,greenpoint,40.73461,-73.95724,entire home/apt,150,4,3,2019-02-10,0.24,1,0
13700820,private room with queen-size bed,3856352,bryan,manhattan,east harlem,40.7974,-73.9354,private room,40,4,14,2018-11-27,0.41,1,0
13707813,"harlem apt, along 1 train",79546891,brigitte,manhattan,harlem,40.82,-73.95331,private room,59,4,8,2018-07-16,0.26,1,0
13711038,beautiful room in williamsburg (roebling and n7),62149112,sam,brooklyn,williamsburg,40.71576,-73.95576,private room,65,1,3,2017-08-19,0.11,1,0
13711439,air-conditioned 2br w stunning view,80068221,scott,brooklyn,sunset park,40.66448,-73.99407,entire home/apt,130,2,3,2016-08-06,0.08,1,0
13712179,brooklyn heights retreat,45924792,liz,brooklyn,brooklyn heights,40.69027,-73.99418,entire home/apt,111,4,2,2016-07-21,0.05,1,0
13712266,large private sun drenched bedroom in ridgewood,69001602,eugene,queens,ridgewood,40.70605,-73.89928,private room,48,2,6,2018-05-13,0.17,1,0
13714244,cozy little italy apartment,80107649,haley,manhattan,lower east side,40.7188,-73.99458,private room,99,3,10,2017-01-01,0.28,1,0
13714531,huge 2 bed/2 bath in the heart of clinton hill!,19094327,amy,brooklyn,clinton hill,40.68141,-73.96268,entire home/apt,225,1,3,2016-08-25,0.08,1,0
13715661,"2 br, 2 ba penthouse w 2 private decks",32928497,jennifer,brooklyn,fort greene,40.69503,-73.97286,entire home/apt,175,3,5,2017-09-05,0.14,1,0
13715798,1 clean room in 2br apt manhattan,19572312,alejandra,manhattan,east village,40.72695,-73.98546,private room,120,1,2,2016-07-25,0.06,1,0
13715977,cozy room in central harlem. lively neighborhood.,60812510,lisa,manhattan,harlem,40.81818,-73.93905,private room,49,1,12,2017-08-24,0.33,1,0
13722149,1 bed room apt in nyc near empire state building,8327308,faisal,manhattan,midtown,40.74754,-73.98309,entire home/apt,119,7,1,2016-08-01,0.03,1,0
13725208,private room in manhattan's lower east side,64571012,sarah,manhattan,lower east side,40.72009,-73.98631,private room,50,2,1,2016-07-16,0.03,1,0
13725947,"large bedroom, with sunny deck  backyard.",2352388,mas,brooklyn,crown heights,40.67992,-73.95902,private room,80,1,22,2018-12-16,0.6,1,0
13725995,full 1-bedroom in a picturesque brownstone,3571172,hugh,manhattan,harlem,40.81251,-73.94524,entire home/apt,95,1,2,2016-07-25,0.06,1,0
13727297,beautiful 2 bedroom apartment in the west village,7689009,amanda,manhattan,west village,40.73208,-74.00784,entire home/apt,225,2,1,2016-09-10,0.03,1,0
13727995,large bedroom in bushwick,579391,yuan,brooklyn,bushwick,40.70091,-73.93809,private room,65,2,12,2018-10-02,0.34,1,0
13728712,charming brick brownstone (2nd floor),2026554,maggie,brooklyn,bushwick,40.70173,-73.91504,entire home/apt,89,3,14,2018-11-17,0.39,1,0
13729934,sunny one bedroom brownstone apt by central park,3564306,josh,manhattan,upper west side,40.78829,-73.9701,entire home/apt,200,1,17,2016-12-31,0.47,1,0
13730254,east village sunny studio,30708411,ramses,manhattan,east village,40.73183,-73.98513,entire home/apt,129,4,7,2018-08-27,0.31,1,0
13731019,huge room in penthouse apartment (upper west side),80320245,samantha,manhattan,upper west side,40.77841,-73.98028,private room,92,1,4,2017-03-25,0.11,1,0
13731898,artist's house 3 blocks from l train,149833,joy and mike,brooklyn,bushwick,40.70335,-73.91583,entire home/apt,120,3,2,2016-08-22,0.06,1,0
13733309,upper west side apartment with balcony,60002757,alex,manhattan,upper west side,40.7921,-73.97031,entire home/apt,85,2,3,2016-07-26,0.08,1,0
13733733,private room in renovated brooklyn apartment,9111709,eric,brooklyn,flatbush,40.63964,-73.95629,private room,55,1,11,2017-06-08,0.31,1,0
13734035,one br east village apt close to all things good!,50204678,euni,manhattan,east village,40.72753,-73.97825,entire home/apt,250,2,3,2017-09-03,0.08,1,0
13734814,clean lines rule: modern and spacious and orange,16725289,sue,brooklyn,windsor terrace,40.64785,-73.97595,entire home/apt,150,2,1,2018-06-30,0.08,1,0
13739108,luxury 1 bedroom apt. downtown brooklyn/dumbo,44941423,bryan,brooklyn,downtown brooklyn,40.69751,-73.98454,entire home/apt,121,5,4,2017-08-09,0.12,1,0
13744371,an architect's room in brooklyn,33381088,dana,brooklyn,bedford-stuyvesant,40.69218,-73.94678,private room,49,3,2,2016-08-02,0.06,1,0
13744765,large family loft in the best chelsea location,42782892,masha,manhattan,chelsea,40.74107,-73.99595,entire home/apt,250,5,4,2019-01-02,0.11,1,0
13744807,cooper square top-floor duplex with terrace,438572,adrian,manhattan,east village,40.7281,-73.99067,entire home/apt,250,2,3,2016-08-15,0.08,1,0
13745898,your own sunny apartment,2495361,jillian,manhattan,two bridges,40.71274,-73.99662,entire home/apt,124,3,1,2016-07-26,0.03,1,0
13746257,prime north williamsburg luxury studio,80501262,raquel,brooklyn,williamsburg,40.718,-73.9525,entire home/apt,175,2,9,2018-12-30,0.29,1,0
13748546,bright & light chelsea one bedroom,80315972,meghan,manhattan,chelsea,40.74361,-73.99885,entire home/apt,210,2,1,2016-07-14,0.03,1,0
13748851,perfect studio facing quiet garden - east village,80534927,claire,manhattan,east village,40.72778,-73.98335,entire home/apt,125,2,3,2016-10-15,0.08,1,0
13750770,two bed apt w/ private patio in prime eastvillage,58208399,brett,manhattan,east village,40.72576,-73.98691,entire home/apt,200,2,11,2018-08-12,0.3,1,0
13751992,spacious and charming living room in brooklyn ;),16951458,inna,brooklyn,midwood,40.61978,-73.95605,shared room,50,1,16,2017-08-15,0.46,1,0
13752982,two bedroom on the upper east side,80593607,theodore,manhattan,upper east side,40.77788,-73.95615,entire home/apt,105,1,3,2016-08-23,0.08,1,0
13757845,centrally located one bedroom apt,5514044,garron,manhattan,chelsea,40.73942,-74.00065,entire home/apt,199,2,1,2016-09-16,0.03,1,0
13762234,lovely 1br on the upper east side,9251010,marina,manhattan,upper east side,40.7732,-73.95173,entire home/apt,175,2,8,2016-12-12,0.23,1,0
13762667,"east village, tompkins park, private rm + bathroom",1003394,deep,manhattan,east village,40.7294,-73.98021,private room,110,4,12,2017-05-21,0.33,1,0
13763369,bedroom available  with closet space,43688213,ryan,queens,astoria,40.76736,-73.91462,private room,50,5,3,2017-07-25,0.08,1,0
13764238,space & light 3 blocks from union square,80721470,alexandre,manhattan,gramercy,40.73491,-73.984,private room,75,2,1,2016-07-26,0.03,1,0
13765146,private room one block north of central park,45543753,jonathan,manhattan,harlem,40.80046,-73.95509,private room,70,1,8,2016-08-01,0.22,1,0
13768719,cosy flat west village,5950785,xavier,manhattan,west village,40.73316,-74.00183,entire home/apt,230,2,9,2018-05-12,0.25,1,0
13769222,cozy room in artsy bushwick home,80780369,lauren,queens,ridgewood,40.71118,-73.9151,private room,35,1,2,2016-08-16,0.06,1,0
13769969,private bedroom with great views,24054404,sahul,brooklyn,greenpoint,40.72249,-73.94776,private room,50,5,3,2017-03-08,0.08,1,0
13770179,cozy private masterroom 2 blocks from central park,80794677,yi,manhattan,upper west side,40.79938,-73.96235,private room,48,1,4,2016-08-25,0.11,1,0
13771435,friendly upper west side apartment,2025836,anna,manhattan,upper west side,40.78176,-73.97822,entire home/apt,150,1,2,2016-07-29,0.06,1,0
13782517,cozy room in the lovely neighborhood of bed stuy,75442218,loreto,brooklyn,bedford-stuyvesant,40.68155,-73.93639,private room,45,3,6,2017-12-10,0.18,1,0
13782654,large master bedroom one block from prospect park,819636,matt,brooklyn,prospect heights,40.67575,-73.96546,private room,102,1,5,2016-09-06,0.14,1,0
13784458,amazing 1bd in harlem,10411030,frances,manhattan,east harlem,40.79921,-73.94749,entire home/apt,155,6,7,2018-07-01,0.21,1,0
13785938,cozy one bedroom near fort tryon park,15197019,kate,manhattan,inwood,40.86082,-73.92585,entire home/apt,95,2,2,2016-08-15,0.06,1,0
13794822,cozy room in 2br apartment - greenpoint,5574626,jana,brooklyn,greenpoint,40.72325,-73.9432,private room,59,4,1,2016-08-02,0.03,1,0
13796187,cozy room in uws,3290750,sara,manhattan,upper west side,40.80078,-73.9641,private room,60,4,11,2017-05-22,0.3,1,0
13798188,private bedroom for the weekend,17153180,ade,brooklyn,east new york,40.66337,-73.89806,private room,50,1,1,2016-07-06,0.03,1,0
13798719,cool apartment in williamsburg,23291979,adam,brooklyn,williamsburg,40.71515,-73.93706,entire home/apt,150,3,2,2016-07-31,0.06,1,0
13800652,room on a quiet tree-lined block of manhattan,45992029,sarah,manhattan,harlem,40.82225,-73.94549,private room,55,1,3,2016-07-13,0.08,1,0
13802334,bright chic room in clinton hill,35775878,lisa,brooklyn,clinton hill,40.68366,-73.96563,private room,65,7,10,2017-12-10,0.28,1,0
13802521,"very clean, comfortable room available",26022066,yakup,brooklyn,midwood,40.61295,-73.95366,private room,50,1,10,2019-04-28,0.3,1,0
13803517,"large, cozy 'n sweet",80770467,tavish,brooklyn,bushwick,40.69306,-73.92106,private room,40,4,1,2016-10-05,0.03,1,0
13805038,modern williamsburg duplex near all the action,8539684,robert,brooklyn,williamsburg,40.70875,-73.9467,entire home/apt,250,4,10,2017-03-05,0.27,1,0
13811490,spacious 1br apartment in elevator building,80040018,azoil,brooklyn,east flatbush,40.65192,-73.95243,entire home/apt,76,7,1,2016-09-01,0.03,1,0
13811866,cozy 1br in murray hill,79086338,enrique,manhattan,kips bay,40.74077,-73.98245,private room,70,1,1,2016-07-25,0.03,1,0
13816362,cozy modern private bedroom hell's kitchen,19247677,abby,manhattan,hell's kitchen,40.76518,-73.98406,private room,80,3,1,2017-01-13,0.03,1,0
13822434,private room in hamilton heights,14078461,emma,manhattan,harlem,40.82421,-73.95426,private room,40,7,1,2016-08-02,0.03,1,0
13824675,cozy 1 br apt in brownstone brooklyn,7248303,ben,brooklyn,cobble hill,40.68789,-73.99426,entire home/apt,140,5,8,2018-06-29,0.22,1,0
13839238,sunny room in modern building located in bedstuy,252059,david,brooklyn,bedford-stuyvesant,40.69181,-73.94312,private room,60,5,3,2016-10-17,0.08,1,0
13841625,large bedroom brooklyn,23813425,chaima,brooklyn,bedford-stuyvesant,40.68014,-73.94513,private room,45,1,1,2016-08-30,0.03,1,0
13843270,new upper east side studio,28497808,emilie,manhattan,upper east side,40.77758,-73.94642,entire home/apt,130,4,5,2016-12-22,0.15,1,0
13843681,convienent entire upper manhattan apartment,81706032,terry,manhattan,washington heights,40.83484,-73.94009,entire home/apt,95,4,3,2018-10-03,0.09,1,0
13848199,bright room in spacious bright apartment,4942658,michael,manhattan,harlem,40.82508,-73.93884,private room,70,1,14,2016-10-14,0.38,1,0
13855164,spacious 2br fort greene apartment with yard!,11884239,nellie,brooklyn,fort greene,40.69153,-73.97078,entire home/apt,150,7,2,2016-08-22,0.06,1,0
13856320,spacious one bedroom steps from prospect park,2737854,amy,brooklyn,windsor terrace,40.65024,-73.9737,entire home/apt,105,2,1,2016-09-22,0.03,1,0
13856810,cute studio in the heart of east village,81859848,shivani,manhattan,east village,40.72783,-73.98904,entire home/apt,150,3,5,2017-04-16,0.14,1,0
13862377,sunny and cozy stuy heights 1br,2436411,christina,brooklyn,bedford-stuyvesant,40.68278,-73.93427,entire home/apt,120,2,2,2016-09-25,0.06,1,0
13862929,spacious 1 bd in williamsburg next to l train,23396858,jesse,brooklyn,williamsburg,40.71256,-73.94505,entire home/apt,125,1,3,2016-09-18,0.09,1,0
13864224,spacious artist's loft/apartment,74011703,stephanie,manhattan,financial district,40.71069,-74.00751,entire home/apt,200,3,6,2016-10-14,0.16,1,0
13864653,spacious & quiet bedroom w/ private bathroom,1905137,ryan,brooklyn,greenpoint,40.7317,-73.95473,private room,100,2,8,2016-11-16,0.23,1,0
13866112,sanctuary steps from the heart of downtown,4317379,b,manhattan,east village,40.72394,-73.98872,entire home/apt,165,2,3,2017-12-09,0.08,1,0
13866269,light filled private bedroom in bed stuy's best.,7027982,scott,brooklyn,bedford-stuyvesant,40.68637,-73.94477,private room,75,2,6,2016-12-14,0.17,1,0
13867104,light-filled williamsburg loft,171250,benjamin,brooklyn,williamsburg,40.71725,-73.95541,private room,155,4,3,2016-12-11,0.09,1,0
13867110,"comfort first, in williamsburg",50410819,irma,brooklyn,williamsburg,40.7099,-73.95779,entire home/apt,144,2,14,2016-12-15,0.39,1,0
13868137,female only,65846751,luqian,brooklyn,sunset park,40.64025,-74.01735,private room,25,4,2,2016-08-10,0.06,1,0
13878195,beautiful harlem doorman bldg. one bedroom apt.,54060270,maisha,manhattan,harlem,40.81691,-73.94835,entire home/apt,100,3,2,2016-08-14,0.06,1,0
13882858,serene and spacious sunnyside retreat,80686298,dean,queens,sunnyside,40.74498,-73.91385,entire home/apt,99,2,2,2016-07-27,0.06,1,0
13883249,west village - location location location!,48852712,eric,manhattan,west village,40.73756,-73.99858,entire home/apt,147,3,6,2016-12-26,0.17,1,0
13884253,private sunny bedroom in a modern 2 bedroom co-op,48421955,lori,brooklyn,kensington,40.64498,-73.98191,private room,46,1,19,2018-01-02,0.56,1,0
13885982,the bushwick museum,11841497,amanda,brooklyn,bushwick,40.70112,-73.93086,private room,55,1,3,2016-07-29,0.08,1,0
13889399,great 3 bedroom apt  near manhatthen,75919970,scott,queens,ditmars steinway,40.77415,-73.91695,entire home/apt,125,1,1,2016-07-25,0.03,1,0
13891670,"cozy room, easy trip to manhattan & north brooklyn",22861607,emmie,brooklyn,bedford-stuyvesant,40.68374,-73.95012,private room,41,1,1,2016-08-09,0.03,1,0
13893861,light-filled full apt near cloisters and parks,82302838,jacob,manhattan,inwood,40.86118,-73.92758,entire home/apt,89,3,6,2017-03-07,0.18,1,0
13895437,bushwick basement large room with half bath,2776152,jessica,brooklyn,bushwick,40.69904,-73.91792,private room,38,1,3,2016-09-19,0.08,1,0
13896200,huge new industrial williamsburg apartment,6000480,douglas,brooklyn,williamsburg,40.71741,-73.93487,entire home/apt,220,4,4,2017-10-31,0.11,1,0
13899190,east village one bedroom,15099636,natalie,manhattan,east village,40.72611,-73.97905,entire home/apt,120,1,3,2016-07-25,0.08,1,0
13899934,light-filled apt offering private bedroom & bath,7262145,colin,manhattan,upper east side,40.78245,-73.94686,private room,99,1,1,2016-07-31,0.03,1,0
13900712,homey 1br close to us open,63097027,j.a.,queens,jackson heights,40.75145,-73.88946,entire home/apt,150,3,4,2017-09-15,0.12,1,0
13902088,peaceful and spacious master bedroom,82412007,janet,manhattan,gramercy,40.73517,-73.98176,private room,120,2,3,2017-11-25,0.14,1,0
13907872,amazing one bedroom apartment with private patio,60922011,julien,brooklyn,williamsburg,40.70842,-73.95437,entire home/apt,120,1,21,2017-10-10,0.58,1,0
13911123,1 bedroom in 3 bedroom/2bath bushwick apt.,82512085,hattie,brooklyn,bushwick,40.68987,-73.91548,private room,35,1,1,2016-08-10,0.03,1,0
13911206,bright apartment across from riverside park,359424,tal,manhattan,morningside heights,40.80734,-73.9673,entire home/apt,250,3,1,2016-08-15,0.03,1,0
13911729,peaceful retreat with garden in brooklyn heights,70834,andy,brooklyn,brooklyn heights,40.69389,-73.99586,entire home/apt,215,3,4,2019-05-19,0.31,1,0
13914226,classic brownstone drenched with light,8812035,claudia,brooklyn,clinton hill,40.69244,-73.96501,entire home/apt,130,7,1,2016-08-04,0.03,1,0
13914237,apt in heart of nyc with ac !,6338590,dashiell,manhattan,upper west side,40.78173,-73.98601,entire home/apt,70,2,7,2017-01-03,0.19,1,0
13915004,"sunlit, spacious ny apartment",7177483,dani,manhattan,harlem,40.8038,-73.95569,entire home/apt,250,3,10,2019-01-01,0.28,1,0
13915699,good deal! large clean and stylish 1bedroom!,1279152,alison,brooklyn,midwood,40.62803,-73.9675,entire home/apt,75,3,6,2018-12-31,0.17,1,0
13920697,brownstone apt in bklyn w/ gorgeous natural light,29513490,whitney,brooklyn,bedford-stuyvesant,40.6837,-73.93325,entire home/apt,125,2,4,2017-01-02,0.12,1,0
13921768,"convenient,clean,roomy apt in wahi",18177436,joanna,manhattan,washington heights,40.84156,-73.93884,private room,45,2,3,2016-07-31,0.08,1,0
13923165,cozy private bedroom in uptown manhattan,69376422,abbey,manhattan,washington heights,40.84198,-73.93816,private room,40,2,1,2016-07-26,0.03,1,0
13926341,gorgeous 1bdr in lower east side,1961818,anais,manhattan,lower east side,40.7194,-73.992,entire home/apt,140,7,1,2016-09-14,0.03,1,0
13926549,beautiful 1 bedroom 2 blocks from central park,82719112,adam,manhattan,upper west side,40.78296,-73.97743,entire home/apt,250,1,1,2016-08-14,0.03,1,0
13927922,gorgeous and cosy studio in astoria!,82740389,vanessa,queens,ditmars steinway,40.78028,-73.91477,entire home/apt,90,3,5,2016-09-18,0.14,1,0
13928461,charismatic flat in astoria,24678224,stephanie,queens,astoria,40.76482,-73.91996,private room,100,3,11,2019-01-01,0.32,1,0
13935360,bright & sunny 2-bedroom in hamilton heights,80560845,shelley,manhattan,harlem,40.83136,-73.94843,entire home/apt,100,4,4,2017-08-05,0.11,1,0
13937701,entire spacious artist apartment,36438456,marco,manhattan,washington heights,40.83625,-73.93915,entire home/apt,140,2,10,2017-08-03,0.28,1,0
13937820,huge private room in williamsburg/buschwick!!,33902900,cristina,brooklyn,williamsburg,40.70875,-73.94271,private room,55,2,2,2016-08-01,0.06,1,0
13941017,charming brooklyn apartment in historic brownstone,79840032,heather,brooklyn,clinton hill,40.69048,-73.96577,entire home/apt,185,2,9,2019-03-09,0.25,1,0
13941210,bright astoria apt near manhattan,17452232,lili,queens,ditmars steinway,40.77121,-73.9171,entire home/apt,70,2,9,2017-10-07,0.26,1,0
13941998,private studio in the heart of park slope,34543957,jasna,brooklyn,park slope,40.67819,-73.98084,entire home/apt,150,3,10,2017-11-15,0.28,1,0
13942921,spacious room with character in bk,82951378,talor,brooklyn,crown heights,40.67285,-73.95734,private room,45,1,3,2017-10-15,0.09,1,0
13943523,spacious manhattan apartment with amazing view,24461849,fredrik,manhattan,midtown,40.74569,-73.98592,entire home/apt,280,3,2,2017-01-02,0.07,1,0
13949732,big 4 bedroom house with garden by the park in plg,1857899,audrey,brooklyn,prospect-lefferts gardens,40.65627,-73.95468,entire home/apt,225,2,10,2017-05-30,0.29,1,0
13952384,large upper east side alcove studio,14945903,nicole,manhattan,upper east side,40.76749,-73.96392,entire home/apt,108,3,1,2016-07-23,0.03,1,0
13952428,cozy room w/private entrance in east williamsburg,67961258,kaitlin,brooklyn,williamsburg,40.70883,-73.93873,private room,67,1,14,2017-04-12,0.4,1,0
13952801,greenpoint artist loft,25938509,ashley,brooklyn,greenpoint,40.72675,-73.94219,private room,25,7,2,2016-12-06,0.06,1,0
13955160,eclectic & cozy private room in prospect hts!!!,78343124,sherice,brooklyn,crown heights,40.68035,-73.96239,private room,55,2,1,2016-07-24,0.03,1,0
13956326,2 bedroom duplex with large backyard,18113574,william,brooklyn,williamsburg,40.7121,-73.93705,entire home/apt,200,4,1,2016-08-07,0.03,1,0
13960907,quiet and sunny bedroom @williamsburg bedford,11040921,nicolas,brooklyn,williamsburg,40.71576,-73.95586,private room,70,2,3,2016-08-31,0.08,1,0
13961209,fort greene studio with gardened backyard,83183600,anthony,brooklyn,fort greene,40.69626,-73.97276,entire home/apt,90,3,5,2016-09-05,0.14,1,0
13963326,cozy bedroom,21408053,tory,manhattan,harlem,40.82323,-73.9467,private room,51,2,9,2016-09-09,0.25,1,0
13973514,bright and comfy near prospect park,14766250,adam,brooklyn,crown heights,40.66427,-73.95771,private room,160,2,1,2016-08-30,0.03,1,0
13974584,private bedroom in 2-floor bushwick apartment,3152934,cheno,brooklyn,bushwick,40.68758,-73.91321,private room,50,1,2,2016-08-06,0.06,1,0
13975292,"sunny, peaceful home in fantastic location",165566,irene,brooklyn,gowanus,40.68203,-73.98427,private room,85,1,1,2016-08-09,0.03,1,0
13979519,"heart of williamsburg, very large bedroom!",50327977,jeffrey,brooklyn,williamsburg,40.7086,-73.94555,private room,53,2,6,2016-11-06,0.17,1,0
13980828,cozy sunlit 2bed w private rooftop in brooklyn,11708912,christine,brooklyn,bedford-stuyvesant,40.68679,-73.957,entire home/apt,139,1,2,2016-08-27,0.06,1,0
13980920,"modern 3 br home, 4 blocks from public transport!",36486481,ann,brooklyn,east flatbush,40.65565,-73.93573,entire home/apt,280,3,3,2018-12-09,0.33,1,0
13980926,newly renovated studio in heart of downtown nyc,858359,joe,manhattan,east village,40.72441,-73.98683,entire home/apt,90,5,5,2019-03-21,0.14,1,0
13990819,"cozy, bright 1 bedroom fully furnished apartment",83526094,mileaka,brooklyn,greenpoint,40.73773,-73.95489,entire home/apt,150,1,12,2017-04-22,0.39,1,0
13991186,well appointment apartment in doorman building,1419430,m,manhattan,midtown,40.76543,-73.97929,entire home/apt,275,2,2,2017-04-09,0.06,1,0
13991526,brooklyn apartment,14512391,thomas,brooklyn,greenpoint,40.7205,-73.94125,entire home/apt,100,1,1,2018-01-01,0.05,1,0
13992742,cozy studio in the heart of soho,83549989,ezgi,manhattan,noho,40.72618,-73.99523,entire home/apt,215,3,2,2016-09-17,0.06,1,0
13993376,sunny spacious oasis near prospect park!,6296368,nancy,brooklyn,flatbush,40.63873,-73.95305,private room,103,2,1,2016-09-01,0.03,1,0
13995107,spacious & quiet room w/ balcony,39368803,jorge,brooklyn,bedford-stuyvesant,40.68571,-73.95708,private room,54,4,4,2017-09-21,0.12,1,0
13997385,"best south williamsburg room, sunny & serene",41281138,sarah,brooklyn,williamsburg,40.71026,-73.95165,private room,85,3,1,2016-08-16,0.03,1,0
13997539,cozy garden apartment heart of bk!,83611052,sarah,brooklyn,fort greene,40.69191,-73.97151,entire home/apt,85,7,2,2017-04-17,0.06,1,0
13998049,cozy studio blocks from time square & the hudson.,7245466,steven,manhattan,hell's kitchen,40.7621,-73.99424,entire home/apt,150,1,2,2017-01-05,0.06,1,0
13998064,beautiful studio with back patio,47988409,eric,brooklyn,brooklyn heights,40.69455,-73.99339,entire home/apt,75,2,3,2016-10-10,0.08,1,0
13998293,sunny designers home w/terrace - heart of downtown,2714018,alexandria,manhattan,east village,40.72191,-73.9813,entire home/apt,150,5,2,2016-10-03,0.06,1,0
14010200,"scandinavean design in crown heights, bk",1683437,boram,brooklyn,crown heights,40.66477,-73.9506,entire home/apt,89,5,9,2018-05-28,0.25,1,0
14011728,large two-bedroom in prime location,54148881,andrew,brooklyn,bedford-stuyvesant,40.68129,-73.9487,entire home/apt,100,2,1,2016-09-05,0.03,1,0
14022086,"fun, comfy, and convenient studio in midtown west",13951935,wayne,manhattan,hell's kitchen,40.7598,-73.99681,entire home/apt,135,2,8,2019-05-27,0.34,1,0
14022980,huge apt w/1 bedroom sublet in brooklyn,7656555,carly,brooklyn,bedford-stuyvesant,40.69747,-73.94817,private room,33,2,11,2018-09-01,0.31,1,0
14026544,spacious quiet room in the east village,18595434,amanda,manhattan,east village,40.72588,-73.98198,private room,95,1,7,2016-10-23,0.19,1,0
14032445,large one bedroom apartment,75853911,sabrina,manhattan,harlem,40.80299,-73.95713,entire home/apt,100,1,3,2016-09-16,0.09,1,0
14039287,park slope railroad room in july!,76114171,priya,brooklyn,park slope,40.67026,-73.97668,private room,40,1,2,2016-07-28,0.06,1,0
14041728,spacious studio close to manhatten,84146048,michael,queens,sunnyside,40.73894,-73.92343,entire home/apt,85,1,4,2016-09-13,0.11,1,0
14044731,one bedroom apartment for rent in west harlem,47260217,tess,manhattan,harlem,40.82287,-73.9518,private room,38,7,2,2016-07-27,0.06,1,0
14050933,"large, sunny room in brooklyn",14235450,elizabeth,brooklyn,sunset park,40.64775,-74.00858,private room,41,3,2,2016-09-11,0.06,1,0
14056307,big gorgeous 1 bd 2 br in prime of chelsea,32919123,ryan,manhattan,chelsea,40.74616,-73.99773,entire home/apt,250,7,1,2018-01-02,0.05,1,0
14065198,sleek 1br in the heart of williamsburg!,27178707,brian,brooklyn,williamsburg,40.71597,-73.95223,entire home/apt,199,3,2,2016-09-19,0.06,1,0
14066397,"sunny, clean, 1br in washington heights",33990883,summer,manhattan,washington heights,40.85182,-73.92941,entire home/apt,115,5,13,2019-05-22,0.37,1,0
14069379,1br apartment to relax in nyc,12614433,kelly,brooklyn,bedford-stuyvesant,40.69517,-73.93808,entire home/apt,85,1,1,2016-08-12,0.03,1,0
14086188,nice room near times square best location ❤️,12086609,laetitia,manhattan,hell's kitchen,40.76126,-73.99117,private room,90,1,11,2017-07-30,0.42,1,0
14089094,cozy 1 bedroom in brooklyn,84738777,rohan,brooklyn,sunset park,40.64187,-74.01252,private room,30,2,1,2016-09-06,0.03,1,0
14091525,large room with ac a in house with a porch,5725732,scott,brooklyn,kensington,40.64023,-73.9717,private room,30,2,1,2016-08-05,0.03,1,0
14091664,spacious 1bd w amazing city views,24176743,emma,manhattan,midtown,40.74572,-73.98285,entire home/apt,240,2,5,2016-12-04,0.14,1,0
14093225,luxury studio apartment with fantastic view,31250542,kenneth,manhattan,financial district,40.70657,-74.00549,entire home/apt,100,2,1,2016-07-23,0.03,1,0
14094370,huge bedroom in hip williamsburg loft-- bedford l,5242569,jj,brooklyn,williamsburg,40.71608,-73.95888,private room,85,3,1,2016-08-16,0.03,1,0
14094480,studio close to central park and museum mile,4325334,nikita,manhattan,east harlem,40.78992,-73.94888,entire home/apt,150,2,5,2016-08-28,0.14,1,0
14100743,beautiful one bedroom apartment,27126954,este,brooklyn,midwood,40.62755,-73.96097,entire home/apt,75,1,1,2016-07-21,0.03,1,0
14105094,"airy, light-flooded 2-bath west village apartment",50663338,olivia,manhattan,west village,40.73282,-74.00684,entire home/apt,220,5,1,2016-08-06,0.03,1,0
14108671,clean & cozy close to macy's,27165264,elena,manhattan,chelsea,40.74767,-73.99003,private room,90,1,9,2017-09-29,0.28,1,0
14109494,clinton hill apartment single bedroom ! pratt ~~,30610258,santiago,brooklyn,clinton hill,40.69591,-73.96284,private room,58,2,1,2018-09-23,0.1,1,0
14109893,charming artist studio,3404898,erica,brooklyn,prospect-lefferts gardens,40.65915,-73.96004,entire home/apt,110,2,6,2016-10-23,0.17,1,0
14110144,cozy 1+ br apt. on riverside dr,8349334,benjamin,manhattan,morningside heights,40.80822,-73.96567,entire home/apt,190,5,9,2019-01-02,0.26,1,0
14111975,cozy spot in the lovely east village neighborhood,85021301,seamus,manhattan,east village,40.72677,-73.98194,entire home/apt,125,1,2,2016-08-08,0.06,1,0
14124792,charming poet's room in sunny apartment,85172611,cornelia,brooklyn,crown heights,40.67147,-73.95181,private room,48,2,2,2016-08-08,0.06,1,0
14125913,charming brooklyn heights floor-through apartment,21592879,perry,brooklyn,brooklyn heights,40.69976,-73.99313,private room,65,7,1,2016-08-14,0.03,1,0
14131597,1920s room 1 block from prospect park and q access,3620205,nick,brooklyn,prospect-lefferts gardens,40.65663,-73.95989,private room,43,1,6,2017-03-01,0.19,1,0
14134105,sun filled pre-war apartment near fort greene park,68397685,philip and kerstin,brooklyn,fort greene,40.69394,-73.97115,shared room,39,1,12,2016-09-07,0.34,1,0
14135904,zen bed/bath in historic harlem,63361875,elisa,manhattan,harlem,40.81667,-73.94342,private room,75,3,6,2017-05-21,0.17,1,0
14137017,modern 1 br williamsburg apartment with backyard,85313871,andrew,brooklyn,williamsburg,40.70965,-73.95782,entire home/apt,130,3,4,2016-12-26,0.12,1,0
14139170,comfortable room in a bushwick duplex with patio,1252743,dory,brooklyn,bushwick,40.70175,-73.91525,private room,45,1,9,2018-03-20,0.45,1,0
14141050,two bedrooms available in a cozy apartment.,1715674,shriya,brooklyn,windsor terrace,40.65544,-73.97491,private room,130,2,4,2018-01-01,0.11,1,0
14141215,private room in les,85368273,nir,manhattan,lower east side,40.71795,-73.98553,private room,70,1,1,2016-10-03,0.03,1,0
14141874,bed in semi-private room close to park and train,71473335,carolyn,brooklyn,prospect-lefferts gardens,40.66249,-73.958,shared room,75,2,1,2017-09-05,0.04,1,0
14147107,"spacious, quiet 1 bedroom in hamilton heights",76838000,catherine,manhattan,harlem,40.83117,-73.94846,entire home/apt,75,1,5,2018-08-26,0.14,1,0
14148988,"heart of manhattan, affordable place!",4478946,elka,manhattan,midtown,40.75247,-73.97305,entire home/apt,153,1,1,2016-07-31,0.03,1,0
14153242,large sunny 1 br - heart of manhattan!,7440944,diana,manhattan,east village,40.72808,-73.98377,entire home/apt,179,4,13,2018-10-27,0.38,1,0
14155064,one bedroom in heart of chelsea,2688383,rachel,manhattan,chelsea,40.74121,-73.99995,entire home/apt,143,4,1,2016-10-09,0.03,1,0
14161351,trendy 2br apt next to prospect park -kid friendly,1876539,stephanie,brooklyn,prospect-lefferts gardens,40.65813,-73.95773,entire home/apt,150,6,9,2019-01-02,0.26,1,0
14163324,williamsburg studio w/ roof deck and gym,15061780,nikki,brooklyn,williamsburg,40.71973,-73.94272,entire home/apt,100,2,3,2016-11-14,0.09,1,0
14166695,room in the heart of williamsburg,12461120,emine,brooklyn,williamsburg,40.71531,-73.94693,private room,85,2,3,2016-09-06,0.09,1,0
14167282,"serene, light-filled pre-war apartment in brooklyn",1211994,shuchi,brooklyn,flatbush,40.64088,-73.96125,private room,45,2,1,2016-07-31,0.03,1,0
14167287,peaceful upper east side studio,3602785,james,manhattan,upper east side,40.76666,-73.95507,entire home/apt,65,7,1,2016-08-22,0.03,1,0
14168413,large bedroom - great location - grand central,18981759,doug,manhattan,murray hill,40.74702,-73.97563,private room,100,1,11,2016-09-05,0.31,1,0
14169102,cozy private room in gramercy,13616538,tianna,manhattan,gramercy,40.737,-73.98231,private room,74,2,8,2016-11-27,0.22,1,0
14171171,super comfortable nest,58949132,ike,manhattan,east harlem,40.81473,-73.93583,entire home/apt,150,4,1,2018-07-18,0.08,1,0
14174460,bargain in flatbush,21700305,david,brooklyn,prospect-lefferts gardens,40.65776,-73.95218,private room,30,6,1,2016-08-07,0.03,1,0
14175040,"great 1 bedroom upper west: ac, tv & dishwasher",30175811,jane,manhattan,harlem,40.81745,-73.95164,entire home/apt,200,1,10,2018-09-25,0.28,1,0
14179120,1 bdrm in astoria (public trans) close to us open,42150813,anthony,queens,astoria,40.7684,-73.91762,private room,60,1,1,2016-10-09,0.03,1,0
14180414,private room in 2bedroom apartment @ east village,85898729,maxime,manhattan,east village,40.73178,-73.98613,private room,100,3,12,2018-03-18,0.34,1,0
14183900,spacious apartment in the heart of les,20132140,helen,manhattan,lower east side,40.72094,-73.98649,entire home/apt,228,1,1,2016-08-08,0.03,1,0
14187475,very sunny 1br in bedstuy - dog and kids friendly,280693,auralís,brooklyn,bedford-stuyvesant,40.68806,-73.95491,entire home/apt,200,2,13,2017-12-27,0.37,1,0
14195677,cute/private 1 bedroom apt in queens,61925777,charis,queens,maspeth,40.71628,-73.90093,entire home/apt,75,2,5,2018-06-03,0.14,1,0
14200676,"ideal bushwick, 2 bdrm, basement, private garden",309088,alexandre,brooklyn,bushwick,40.69633,-73.92143,entire home/apt,150,3,18,2018-05-28,0.53,1,0
14200678,charming 1 bdr apt. just 17 mins from manhattan!,557669,ryan,queens,woodside,40.74663,-73.89653,entire home/apt,96,2,1,2016-08-08,0.03,1,0
14212273,beautiful brooklyn loft!,20612628,jessica,brooklyn,williamsburg,40.7049,-73.92966,private room,41,1,2,2017-04-18,0.06,1,0
14213784,"large, sunny room in spacious, modern apartment",1199690,pete,brooklyn,williamsburg,40.70847,-73.94568,private room,57,2,1,2016-10-09,0.03,1,0
14217692,perfect area in williamsburg - room,6702100,dasha,brooklyn,williamsburg,40.71014,-73.95871,private room,90,1,10,2017-07-30,0.28,1,0
14218173,bright uws studio with great location,3664605,cha,manhattan,upper west side,40.78558,-73.97704,entire home/apt,150,4,2,2017-06-11,0.06,1,0
14218548,large prime east village bedroom,86368554,ryan,manhattan,east village,40.72646,-73.98498,private room,100,2,1,2016-08-08,0.03,1,0
14230982,great private room with all amnetities!,86510175,oonamaria,brooklyn,cypress hills,40.68139,-73.89034,private room,55,2,7,2016-08-29,0.2,1,0
14231418,spacious 1 bedroom off prospect pk,746006,paul,brooklyn,prospect-lefferts gardens,40.66249,-73.95841,entire home/apt,90,2,3,2018-06-04,0.1,1,0
14235245,nicest studio near central park and the 6 train,86560459,cesar,manhattan,east harlem,40.79068,-73.94944,entire home/apt,115,2,8,2017-01-01,0.23,1,0
14245886,"spacious one bedroom, next to the l and g trains",2021231,sami,brooklyn,williamsburg,40.71417,-73.94765,entire home/apt,159,2,1,2016-08-15,0.03,1,0
14247423,"cozy, cool, spacious midtown!",19793290,daniel,manhattan,murray hill,40.74796,-73.97949,shared room,103,1,3,2016-08-25,0.08,1,0
14277478,amazing view of nyc,576575,rami,manhattan,hell's kitchen,40.76044,-73.99051,entire home/apt,200,3,9,2018-10-06,0.26,1,0
14283423,luxury bldg - private terrace/doorman,40405299,andra,manhattan,upper west side,40.77174,-73.98934,entire home/apt,200,3,16,2019-05-07,0.48,1,0
14296562,"entire home in gramercy, duplex loft",6543299,sun-young,manhattan,kips bay,40.73958,-73.98258,entire home/apt,195,2,12,2018-07-08,0.41,1,0
14297224,luxury apt on wall st - amazing views,87312106,marc,manhattan,financial district,40.707,-74.00782,private room,189,1,22,2017-07-15,0.67,1,0
14309960,charming bedroom in east village,8108526,emily rose,manhattan,east village,40.73226,-73.98688,private room,100,5,4,2018-02-25,0.17,1,0
14312186,classic nyc: entire 1-br in spacious chelsea apt,87487508,adam,manhattan,chelsea,40.74029,-74.00233,entire home/apt,185,1,2,2016-08-22,0.06,1,0
14312497,upper east side studio apartment,38681372,nicole,manhattan,upper east side,40.76644,-73.95635,entire home/apt,99,5,15,2017-05-01,0.45,1,0
14315012,"cozy private room in downtown manhattan, nyc",60995455,melody,manhattan,greenwich village,40.7305,-73.99647,private room,69,1,4,2018-06-13,0.12,1,0
14316198,beautiful 1 bedroom in brooklyn!!!!,72607058,madi,brooklyn,prospect-lefferts gardens,40.65656,-73.95572,entire home/apt,85,4,9,2017-08-27,0.25,1,0
14317995,central park & met museum 1 bedroom gem!,8049219,richard,manhattan,upper east side,40.77666,-73.95625,entire home/apt,165,2,22,2018-01-02,0.65,1,0
14322170,sweet & artsy williamsburg room,21697957,saba,brooklyn,williamsburg,40.70652,-73.94054,private room,65,1,1,2016-08-08,0.03,1,0
14330688,beautiful crown heights pre-war 1 bedroom,5158569,genevieve,brooklyn,crown heights,40.6686,-73.93517,entire home/apt,115,2,7,2019-01-01,0.21,1,0
14330713,opera house lofts - bushwick studio,10022166,david,brooklyn,bushwick,40.69938,-73.93547,entire home/apt,95,1,9,2018-02-25,0.25,1,0
14334508,primary midtown location highrise apartment,57272703,jenya,manhattan,murray hill,40.74706,-73.97355,entire home/apt,110,5,2,2018-01-05,0.06,1,0
14337001,charming room in astoria close to n and w trains,45225936,bekah,queens,astoria,40.75593,-73.92584,private room,63,2,8,2017-08-21,0.31,1,0
14341006,"bedroom in hip, artsy, unique loft apartment",1767228,josh,brooklyn,williamsburg,40.70962,-73.9501,private room,75,3,3,2018-01-03,0.09,1,0
14342997,calm&cozy bedroom - nolita/soho (private bathroom),1120651,orianna,manhattan,nolita,40.72413,-73.99355,private room,118,3,10,2017-09-09,0.29,1,0
14353077,beautiful room in newly renovated aptartment,39726129,jacob,manhattan,stuyvesant town,40.7294,-73.97751,private room,60,2,2,2016-08-25,0.06,1,0
14354698,huge 1 bedroom central harlem express subway stop,4597403,naseef,manhattan,harlem,40.81315,-73.95389,private room,49,1,13,2019-07-07,0.37,1,0
14361378,"sun drenched, huge room-park slope",19877163,heather,brooklyn,boerum hill,40.68316,-73.97952,private room,55,2,1,2016-08-11,0.03,1,0
14369923,"bright, welcoming 2 bedroom apt in clinton hill",24897395,laura,brooklyn,bedford-stuyvesant,40.68844,-73.95442,entire home/apt,111,2,2,2017-07-05,0.08,1,0
14373121,luxury midtown high rise,35573939,brandon,manhattan,hell's kitchen,40.76377,-73.98734,entire home/apt,175,3,1,2016-08-18,0.03,1,0
14381060,large private room in hip bushwick,65354277,eleanor,brooklyn,bushwick,40.69918,-73.91316,private room,45,2,5,2016-10-18,0.14,1,0
14386245,sunny & spacious room in crown heights,88352863,daniel,brooklyn,crown heights,40.67159,-73.95242,private room,65,1,6,2018-06-25,0.17,1,0
14387555,cozy room in warm & sunny prime les/chinatown apt,5997660,victoria,manhattan,chinatown,40.71602,-73.99233,private room,105,2,11,2018-05-24,0.53,1,0
14389886,beautiful 1 bedroom in the heart of manhattan!,88399191,biljana,manhattan,flatiron district,40.74041,-73.98933,entire home/apt,180,3,16,2018-05-09,0.47,1,0
14409723,charming & spacious studio in nyc,88626648,kerry,manhattan,upper east side,40.76099,-73.96158,entire home/apt,130,2,11,2018-01-01,0.32,1,0
14415799,east williamsburg cozy apartment with rooftop!,48113730,anastasia & jeremy,brooklyn,williamsburg,40.70749,-73.93916,entire home/apt,150,2,2,2016-10-16,0.06,1,0
14421258,1 br in williamsburg with private balcony!,31344441,alexa,brooklyn,williamsburg,40.71346,-73.95689,shared room,42,1,4,2017-01-01,0.12,1,0
14421313,"cozy room, clean & quiet, free laundry",42627213,johnny,brooklyn,bedford-stuyvesant,40.68607,-73.91941,private room,40,3,5,2016-09-19,0.14,1,0
14423010,convenient and modern midtown west apartment,15978364,kayleen,manhattan,hell's kitchen,40.76395,-73.99007,private room,64,2,1,2016-08-08,0.03,1,0
14437093,sunny alcove 1-bdrm- rooftop with view & backyard!,4400586,carrie,manhattan,east village,40.72397,-73.98329,entire home/apt,129,7,10,2019-02-10,0.29,1,0
14438244,"lovely, comfortable 1 bedroom in east village",2024430,lauren,manhattan,east village,40.72919,-73.97894,entire home/apt,150,2,1,2016-09-12,0.03,1,0
14440066,bedroom in soho/nolita,5073448,alessandra,manhattan,nolita,40.72127,-73.99526,private room,100,4,2,2019-05-07,0.32,1,0
14473545,heart of bk - 1 bedroom w/extra room,37419591,phil,brooklyn,clinton hill,40.6919,-73.96511,entire home/apt,140,6,9,2018-01-01,0.26,1,0
14500533,charming brick brownstone w/ backyard (ground flr),70397297,amy,brooklyn,bushwick,40.70269,-73.91426,entire home/apt,85,3,7,2018-08-20,0.2,1,0
14522432,"new! huge terrace, close to manhattan, great view!",1397078,sam,brooklyn,boerum hill,40.68882,-73.98629,entire home/apt,200,2,2,2016-09-27,0.06,1,0
14532445,private room,89855730,rory,manhattan,east village,40.72661,-73.97894,private room,105,5,4,2017-10-29,0.12,1,0
14547982,modern room with private bathroom in spacious apt,27427335,tyler,brooklyn,greenpoint,40.71937,-73.95332,private room,99,3,3,2017-10-28,0.13,1,0
14548280,comfy 1 bedroom in spacious lower east side apt,10013093,shauna,manhattan,east village,40.72412,-73.98667,private room,84,2,1,2016-08-28,0.03,1,0
14553862,"spacious, clean upper west side apartment",2005927,josh,manhattan,upper west side,40.79873,-73.96782,entire home/apt,200,1,2,2016-09-25,0.06,1,0
14555269,spacious bedroom in les,4825815,peter,manhattan,lower east side,40.71879,-73.98362,private room,95,4,9,2017-05-15,0.26,1,0
14556634,brooklyn nook,9974520,michael,brooklyn,greenpoint,40.72804,-73.94599,private room,45,2,1,2016-08-23,0.03,1,0
14557713,simple williamsburg room in prime location!,14684457,christine,brooklyn,williamsburg,40.71521,-73.96164,private room,35,3,2,2016-08-31,0.06,1,0
14568858,"bright, charming luxury 1 br with amazing rooftop",10441070,rebecca,brooklyn,greenpoint,40.72038,-73.94233,entire home/apt,250,4,4,2017-10-31,0.12,1,0
14570408,private room in 2 br on woodside,70769144,byungdo,queens,woodside,40.75105,-73.90152,private room,30,7,1,2016-12-01,0.03,1,0
14576763,big private room 2 blocks away from time square,51256572,chris,manhattan,hell's kitchen,40.75797,-73.991,private room,75,1,2,2018-02-23,0.12,1,0
14586448,★ luxury fidi studio - elevator and gym ★,90270616,shaun,manhattan,financial district,40.70617,-74.01529,entire home/apt,279,3,5,2016-12-31,0.15,1,0
14587044,entire apt in heart of harlem | hamilton heights,2887402,dominic,manhattan,harlem,40.82896,-73.94799,entire home/apt,94,1,11,2018-02-18,0.31,1,0
14592009,1-bed apartment in the east village/union square,46723457,elisabeth,manhattan,east village,40.73048,-73.98689,entire home/apt,122,5,13,2017-12-29,0.42,1,0
14607289,airy bedroom in bushwick,25642456,chasity,brooklyn,bushwick,40.68987,-73.92241,private room,45,1,4,2018-08-02,0.34,1,0
14615541,brooklyn @ best ✨ cozy 1br garden,65595344,shanise,brooklyn,bedford-stuyvesant,40.69079,-73.93344,shared room,65,1,3,2017-05-28,0.09,1,0
14627819,room on 5th ave between washington sq and union sq,8525424,rafael,manhattan,greenwich village,40.73383,-73.99509,private room,120,4,2,2017-01-01,0.06,1,0
14629018,1 bedroom apt all yours in astoria!,59503891,b,queens,long island city,40.74829,-73.93253,entire home/apt,100,2,1,2016-10-10,0.03,1,0
14633272,south williamsburg,43810721,mikey,brooklyn,williamsburg,40.71082,-73.95736,private room,50,1,15,2019-04-18,0.44,1,0
14653831,private room. full size bed. 3rd floor. cooper sq,29824461,labib,manhattan,noho,40.72629,-73.99237,private room,75,2,1,2016-11-27,0.03,1,0
14663344,large room at luxury apartment bldg  times square,91092037,ozgur,manhattan,hell's kitchen,40.76072,-73.98792,private room,120,1,3,2018-01-01,0.09,1,0
14666899,modern room in great location (bushwick),91131716,colin,brooklyn,bushwick,40.70061,-73.92721,private room,40,3,2,2016-08-27,0.06,1,0
14689860,sunny 1bedroom in the ❤ of the city,74919443,josh,manhattan,kips bay,40.74207,-73.9824,entire home/apt,250,1,13,2017-05-03,0.37,1,0
14696215,entire 1 bedroom in gramercy,91393670,william,manhattan,kips bay,40.73903,-73.98267,entire home/apt,200,2,3,2018-09-24,0.29,1,0
14699186,spacious 1 bedroom with private deck with grill,31483654,marcus,brooklyn,kensington,40.64535,-73.9738,entire home/apt,100,3,2,2016-11-15,0.06,1,0
14716403,large room in bushwick loft!,70724038,anna,brooklyn,williamsburg,40.70525,-73.93281,private room,80,1,16,2018-03-25,0.51,1,0
14723166,spacious studio in amazing location,59954257,sara,manhattan,gramercy,40.73711,-73.98573,entire home/apt,250,5,7,2018-07-05,0.2,1,0
14743469,bensonhurst gem,19101984,tuan-phi,brooklyn,bensonhurst,40.60749,-73.99225,entire home/apt,49,1,1,2016-08-28,0.03,1,0
14744425,an apartment for families near by tom's restaurant,11158576,mustafa,manhattan,morningside heights,40.80429,-73.96499,entire home/apt,175,2,2,2016-09-10,0.06,1,0
14744794,hamilton heights sunny bedroom,91874222,laura,manhattan,harlem,40.82475,-73.9507,private room,53,1,4,2017-08-20,0.16,1,0
14744912,"sunny airy bohemian rm, private bath! hip 'shwick",948164,theodora,brooklyn,bushwick,40.7014,-73.91798,private room,80,2,4,2018-04-30,0.12,1,0
14747893,"huge room,private bath fort greene/clinton hill",91909024,jason,brooklyn,clinton hill,40.68548,-73.96625,private room,80,4,2,2016-11-07,0.06,1,0
14756273,"large private room in astoria, 20 mins to mid-town",68276808,summer,queens,ditmars steinway,40.77392,-73.91678,private room,50,2,10,2018-08-08,0.46,1,0
14757774,sunny room in prime brooklyn!,6803612,jessica,brooklyn,bushwick,40.70497,-73.9233,private room,60,4,3,2018-09-23,0.09,1,0
14759511,big bedroom in the heart of greenpoint,54892756,nathaniel,brooklyn,greenpoint,40.73271,-73.95536,private room,75,4,1,2016-09-14,0.03,1,0
14767195,"quaint, sunny, and quiet room overlooking garden.",92110601,amey,queens,sunnyside,40.73967,-73.92367,private room,50,2,7,2016-11-13,0.21,1,0
14768563,large 1 bedroom near prospect park,19918057,sogol,brooklyn,prospect-lefferts gardens,40.66028,-73.961,entire home/apt,100,2,1,2016-09-05,0.03,1,0
14774459,big apartment with balcony by central park,4064681,aziz,manhattan,east harlem,40.79834,-73.94761,entire home/apt,164,1,8,2017-02-22,0.23,1,0
14783394,bright room in bushwick,71379648,jacob,brooklyn,bushwick,40.68815,-73.91344,private room,62,3,7,2018-03-31,0.22,1,0
14784377,sunny master bedroom / harlem,40223194,kenny,manhattan,harlem,40.81285,-73.95439,private room,75,2,3,2016-11-12,0.09,1,0
14784793,ditmas park beautiful spacious apartment,11427836,tiffany,brooklyn,flatbush,40.63825,-73.95654,entire home/apt,160,2,18,2019-04-22,0.52,1,0
14798850,cool brooklyn spot,92441472,scott,brooklyn,bedford-stuyvesant,40.69576,-73.96137,private room,37,2,1,2016-08-30,0.03,1,0
14817574,spacious room in the heart of greenwich village!,88398053,colleen,manhattan,greenwich village,40.72807,-73.99925,private room,99,2,5,2017-08-20,0.15,1,0
14821133,bright 1 bedroom in the heart of the east village,1772952,elizabeth,manhattan,east village,40.72931,-73.97925,entire home/apt,105,4,18,2018-04-22,0.52,1,0
14823077,amazing private bedroom on ues of new york city,20707006,tianna,manhattan,east harlem,40.78962,-73.94837,private room,100,4,1,2017-01-03,0.03,1,0
14826900,modern williamsburg loft,25161779,maria,brooklyn,williamsburg,40.71122,-73.95922,entire home/apt,160,3,2,2017-07-31,0.06,1,0
14832329,cosy brooklyn bedroom in duplex apt,12368999,mathieu,brooklyn,clinton hill,40.68439,-73.96336,private room,72,1,2,2016-09-11,0.06,1,0
14835065,west village apartment near washington square park,77722758,robert,manhattan,greenwich village,40.73293,-73.99846,entire home/apt,200,1,4,2017-12-30,0.12,1,0
14835632,"bright, conveniently located room in bushwick",29480857,elena,brooklyn,bushwick,40.70352,-73.92971,private room,48,2,11,2017-12-30,0.32,1,0
14837884,small bedroom in heart of soho,91280958,sandra,manhattan,soho,40.72179,-73.99795,private room,49,3,1,2016-09-15,0.03,1,0
14840323,loft in the heart of bushwick (jefferson l),18198110,jefferson,brooklyn,bushwick,40.70461,-73.92297,entire home/apt,135,2,6,2016-10-31,0.17,1,0
14851292,gorgeous sunlit one bedroom - uptown manhattan,64161144,nichole,manhattan,east harlem,40.81506,-73.93567,entire home/apt,100,2,9,2017-01-15,0.26,1,0
14853361,charming 1br with sun-nook in brooklyn,92986768,macushla,brooklyn,navy yard,40.69803,-73.97205,entire home/apt,94,3,5,2018-01-06,0.14,1,0
14858485,cozy nook in the brook(lyn),93044732,christopher,brooklyn,bedford-stuyvesant,40.69328,-73.95447,private room,65,1,3,2016-09-19,0.09,1,0
14867152,cozy bed stuy two room studio,32597915,jason,brooklyn,bedford-stuyvesant,40.69154,-73.93094,entire home/apt,50,2,4,2016-12-06,0.12,1,0
14869260,modern apartment on the ues,84403365,hillary,manhattan,upper east side,40.78194,-73.94791,private room,65,1,1,2017-06-11,0.04,1,0
14869440,crown heights 1 br w/ style,7128634,landon,brooklyn,crown heights,40.67541,-73.95221,entire home/apt,148,2,16,2018-09-30,0.49,1,0
14870802,private room in the heart of soho,34252002,harriet,manhattan,nolita,40.72204,-73.99705,private room,100,2,10,2017-03-19,0.29,1,0
14871074,spacious artist's apartment,7675569,annika,brooklyn,bushwick,40.69983,-73.92981,private room,90,2,5,2017-08-13,0.15,1,0
14881794,nice bedroom by riverside & columbia university,45748188,ali,manhattan,morningside heights,40.81231,-73.95858,private room,60,2,20,2017-08-13,0.59,1,0
14894267,"doorman, modern apart. on broadway (central park)",10459594,s.,manhattan,upper west side,40.79501,-73.97132,entire home/apt,165,3,2,2017-10-17,0.06,1,0
14902084,modern luxury apartment in downtown manhattan,1445618,th,manhattan,financial district,40.70402,-74.00776,entire home/apt,235,3,3,2016-10-23,0.09,1,0
14913167,"1br on own floor, by park & subway",71093067,matthew,brooklyn,crown heights,40.67154,-73.96221,private room,88,1,8,2016-10-23,0.23,1,0
14933893,cozy walk-up in the upper east side,60904698,toby,manhattan,upper east side,40.77334,-73.94848,private room,75,1,3,2016-09-19,0.09,1,0
14936181,apt with modern lights available,11293255,abdul fattah,brooklyn,bedford-stuyvesant,40.68789,-73.9575,private room,215,3,3,2017-09-24,0.1,1,0
14936709,entire 1bdr manhattan ny,55547933,kalisa & christian,manhattan,inwood,40.8604,-73.92716,entire home/apt,85,3,4,2018-07-13,0.18,1,0
14945585,"furnished room, with spacious backyard",94039418,shawn,brooklyn,bushwick,40.69251,-73.92478,private room,25,2,1,2016-09-12,0.03,1,0
14948249,"bright, clean and peaceful apt in hell's kitchen",75310263,thomas,manhattan,hell's kitchen,40.76495,-73.98964,entire home/apt,165,5,1,2016-09-21,0.03,1,0
14959195,huge bedroom with private shower and bathroom,67126282,brian,brooklyn,bedford-stuyvesant,40.69287,-73.94334,private room,80,1,4,2016-11-24,0.12,1,0
14959966,2 bedroom in convenient upper east apartment,7903711,abby,manhattan,upper east side,40.77979,-73.95379,entire home/apt,260,2,8,2018-05-23,0.23,1,0
14961253,86th st express train/private patio/clean one bed,94196548,kim,manhattan,upper east side,40.77883,-73.95205,entire home/apt,219,1,5,2017-05-21,0.16,1,0
14966692,large 1 bedroom to yourself. 1 block from subway,11685844,joseph,queens,astoria,40.7609,-73.92516,entire home/apt,125,5,2,2017-04-10,0.06,1,0
14980174,"cozy 1 bedroom in the upper east side, nyc",28220309,ciro,manhattan,upper east side,40.76744,-73.95901,entire home/apt,185,4,2,2016-10-28,0.06,1,0
15019436,"private room in 3bdm, astoria",61675294,blake,queens,astoria,40.75692,-73.9293,private room,61,2,15,2017-01-28,0.44,1,0
15021635,cute private bedroom in bushwick. close to subway.,61140228,nadia,brooklyn,bushwick,40.7005,-73.9144,private room,75,2,2,2018-12-22,0.29,1,0
15021783,private room in chelsea 3 br,94820583,zoë,manhattan,chelsea,40.74063,-73.99843,private room,80,5,2,2016-10-29,0.06,1,0
15025988,cozy lofted bedroom in east williamsburg,94864882,hanley,brooklyn,williamsburg,40.70661,-73.93584,private room,60,1,1,2016-10-01,0.03,1,0
15027024,newly renovated 1bd on lively & historic st marks,8344620,ethan,manhattan,east village,40.72693,-73.98385,entire home/apt,180,3,10,2018-12-31,0.3,1,0
15034827,greenpoint one bedroom,46483041,erin,brooklyn,greenpoint,40.73379,-73.95461,entire home/apt,130,1,13,2017-03-18,0.38,1,0
15036809,private bedroom and bath heart of upper west side,94975490,jessica,manhattan,upper west side,40.78766,-73.97414,private room,85,2,19,2018-06-19,0.6,1,0
15037640,south brooklyn home for wayward grrls,144705,deanna,brooklyn,kensington,40.64552,-73.97824,private room,40,1,1,2016-09-21,0.03,1,0
15043180,cozy 1 bd in lovely bedstuy apartment,95045653,vanessa,brooklyn,bedford-stuyvesant,40.68474,-73.93833,private room,85,7,1,2016-09-19,0.03,1,0
15056050,entire cozy 1br apt. 5 min from q/b train,15198834,leandro,brooklyn,flatbush,40.64837,-73.9618,entire home/apt,88,4,8,2018-08-20,0.24,1,0
15056748,"sunny private bedroom in bushwick, brooklyn",20598700,natalia,brooklyn,bushwick,40.70015,-73.92507,private room,40,1,5,2017-06-30,0.15,1,0
15066466,★ unreal loft w/ huge private roofdeck ★,83909332,david,manhattan,nolita,40.72222,-73.99545,entire home/apt,225,2,15,2017-05-07,0.44,1,0
15071519,sunlight + space on eastern parkway,73046105,yosef and chava,brooklyn,crown heights,40.67046,-73.94156,entire home/apt,105,2,4,2016-12-05,0.12,1,0
15095408,one bedroom in luxury fidi building,17423162,rishab,manhattan,financial district,40.7083,-74.01406,private room,80,5,1,2017-01-01,0.03,1,0
15095439,comfortable harlem nyc 1 bedroom near trains,43299076,toyce,manhattan,harlem,40.82367,-73.93762,entire home/apt,105,2,3,2017-08-13,0.09,1,0
15098153,huge apartment in a beautiful house in greenpoint,7694993,charles,brooklyn,greenpoint,40.72596,-73.94643,entire home/apt,200,3,8,2018-12-07,0.24,1,0
15099669,lower east side large 1 bedroom,95608415,cory,manhattan,lower east side,40.71975,-73.98608,entire home/apt,225,1,2,2016-10-20,0.06,1,0
15102026,large private bed/bath in 3br close to transit,19983675,ian,brooklyn,bedford-stuyvesant,40.68678,-73.94467,private room,55,2,3,2016-10-29,0.09,1,0
15106603,beautiful and quiet upper west side escape,9280524,greg,manhattan,upper west side,40.79778,-73.97232,entire home/apt,185,2,1,2016-10-23,0.03,1,0
15114715,room in bushwick loft,36893255,juliet,brooklyn,williamsburg,40.70623,-73.92808,private room,100,4,12,2018-03-15,0.42,1,0
15115532,cozy duplex studio in manhattan,8832035,dalibel,manhattan,kips bay,40.7401,-73.98123,entire home/apt,163,2,9,2019-01-01,0.27,1,0
15130158,spacious 1 bdrm in queens w manhattan views,95913669,ali,queens,maspeth,40.73834,-73.90774,private room,46,1,1,2016-09-26,0.03,1,0
15132151,1 bedroom apartment in great neighborhood,95939781,sharan,manhattan,murray hill,40.74438,-73.97365,entire home/apt,249,1,1,2016-09-22,0.03,1,0
15132221,a great room on the upper east side,14409957,alex,manhattan,upper east side,40.77511,-73.9553,private room,110,3,7,2018-04-18,0.26,1,0
15156627,best part of brooklyn! large room in bushwick.,39575635,julian,brooklyn,bushwick,40.70342,-73.92829,private room,70,1,15,2017-01-02,0.45,1,0
15159758,prospect park family friendly apt,893136,jennifer,brooklyn,prospect-lefferts gardens,40.66198,-73.95798,entire home/apt,98,2,4,2017-10-29,0.17,1,0
15175161,camping in nolita,91425821,kristin,manhattan,nolita,40.72275,-73.99558,entire home/apt,124,2,1,2016-09-30,0.03,1,0
15182188,amazing location! nyc midtown nice private bedroom,96368935,frank,manhattan,kips bay,40.74385,-73.97827,private room,89,3,3,2016-10-19,0.09,1,0
15182306,private room in 4 bdr apt!,96301426,dillon,brooklyn,prospect-lefferts gardens,40.65714,-73.95,private room,50,2,2,2018-08-23,0.17,1,0
15189516,cute house near train in brooklyn,19694796,stephen,brooklyn,kensington,40.63727,-73.97718,private room,45,2,4,2017-01-01,0.13,1,0
15195093,private bedroom & large living room - times square,33936240,jeff,manhattan,hell's kitchen,40.76084,-73.98936,private room,89,5,1,2016-09-27,0.03,1,0
15206331,"big quiet, clean and respectful apartment.",46576732,rosa,manhattan,washington heights,40.85842,-73.92928,private room,79,1,7,2017-03-19,0.21,1,0
15216895,artist apt w/ private room in bed stuy,50207365,ben,brooklyn,bedford-stuyvesant,40.69653,-73.94994,private room,50,2,5,2017-10-22,0.15,1,0
15219855,spacious one bedroom in union sq/greenwich village,10920393,andrew,manhattan,greenwich village,40.73506,-73.99203,entire home/apt,275,2,5,2017-01-01,0.15,1,0
15241968,wonderful room in south harlem near central park,79738498,heroni,manhattan,harlem,40.8014,-73.95793,private room,100,2,12,2017-05-28,0.36,1,0
15248135,sun-lit room w/in steps of best of williamsburg,48107620,nathan,brooklyn,williamsburg,40.71145,-73.95887,private room,100,3,9,2017-10-27,0.27,1,0
15248948,spacious quiet second floor brownstone apartment,22129681,nicola,brooklyn,carroll gardens,40.68048,-73.99322,entire home/apt,130,4,8,2018-09-08,0.24,1,0
15253135,huge 1br luxury apartment in williamsburg,1022070,peter,brooklyn,williamsburg,40.71113,-73.95296,entire home/apt,250,2,6,2017-01-01,0.18,1,0
15253883,spacious & bright midtown 1 bedroom -elevator bldg,96867847,matthew,manhattan,midtown,40.75723,-73.96313,entire home/apt,175,2,10,2018-08-29,0.31,1,0
15256150,"newly renovated, bright 1 br in central manhattan",27803037,rebecca,manhattan,kips bay,40.74089,-73.98094,entire home/apt,175,3,20,2018-09-17,0.61,1,0
15261353,sunny studio in midtown manhattan,2742827,christiane,manhattan,kips bay,40.74533,-73.9772,entire home/apt,128,2,5,2018-05-28,0.19,1,0
15266302,borough park/kensington 3 room apartment,38965064,chaim,brooklyn,borough park,40.63561,-73.97961,entire home/apt,83,7,1,2017-04-18,0.04,1,0
15271865,clean private bedroom - bushwick brooklyn new york,68746033,leslie,brooklyn,bedford-stuyvesant,40.68303,-73.91238,private room,80,1,2,2016-10-09,0.06,1,0
15282411,private room for 1 or 2 in chelsea. prime location,2764786,lindsay,manhattan,chelsea,40.74853,-73.99593,private room,120,1,18,2017-01-11,0.55,1,0
15284819,wyndham midtown 45 new york city studio,60085031,vacation generation,manhattan,midtown,40.7536,-73.97306,entire home/apt,125,2,9,2017-09-15,0.34,1,0
15287016,1 bedroom in sunny nolita apartment,24385779,lauren,manhattan,nolita,40.7215,-73.99395,private room,85,2,5,2017-03-11,0.16,1,0
15288601,amazing space...awesome location...private room,97323051,mike,brooklyn,prospect heights,40.67431,-73.9651,private room,66,3,3,2018-10-16,0.09,1,0
15301964,beautiful bedroom by prospect park,97441717,tracy,brooklyn,flatbush,40.65228,-73.96402,private room,65,3,1,2016-10-13,0.03,1,0
15301966,bright and modern 1 br in williamsburg w/balcony,39054866,kevin,brooklyn,williamsburg,40.71238,-73.96279,entire home/apt,160,3,1,2016-10-09,0.03,1,0
15308517,fort greene - whole apartment with washer & dryer,2910527,lauren,brooklyn,fort greene,40.68725,-73.97458,entire home/apt,150,2,4,2017-05-13,0.12,1,0
15311733,best of wall street (full studio all yours),28717495,yasir,manhattan,financial district,40.70651,-74.00656,entire home/apt,199,2,1,2016-10-10,0.03,1,0
15321266,spacious 1br apt / hamilton heights,219320,matt,manhattan,harlem,40.82218,-73.94593,entire home/apt,120,1,4,2016-10-30,0.12,1,0
15328018,"comfy & vibrant bedroomm of bushwick, jefferson l",93202618,ritchie,brooklyn,bushwick,40.70588,-73.92302,private room,45,1,7,2017-01-22,0.21,1,0
15334973,chic room by the park in bushwick,12573650,patrick,brooklyn,bushwick,40.70191,-73.92298,private room,38,1,11,2017-04-19,0.35,1,0
15360220,bohemian brooklyn pad with rooftop garden oasis,10109204,alexandra,brooklyn,bushwick,40.70378,-73.91311,private room,65,2,3,2018-02-10,0.09,1,0
15370219,modern apartment in manhattan,30494687,eduardo,manhattan,harlem,40.80887,-73.94889,private room,90,3,3,2017-07-01,0.09,1,0
15377187,nature lovers dream,20862571,marva,brooklyn,crown heights,40.66892,-73.96079,private room,32,2,1,2017-01-05,0.03,1,0
15377806,modern room uptown,8903368,judith,manhattan,harlem,40.81668,-73.94407,private room,100,1,3,2017-05-21,0.09,1,0
15379923,entire floor private 1 bedroom in bushwick,1774499,stephanie,brooklyn,bushwick,40.69909,-73.92279,private room,75,3,2,2016-11-02,0.06,1,0
15394503,cozy east village studio,7025954,nathan,manhattan,east village,40.72188,-73.9826,private room,99,3,11,2017-10-30,0.33,1,0
15394525,"cozy, studio apartment in bed-stuy",56065753,chary,brooklyn,bedford-stuyvesant,40.69205,-73.95593,entire home/apt,80,1,5,2018-09-03,0.17,1,0
15396328,private room in heart of east village!,14295824,josephine,manhattan,east village,40.72718,-73.98238,private room,80,4,7,2019-01-03,0.33,1,0
15399008,spacious room in relaxing 2 bdr uws apartment,46221302,lana,manhattan,upper west side,40.79858,-73.97301,private room,95,6,4,2019-05-02,0.15,1,0
15411945,"clean, cozy bedroom in luxury building",28007844,nan,manhattan,midtown,40.74459,-73.99061,private room,108,1,1,2017-01-03,0.03,1,0
15423552,manhattan upper west side 1 br by central park,98853519,joe,manhattan,upper west side,40.80209,-73.96196,entire home/apt,174,4,12,2019-01-03,0.44,1,0
15430782,most walkable location for fun,14016646,justin,manhattan,greenwich village,40.72962,-73.99932,private room,100,5,18,2017-10-29,0.56,1,0
15436402,modern style apartment with balcony in astoria,11082833,mash,queens,astoria,40.76231,-73.92354,entire home/apt,80,2,1,2017-01-23,0.03,1,0
15437413,spacious 1 bedroom at central park,4970150,sawyer,manhattan,upper west side,40.78152,-73.97249,entire home/apt,249,2,18,2018-11-04,0.55,1,0
15437906,southern comfort in harlem,65147357,tony,manhattan,east harlem,40.79543,-73.93539,private room,80,1,15,2019-06-02,0.45,1,0
15438016,awesome room and rooftop deck in east williamsburg,27506975,nick,brooklyn,williamsburg,40.70553,-73.94267,private room,90,2,1,2016-10-17,0.03,1,0
15447048,"brooklyn, where my story begins...",10238963,cathy,brooklyn,bay ridge,40.62652,-74.0196,entire home/apt,95,3,7,2018-09-09,0.22,1,0
15450257,a home away from home in the heart of the ues:),30116728,emily,manhattan,upper east side,40.78324,-73.95149,entire home/apt,125,5,1,2018-01-01,0.05,1,0
15454775,commuters paradise - cozy townhouse!,22789212,xenios,queens,long island city,40.74965,-73.94019,private room,99,2,4,2018-07-16,0.16,1,0
15470678,private bedroom & living room in williamsburg,46322461,gabe,brooklyn,williamsburg,40.71996,-73.95767,private room,100,1,7,2016-11-27,0.21,1,0
15482082,spacious studio near the subway,25673940,ben,queens,long island city,40.74422,-73.95432,entire home/apt,78,3,5,2018-01-06,0.16,1,0
15486072,cozy apartment off j&m subway lines,19977987,alisha,brooklyn,bushwick,40.70051,-73.93909,entire home/apt,125,1,12,2017-09-26,0.38,1,0
15492561,great 1 bedroom full apartment!,7765138,ally,manhattan,upper east side,40.78057,-73.95734,entire home/apt,120,2,13,2017-04-12,0.4,1,0
15493096,beautiful private bedroom in 2br apartment,14010411,alex,brooklyn,prospect heights,40.67419,-73.96423,private room,149,3,4,2017-01-02,0.13,1,0
15495356,super quiet apartment in east williamsburg!!! =),26943880,luca,brooklyn,williamsburg,40.71529,-73.94532,private room,80,3,6,2017-11-05,0.2,1,0
15510233,private room in comfortable apt.,43718548,manuel,manhattan,inwood,40.8622,-73.93349,private room,52,3,16,2018-10-15,0.49,1,0
15511749,"new listing---clean, spacious 1-bedroom in soho",99665419,nicole,manhattan,soho,40.72391,-74.00658,entire home/apt,75,4,9,2018-10-17,0.53,1,0
15517755,huge bedroom w/direct access to backyard,30047867,camila,brooklyn,bedford-stuyvesant,40.68707,-73.94437,private room,50,2,3,2017-01-05,0.09,1,0
15518025,"cozy east-village walk, blocks from union square",24634123,amanda brooke,manhattan,east village,40.72978,-73.98584,entire home/apt,250,5,1,2016-10-18,0.03,1,0
15519679,private room in beautiful apartment,2276763,kristy,manhattan,harlem,40.81678,-73.93836,private room,40,5,3,2019-01-01,0.16,1,0
15523281,1 bedroom to yourself in midtown manhattan!,96595601,tristan,manhattan,midtown,40.75966,-73.96313,entire home/apt,135,3,21,2019-05-12,0.67,1,0
15529336,lower east side private room - elevator building,94945743,ryan,manhattan,lower east side,40.71546,-73.98907,private room,120,6,3,2018-05-26,0.09,1,0
15546982,chill in downtown brooklyn clinton hill pratt univ,100718,brian,brooklyn,clinton hill,40.69278,-73.965,entire home/apt,95,1,13,2019-06-23,0.41,1,0
15551245,可愛いﾚﾝｶﾞの壁のお部屋/ manhattan,20915650,ayami,manhattan,east harlem,40.79324,-73.94037,private room,65,7,1,2016-12-31,0.03,1,0
15553495,sunny room on historic clinton ave. in fort greene,2500106,ariel,brooklyn,clinton hill,40.68908,-73.9678,private room,65,2,18,2018-12-16,0.55,1,0
15560258,tribeca/chinatown converted loft,24297098,christine,manhattan,chinatown,40.71807,-74.00215,entire home/apt,100,6,1,2016-11-01,0.03,1,0
15562465,"spacious apt on the park, 1 blk from l train",7149725,katie,brooklyn,bushwick,40.70236,-73.92232,entire home/apt,185,5,2,2016-11-26,0.06,1,0
15563361,cozy one-bedroom in park slope,23955743,susan,brooklyn,park slope,40.67879,-73.97438,entire home/apt,135,1,12,2017-03-22,0.37,1,0
15568740,"spacious, comfortable, ues private room",37907767,lauren,manhattan,upper east side,40.7673,-73.96043,private room,110,1,1,2016-12-03,0.03,1,0
15595714,sumptuous & lovely williamsburg 1 bedroom,17301301,catherine,brooklyn,williamsburg,40.70981,-73.94239,entire home/apt,110,2,11,2018-02-19,0.35,1,0
15596539,large private bedroom in a 3 story brown stone,1427352,tara,brooklyn,bedford-stuyvesant,40.69098,-73.92622,private room,40,2,2,2017-10-23,0.06,1,0
15597119,luxury williamsburg apt w/rooftop,2456412,amy,brooklyn,williamsburg,40.71524,-73.96229,entire home/apt,200,2,3,2017-01-05,0.09,1,0
15605295,incredible room in brooklyn,24346282,bharat,brooklyn,park slope,40.67729,-73.98122,private room,71,7,12,2018-09-11,0.36,1,0
15606875,private studio apartment in bushwick,96101938,mary,brooklyn,bushwick,40.69636,-73.92482,entire home/apt,88,2,19,2018-12-29,0.62,1,0
15615535,spacious upper west side studio near central park,74815132,kristen,manhattan,upper west side,40.78825,-73.97231,entire home/apt,115,5,5,2017-04-09,0.16,1,0
15629854,"big backyard! entire 2 story house, near train",42986446,nikki,brooklyn,bedford-stuyvesant,40.69136,-73.92803,entire home/apt,229,2,8,2018-09-03,0.25,1,0
15631921,"east village flat-clean,comfy,close",43227390,rose,manhattan,east village,40.72216,-73.97806,private room,110,3,7,2017-07-31,0.22,1,0
15632312,bright and sunny 2 bedroom apt.,9329143,janna,manhattan,east harlem,40.79931,-73.94196,entire home/apt,170,6,3,2018-12-30,0.16,1,0
15633727,cute 1-bedroom in the east village,16641743,shy,manhattan,east village,40.72952,-73.98388,entire home/apt,140,7,1,2016-11-07,0.03,1,0
15644644,queen bedroom with private bathroom in brooklyn,72029809,flavia,brooklyn,bedford-stuyvesant,40.69364,-73.93303,private room,89,5,1,2016-10-23,0.03,1,0
15647143,lovely 2 bedroom with balcony on uws,531006,kaya,manhattan,upper west side,40.79039,-73.96789,entire home/apt,180,4,9,2018-07-22,0.37,1,0
15649021,"cool private room in astoria, new york!",14422390,bill,queens,astoria,40.76625,-73.93295,private room,49,1,12,2017-07-19,0.37,1,0
15664673,big room in the heart of chelsea.,86408170,malin,manhattan,chelsea,40.74368,-73.99825,private room,120,1,1,2016-10-27,0.03,1,0
15671751,"cozy, colorful private room on the upper east side",30653537,rachel,manhattan,east harlem,40.78941,-73.94881,private room,60,1,8,2017-05-14,0.25,1,0
15675274,beautiful upper east side studio,62641421,tammy,manhattan,upper east side,40.7754,-73.95236,entire home/apt,125,2,8,2018-07-29,0.26,1,0
15678122,"lovely room in greenpoint, brooklyn",11262790,kajsa,brooklyn,greenpoint,40.72474,-73.94859,private room,55,5,3,2016-12-30,0.09,1,0
15678623,"spacious and homey 2 bedroom, express subway stop",3137269,rosy,brooklyn,crown heights,40.67587,-73.93175,entire home/apt,130,3,7,2017-05-08,0.21,1,0
15686751,one bedroom in williamsburg,48282875,gonzalo,brooklyn,williamsburg,40.70604,-73.94307,private room,55,3,4,2018-06-03,0.13,1,0
15699791,cozy winged bedroom in the east village,59962617,jennifer,manhattan,east village,40.72635,-73.98578,private room,155,1,1,2017-03-21,0.04,1,0
15700484,spacious luxury 2 bedroom apartment in brooklyn!,62413233,eleanor & kameon,brooklyn,bedford-stuyvesant,40.67718,-73.91405,entire home/apt,135,4,9,2018-05-20,0.29,1,0
15701663,home sweet home in harlem,26504092,wangari,manhattan,harlem,40.81407,-73.95092,entire home/apt,100,3,2,2017-01-05,0.06,1,0
15713028,artsy bedroom for solo traveler,101113595,chloe,brooklyn,bedford-stuyvesant,40.68012,-73.93862,private room,89,2,2,2017-01-01,0.07,1,0
15715946,sunny room with private bathroom - 5m to l train,34875504,juan p,brooklyn,bushwick,40.68992,-73.90951,private room,63,2,20,2018-07-22,0.62,1,0
15716633,bright spacious bk room with bath,22118802,sara,brooklyn,bushwick,40.7007,-73.92359,private room,90,3,3,2016-12-01,0.09,1,0
15717652,williamsburg gem: sleep up to 5,101529107,natalie,brooklyn,williamsburg,40.71124,-73.96451,entire home/apt,164,2,1,2017-01-04,0.03,1,0
15718412,sunny 2 bd + private rooftop on best gp street,14521207,megan & matt,brooklyn,greenpoint,40.72831,-73.95634,entire home/apt,250,3,2,2018-03-23,0.11,1,0
15721847,colorful artist loft w. your own ocean oasis,909710,claire,brooklyn,williamsburg,40.70634,-73.95338,private room,49,5,17,2018-04-30,0.53,1,0
15726990,two-bedroom in the heart of chelsea,15600805,nissim,manhattan,chelsea,40.73975,-73.99848,entire home/apt,265,3,2,2016-11-27,0.06,1,0
15735169,spacious studio in upper east side,85726670,priscilla,manhattan,upper east side,40.77043,-73.95557,entire home/apt,150,3,2,2019-06-09,0.08,1,0
15736079,king sized serenity,17043144,kat,brooklyn,bushwick,40.70018,-73.93858,private room,55,3,1,2016-11-15,0.03,1,0
15739930,cozy room amazingly located in williamsburg !,44706272,sophia and shannon,brooklyn,williamsburg,40.70835,-73.955,private room,45,3,4,2017-07-30,0.13,1,0
15758553,luxurious williamsburg loft with private patio,14258860,alvaro,brooklyn,williamsburg,40.71809,-73.95283,entire home/apt,200,5,1,2016-11-13,0.03,1,0
15761285,beautiful & spacious apartment on upper east side,24425145,alexandra,manhattan,upper east side,40.76395,-73.96196,entire home/apt,270,1,3,2018-03-25,0.1,1,0
15772750,"bright, cozy &  quiet ""treefort""-type one bedroom",88895712,matthew,brooklyn,williamsburg,40.71738,-73.94527,entire home/apt,150,4,11,2019-01-04,0.36,1,0
15773659,cozy studio in chelsea for one or two travellers,6834967,harry,manhattan,chelsea,40.74124,-74.00025,entire home/apt,150,6,1,2016-11-21,0.03,1,0
15774210,"beautiful artistic 1 bdrm in park slope, brooklyn",14370,misha,brooklyn,park slope,40.67358,-73.97171,entire home/apt,125,7,1,2017-01-04,0.03,1,0
15781214,large cozy bedroom in manhattan,102072740,lindsay,manhattan,washington heights,40.83837,-73.94224,private room,75,1,2,2018-05-23,0.06,1,0
15783719,private room in bright roomy 3br brooklyn apart.,59059294,eric,brooklyn,kensington,40.6378,-73.9696,private room,65,4,7,2019-05-27,0.22,1,0
15783766,cozy easy village apartment in central location,1546439,isabel,manhattan,east village,40.72868,-73.99036,private room,50,4,1,2016-11-28,0.03,1,0
15786428,entire floor in great location & beautiful garden,24360599,iwona,brooklyn,south slope,40.66132,-73.98678,entire home/apt,85,5,5,2019-01-03,0.16,1,0
15790071,elegant spacious private room,20237633,mike,queens,ridgewood,40.70639,-73.90058,private room,50,2,13,2017-06-13,0.4,1,0
15801639,master bedroom/20min manhattan/individual bathroom,61601937,yuxi,queens,woodside,40.74246,-73.90125,private room,40,1,7,2017-05-27,0.23,1,0
15818253,private room in red hook artist house,9549442,lynn,brooklyn,red hook,40.67749,-74.00761,private room,62,5,6,2018-11-01,0.19,1,0
15821383,manhattan low price uws columbia big cozy bedroom,70403406,tiffany,manhattan,upper west side,40.80258,-73.9676,private room,75,2,8,2017-08-04,0.26,1,0
15832702,modern light filled 1 bedroom in east williamsburg,11727149,silvana,brooklyn,williamsburg,40.70687,-73.9425,entire home/apt,150,3,19,2018-03-26,0.59,1,0
15832811,financial district(fidi) studio,102518726,nina,manhattan,financial district,40.70959,-74.00646,entire home/apt,145,3,2,2017-01-03,0.06,1,0
15842191,cozy room in the heart of park slope.,18240752,vadzim,brooklyn,park slope,40.67538,-73.98117,private room,47,2,7,2017-05-01,0.26,1,0
15845077,"sunny, 1 bedroom in bedstuy, brooklyn",14566486,daisy,brooklyn,bedford-stuyvesant,40.68434,-73.95399,entire home/apt,85,7,1,2016-11-07,0.03,1,0
15866496,"large room w private backyard, 20 mins to city",9193762,hannah,brooklyn,bushwick,40.69702,-73.93269,private room,43,1,1,2016-11-29,0.03,1,0
15872277,room in stuytown apartment,37712463,caroline,manhattan,gramercy,40.73267,-73.98259,private room,100,3,1,2016-11-29,0.03,1,0
15873841,"cozy private room in sunset park,bk",53635805,william,brooklyn,sunset park,40.64759,-73.99812,private room,38,2,1,2016-11-10,0.03,1,0
15874245,"spacious, cozy home away from home",48961085,anabelle,queens,astoria,40.76422,-73.92491,private room,88,5,7,2017-06-22,0.22,1,0
15882274,quiet&convenient/1b/ upperwestluxury/ 2sub nearby,56551795,rylee,manhattan,upper west side,40.79369,-73.96539,entire home/apt,150,4,1,2017-01-01,0.03,1,0
15884157,private bedroom bushwick close to l and j trains,16973022,patrick,brooklyn,bushwick,40.69092,-73.91195,private room,50,1,4,2016-11-26,0.12,1,0
15884886,brooklyn stay,58368740,bianca,brooklyn,bedford-stuyvesant,40.68537,-73.95043,private room,70,1,1,2017-01-02,0.03,1,0
15895829,entire jr. one bedroom prime west village,4012934,risa,manhattan,west village,40.73278,-74.00053,entire home/apt,125,7,12,2019-04-28,0.38,1,0
15896468,charming loft,2089329,emanuele,manhattan,east harlem,40.79084,-73.93962,entire home/apt,250,3,6,2019-01-06,0.22,1,0
15918889,private room in beautiful williamsburg apartment,14315424,alexa,brooklyn,williamsburg,40.70781,-73.95324,private room,58,2,6,2017-12-31,0.2,1,0
15926847,super spacious & sunny 1-bedroom fort greene apt.,19966776,lidia,brooklyn,fort greene,40.68386,-73.96813,entire home/apt,150,2,1,2017-10-08,0.05,1,0
15927695,900 sq. ft. artist loft in the heart of brooklyn,23832321,aurora and john,brooklyn,bedford-stuyvesant,40.69533,-73.95439,entire home/apt,150,2,14,2017-11-27,0.46,1,0
15929625,"east village/gramercy park, 1 bedroom",103367641,nidhi,manhattan,gramercy,40.73338,-73.98535,private room,110,1,8,2018-04-28,0.25,1,0
15952950,spacious bushwick loft,58503744,rachel,brooklyn,bushwick,40.69505,-73.90729,private room,65,4,4,2018-06-14,0.12,1,0
15955940,"space, comfort, views!",38866485,eugene,manhattan,upper west side,40.79402,-73.96398,entire home/apt,100,4,3,2018-01-01,0.1,1,0
15958726,"affordable 1 bedroom apt, in great neighborhood",103631576,nayamkah,brooklyn,bedford-stuyvesant,40.68411,-73.94494,entire home/apt,100,2,5,2017-05-24,0.16,1,0
15964171,charming studio located in kips bay!,103678761,chaehyun,manhattan,kips bay,40.74182,-73.97898,entire home/apt,160,3,9,2017-05-01,0.28,1,0
15964536,nice one bedroom in williamsburg,16460821,jehanne,brooklyn,williamsburg,40.70856,-73.95469,entire home/apt,139,4,2,2017-01-04,0.07,1,0
15969097,big bright alcove studio in upper east side,64442357,jaimie,manhattan,upper east side,40.76323,-73.95916,entire home/apt,200,4,2,2018-10-18,0.07,1,0
15969964,spacious and clean 1 bedroom - brooklyn,41471799,tessa,brooklyn,bushwick,40.70604,-73.92232,entire home/apt,115,3,3,2017-04-26,0.1,1,0
15969978,one bedroom in prospect heights with a cat!,21660871,rebecca,brooklyn,crown heights,40.67559,-73.96066,entire home/apt,45,3,1,2016-11-16,0.03,1,0
15979856,large private bedroom+bathroom central park north,3587764,jochen,manhattan,harlem,40.80031,-73.95514,private room,150,1,2,2018-12-30,0.07,1,0
15985264,quiet furnished room in greenpoint/williamsburg,103862923,jane,brooklyn,greenpoint,40.72482,-73.9525,private room,37,3,4,2018-01-01,0.13,1,0
15986775,chambre disponible harlem 1 semaine,103875907,massimo,manhattan,harlem,40.81668,-73.94511,private room,35,1,4,2016-11-26,0.12,1,0
15987959,cozy apartment in upper east!,4122796,sebastien,manhattan,upper east side,40.78122,-73.94989,entire home/apt,129,2,1,2016-11-18,0.03,1,0
15988494,queen bedroom in sunny central park apartment,103892907,dali,manhattan,harlem,40.79935,-73.95399,private room,103,1,2,2016-12-10,0.06,1,0
15989547,1 bd in sunny bedstuy apt,7380558,angelica,brooklyn,bedford-stuyvesant,40.68724,-73.95068,private room,41,7,9,2018-01-04,0.28,1,0
15990199,bright & spacious 1br in the heart of uws,44949168,tingting,manhattan,upper west side,40.78602,-73.97537,entire home/apt,167,3,3,2017-10-02,0.09,1,0
15990316,1-bedroom apt near manhattan,14292409,matt,queens,astoria,40.76332,-73.91351,entire home/apt,95,4,20,2018-02-19,0.63,1,0
15997880,"bright, cozy studio in astoria",103981529,eva,queens,long island city,40.76184,-73.92839,entire home/apt,76,3,9,2017-06-11,0.29,1,0
16004758,cozy studio in the heart of nyc,15980694,quentin,manhattan,upper east side,40.76435,-73.95782,entire home/apt,110,3,2,2017-04-09,0.06,1,0
16004955,beautiful williamsburg home on the park,1151840,antonio,brooklyn,williamsburg,40.71824,-73.95289,entire home/apt,220,5,1,2016-12-27,0.03,1,0
16004977,cosy renovated studio apartment in bed stuy,26243457,lina,brooklyn,bedford-stuyvesant,40.68919,-73.94073,entire home/apt,80,3,6,2017-09-29,0.24,1,0
16011595,top floor views great apartment in williamsburg,24404906,tony,brooklyn,williamsburg,40.70969,-73.95252,entire home/apt,120,5,1,2019-01-03,0.16,1,0
16012941,cozy nyc apt!,8531067,marina,manhattan,upper west side,40.7953,-73.97248,entire home/apt,250,2,2,2017-04-16,0.07,1,0
16014657,private bedroom for 1 female - lic great location!,104125363,monica,queens,long island city,40.74644,-73.94479,private room,70,4,1,2019-01-04,0.16,1,0
16018596,cozy room in hamilton heights,24444281,paloma,manhattan,harlem,40.82204,-73.94517,private room,40,5,4,2018-09-22,0.22,1,0
16026000,nice manhattan bedroom,34320426,manny lucas,manhattan,midtown,40.75976,-73.97178,private room,90,1,6,2017-04-07,0.19,1,0
16027606,parlour apartment in prewar home,104262874,james,brooklyn,bedford-stuyvesant,40.67776,-73.92754,shared room,40,4,17,2018-10-08,0.53,1,0
16032177,chelsea apartment/flat- sleeps up to 4,26784331,kevin,manhattan,chelsea,40.74344,-73.99506,entire home/apt,149,2,8,2017-01-28,0.25,1,0
16036654,in the heart of the west village,104348941,amanda,manhattan,west village,40.7341,-74.00104,entire home/apt,150,3,1,2016-11-20,0.03,1,0
16037130,greenwich village apartment,11402865,michael,manhattan,greenwich village,40.72796,-74.00154,entire home/apt,135,3,3,2017-07-31,0.1,1,0
16037576,large private room in upper east side,85294325,phillip,manhattan,upper east side,40.77128,-73.95787,private room,80,4,19,2018-11-24,0.6,1,0
16048422,cute greenpoint room,25599837,louise,brooklyn,greenpoint,40.73419,-73.95675,private room,60,3,1,2017-01-02,0.03,1,0
16050505,1 bedroom apartment with balcony in brooklyn,104500369,eric,brooklyn,bedford-stuyvesant,40.69519,-73.95107,entire home/apt,75,1,3,2016-11-29,0.09,1,0
16051971,family style home in upper east/east harlem,104516875,matthew,manhattan,east harlem,40.78892,-73.94185,entire home/apt,130,2,3,2017-01-16,0.1,1,0
16053606,huge bedroom in the upper west near central park,4372057,rafael,manhattan,upper west side,40.77815,-73.97574,private room,88,7,3,2017-05-31,0.1,1,0
16054200,apartment 5a,104350692,ridhima,manhattan,gramercy,40.73204,-73.98364,private room,110,1,16,2019-05-27,0.5,1,0
16056111,a touch of modern,36420662,marc,brooklyn,williamsburg,40.70775,-73.94611,private room,75,3,3,2017-04-29,0.11,1,0
16056573,spacious apartment in brooklyn,617427,ashfia & amir,brooklyn,clinton hill,40.68482,-73.96075,entire home/apt,145,2,4,2018-05-23,0.13,1,0
16063467,"spacious modern 1-bedroom in greenpoint w/tv, heat",2332386,ariel,brooklyn,greenpoint,40.73469,-73.95527,entire home/apt,86,4,2,2017-03-17,0.06,1,0
16065618,times sqaure gem,87518679,michelle,manhattan,hell's kitchen,40.76009,-73.98937,entire home/apt,280,5,1,2017-01-02,0.03,1,0
16067816,sunny sunset park apt,17285612,jessica,brooklyn,sunset park,40.64908,-74.01418,entire home/apt,75,4,5,2018-08-18,0.16,1,0
16068067,colorful and huge 1bd near prospect park,15792248,marina,brooklyn,kensington,40.63647,-73.97463,entire home/apt,100,2,1,2017-01-02,0.03,1,0
16068281,spacious & light room in hip lower east side,13324284,rob,manhattan,chinatown,40.71608,-73.99233,private room,95,4,1,2017-01-06,0.03,1,0
16071397,small private room in gramercy/east village,7555939,chelsea,manhattan,gramercy,40.73257,-73.98234,private room,65,5,7,2018-09-15,0.26,1,0
16081163,bright brooklyn bedroom in crown heights,17848497,steve,brooklyn,crown heights,40.67532,-73.94138,private room,35,3,2,2017-04-23,0.07,1,0
16083752,charming upper east side 1 br on historic block,104821930,elijah,manhattan,upper east side,40.77129,-73.9501,entire home/apt,120,1,9,2018-02-25,0.28,1,0
16085227,1 bedroom apt. in prime williamsburg,9195264,pilar,brooklyn,williamsburg,40.72043,-73.95508,entire home/apt,150,2,13,2017-04-17,0.41,1,0
16086039,the coziest bedroom of the upper west side,104838182,larissa,manhattan,upper west side,40.8013,-73.96669,private room,85,7,14,2019-05-18,0.51,1,0
16095512,"large & comfortable, close to train",15793354,ebone,brooklyn,crown heights,40.66675,-73.92958,entire home/apt,73,2,4,2017-06-13,0.16,1,0
16108194,"quiet, clean room in amazing location!",2642093,paloma,brooklyn,greenpoint,40.73124,-73.95527,private room,75,5,1,2017-10-04,0.05,1,0
16110204,"cozy, convenient park slope 2br",394223,anna,brooklyn,south slope,40.66459,-73.9905,entire home/apt,130,4,1,2017-01-01,0.03,1,0
16112663,sunny spacious family friendly 2bed/2bath ues apt,93742479,alex,manhattan,upper east side,40.77316,-73.94495,entire home/apt,250,2,10,2019-01-12,0.33,1,0
16120794,private apartment in the heart of chelsea,9584918,ash,manhattan,chelsea,40.74208,-74.00121,entire home/apt,156,5,4,2018-01-04,0.13,1,0
16123657,modern large apartment in midtown east,6984985,andres,manhattan,midtown,40.75574,-73.9705,entire home/apt,279,5,3,2017-07-17,0.1,1,0
16130658,brooklyn apartment on the park,17138432,georgia & robin,brooklyn,greenpoint,40.72725,-73.944,entire home/apt,130,4,10,2019-03-18,0.33,1,0
16136287,bedroom in large artist loft in brooklyn,15863391,cyril,brooklyn,clinton hill,40.68987,-73.96095,private room,49,5,16,2019-01-10,0.53,1,0
16141887,chateau retreat in artsy bushwick brooklyn,33651056,danielle,brooklyn,bushwick,40.68778,-73.91381,private room,120,3,1,2017-01-04,0.03,1,0
16144586,"comfortable room, couples welcome, crown heights.",79751933,amara,brooklyn,crown heights,40.67034,-73.95169,private room,30,3,1,2016-12-16,0.03,1,0
16147001,"new reno - vibey, sun-filled studio",35093829,chris,brooklyn,williamsburg,40.71319,-73.93606,entire home/apt,160,2,11,2018-02-06,0.35,1,0
16148563,gorgeous brand new condo,19584296,jeffrey,manhattan,east harlem,40.79147,-73.94791,entire home/apt,225,5,6,2018-08-06,0.38,1,0
16153863,modern 1 bedroom in prime bushwick,34508225,camilla,brooklyn,bushwick,40.70389,-73.92771,entire home/apt,135,3,5,2018-07-01,0.2,1,0
16158314,cozy apartment in williamsburg,20195183,yossi,brooklyn,williamsburg,40.71749,-73.95246,entire home/apt,200,2,9,2019-04-23,0.29,1,0
16161819,cozy room in a 2br apartment,83732495,debbie,brooklyn,east flatbush,40.65221,-73.93634,private room,21,5,4,2017-04-30,0.15,1,0
16162621,new! exceptional 2br/1ba williamsburg oasis,104781467,russell,brooklyn,williamsburg,40.71306,-73.94856,entire home/apt,199,3,1,2016-12-11,0.03,1,0
16163672,"1 bedroom in the heart of the upper east side, ny",60495305,joe,manhattan,upper east side,40.7732,-73.95857,private room,100,2,14,2018-01-01,0.46,1,0
16163725,entire 1br in the heart of nyc !,68544687,maria,manhattan,nolita,40.72321,-73.99514,entire home/apt,199,3,3,2017-05-28,0.1,1,0
16164613,cozy studio with stunning views of dwntwn,48832831,ryan,manhattan,upper west side,40.77146,-73.98906,entire home/apt,200,2,3,2016-12-18,0.1,1,0
16164856,sun filled gem in the heart of the east village,12610226,kumara,manhattan,east village,40.72315,-73.97878,entire home/apt,150,5,8,2018-09-23,0.26,1,0
16171595,cozy apartment,105162882,jian,manhattan,upper west side,40.7987,-73.9621,private room,110,1,1,2016-12-07,0.03,1,0
16172162,"gorgeous, sun-drenched private apt in harlem",72808547,jeremy,manhattan,harlem,40.80804,-73.943,entire home/apt,120,4,22,2019-06-24,0.71,1,0
16172895,studio in beautiful chelsea - close to everything!,9007993,mary,manhattan,chelsea,40.74111,-73.99594,entire home/apt,150,3,2,2017-08-13,0.08,1,0
16174929,cosy room in williamsburg house,22432953,charles-hugo,brooklyn,williamsburg,40.70816,-73.94822,private room,55,4,3,2017-05-05,0.1,1,0
16179502,charming room well located !!!!,13325936,madi,manhattan,east harlem,40.79275,-73.94191,private room,60,5,1,2017-01-02,0.03,1,0
16185437,cozy bedroom in centrally located apartment,22243853,annie,brooklyn,williamsburg,40.7142,-73.96408,private room,60,3,21,2018-09-11,0.72,1,0
16190110,private room in flatbush brooklyn!,19238497,azu,brooklyn,prospect-lefferts gardens,40.65538,-73.96056,private room,36,7,8,2017-08-19,0.26,1,0
16202083,"modern room in a cozy, colorful apartment",11073179,sandra,brooklyn,prospect-lefferts gardens,40.66122,-73.94867,private room,75,1,3,2019-02-23,0.1,1,0
16205941,cozy 1 bedroom in brooklyn 30max to manhattan,63834432,camille,brooklyn,williamsburg,40.70781,-73.93926,private room,58,1,1,2016-12-08,0.03,1,0
16206383,bright room in the heart of astoria,2568028,maria,queens,astoria,40.76963,-73.92993,private room,50,1,5,2016-12-17,0.16,1,0
16206794,1br apartment one block from columbia u and subway,9601972,samer,manhattan,morningside heights,40.80724,-73.96348,entire home/apt,189,2,1,2017-01-04,0.03,1,0
16206887,private room in brooklyn house with backyard,43754478,thomas,brooklyn,bedford-stuyvesant,40.69878,-73.94607,private room,50,5,5,2017-04-28,0.17,1,0
16212477,bright big bedroom in brooklyn,9119410,marie,brooklyn,kensington,40.63501,-73.97298,private room,80,1,1,2016-12-10,0.03,1,0
16214404,"small but cozy room in roosevelt island, location!",31207419,yandong,manhattan,roosevelt island,40.76213,-73.94889,private room,45,2,1,2016-12-25,0.03,1,0
16217520,designer's rail-road apartment-prime williamsburg,8300022,siria,brooklyn,williamsburg,40.7092,-73.9506,entire home/apt,130,5,1,2017-01-01,0.03,1,0
16227237,"spacious studio in prime williamsburg, brooklyn",1914516,daniel,brooklyn,williamsburg,40.71134,-73.95953,entire home/apt,165,1,3,2017-09-17,0.12,1,0
16230581,cozy apartment in the heart of williamsburg!,326185,martina,brooklyn,williamsburg,40.71532,-73.95563,entire home/apt,108,3,3,2017-07-28,0.1,1,0
16230640,"comfy, convenient upper west side condo room",61585315,rachel & preston,manhattan,upper west side,40.78513,-73.97737,private room,75,2,3,2017-03-26,0.1,1,0
16230905,bright & sunny studio in the upper east side,49900664,kelcey,manhattan,upper east side,40.76954,-73.94904,entire home/apt,91,2,2,2016-12-19,0.06,1,0
16237242,williamsburg waterfront 2br + 2bath apartment,3088873,dave,brooklyn,williamsburg,40.72052,-73.96239,entire home/apt,149,2,9,2017-06-05,0.29,1,0
16237773,quiet and beautiful apartment near central park,18104054,nicole,manhattan,upper east side,40.76761,-73.95986,entire home/apt,160,7,1,2017-01-01,0.03,1,0
16238449,lovely apartment near prospect park.,19585203,franny & zooey,brooklyn,kensington,40.64571,-73.97449,entire home/apt,90,7,2,2017-01-16,0.07,1,0
16241319,spacious brooklyn 2br house (with cat & parking!),24418469,kirsten,brooklyn,east flatbush,40.64625,-73.95048,entire home/apt,200,3,6,2019-01-01,0.2,1,0
16241833,one bedroom available with great access to trains!,71147912,rachel,brooklyn,bushwick,40.7046,-73.92538,private room,49,4,3,2018-01-01,0.1,1,0
16243676,apt for up to 4! dream location & private terrace!,3991905,romina,manhattan,gramercy,40.73873,-73.98714,entire home/apt,250,3,1,2017-06-04,0.04,1,0
16244634,private room/ 2br apt. bedstuy/ brooklyn,44458662,melanie,brooklyn,bedford-stuyvesant,40.68725,-73.93068,private room,40,5,2,2017-07-20,0.08,1,0
16252722,sunny large loft&rooftop in williamsburg,18625208,delphine,brooklyn,williamsburg,40.71606,-73.95135,private room,85,2,4,2017-10-15,0.13,1,0
16253465,sunny chelsea studio,86575720,ali and amy,manhattan,chelsea,40.74138,-73.99875,entire home/apt,128,1,6,2017-02-25,0.19,1,0
16256074,sweet cozy room in brooklyn - east williamsburg,44707475,rachel,brooklyn,williamsburg,40.71396,-73.93952,private room,35,7,5,2019-02-10,0.16,1,0
16258672,cozy 1 bedroom in clinton hill,3086976,aissatou,brooklyn,clinton hill,40.68902,-73.96784,entire home/apt,135,7,2,2017-04-24,0.07,1,0
16258784,one room in large sunny 2 bedroom in brooklyn,19000672,cindy,brooklyn,crown heights,40.67503,-73.95771,private room,150,2,2,2017-01-03,0.07,1,0
16260117,"queen room in great 2br apt, 20min to times sq",336228,victoria,queens,sunnyside,40.74673,-73.91564,private room,95,1,2,2018-02-10,0.09,1,0
16260362,entire private studio in new york,18569725,veer,manhattan,hell's kitchen,40.76246,-73.99913,entire home/apt,150,1,21,2017-06-08,0.67,1,0
16268781,large private one bedroom,1395843,jackie,manhattan,washington heights,40.84313,-73.93947,private room,50,2,3,2017-01-08,0.1,1,0
16269256,wash hts 2br  apt extra sofa bed. avail 12/20-1/4,101053359,john,manhattan,washington heights,40.85447,-73.92804,entire home/apt,99,4,2,2018-01-02,0.09,1,0
16275733,private room in quiet ues apartment,20362478,gabrielle,manhattan,upper east side,40.76835,-73.95837,private room,100,1,19,2017-05-17,0.62,1,0
16283830,1br lower east side gem in new elevator building!,49883421,scott,manhattan,lower east side,40.71973,-73.99022,entire home/apt,225,4,8,2017-04-25,0.26,1,0
16284730,comfy room in williamsburg duplex *big backyard*,13490820,douglas,brooklyn,williamsburg,40.70719,-73.94749,private room,50,3,3,2018-11-23,0.35,1,0
16287282,"cozy, chic: plants, good vibes and lots of light!",34549333,jordan,manhattan,washington heights,40.83321,-73.93838,private room,54,3,1,2017-01-04,0.03,1,0
16288598,cozy bohemian home!,7965887,stephanie,queens,ridgewood,40.70292,-73.91119,private room,60,3,5,2018-11-25,0.16,1,0
16296071,"charming, sunny studio in williamsburg",1470458,ariella,brooklyn,greenpoint,40.71973,-73.95407,entire home/apt,135,3,14,2019-06-15,0.46,1,0
16298489,sunny room,47675184,antonio,brooklyn,bedford-stuyvesant,40.69201,-73.9475,private room,35,1,7,2017-01-12,0.22,1,0
16299269,single minimal bedroom in hip area of brooklyn nyc,4453703,kraig,brooklyn,bushwick,40.69731,-73.93272,private room,43,1,1,2016-12-08,0.03,1,0
16300514,cozy 1 bedroom escape,68714722,jessica,manhattan,upper east side,40.77704,-73.94442,entire home/apt,166,2,4,2018-12-28,0.49,1,0
16301464,"studio apt in midtown manhattan, great value",66271966,don,manhattan,hell's kitchen,40.76926,-73.98796,entire home/apt,97,1,4,2017-03-16,0.14,1,0
16301899,private room in well furnished quintessential 2br!,5865860,jeremy,manhattan,midtown,40.75524,-73.96755,private room,120,2,2,2017-06-30,0.08,1,0
16308331,sunny beautiful airy bedroom in modern apartment,9367785,camilo,brooklyn,greenpoint,40.725,-73.94633,private room,63,1,10,2018-04-08,0.32,1,0
16309329,"cozy, private room in a 3 br in gramercy",934811,monica,manhattan,kips bay,40.74047,-73.98381,private room,70,2,8,2019-06-30,0.26,1,0
16309538,"sunny, quiet 1 bedroom in union sq/east village",101113812,michael,manhattan,east village,40.73256,-73.98622,entire home/apt,198,5,10,2017-05-29,0.32,1,0
16311527,small furnished room in shared west village apt,13846249,sarah,manhattan,west village,40.73368,-74.00049,private room,100,2,2,2017-01-03,0.06,1,0
16312490,spacious room steps from central park and subway,3240340,yulia,manhattan,harlem,40.80392,-73.95642,private room,55,2,7,2018-03-20,0.23,1,0
16315325,"sunny basement studio apartment, 1 block to park",13741210,deborah,brooklyn,flatbush,40.64849,-73.96585,entire home/apt,89,2,9,2018-10-01,0.29,1,0
16320612,modern apt in harlem steps from central park!,88152200,sade,manhattan,harlem,40.79942,-73.95128,entire home/apt,159,3,11,2017-10-25,0.36,1,0
16321376,sunny 1 bedroom apt. in brooklyn,43610994,christopher,brooklyn,bedford-stuyvesant,40.67902,-73.95085,entire home/apt,70,2,5,2018-12-29,0.19,1,0
16323239,spacious 2 bdr - hell's kitchen/times square,2559886,sy,manhattan,hell's kitchen,40.76284,-73.98849,entire home/apt,130,4,2,2017-11-30,0.07,1,0
16325588,chic & cosy lower east side apartment,27809907,sophie,manhattan,chinatown,40.71704,-73.99081,private room,130,2,2,2017-07-02,0.06,1,0
16332242,"spacious, cozy, quiet 1.5 bedroom",85692123,audrey,queens,ridgewood,40.70501,-73.91065,entire home/apt,99,4,1,2017-01-02,0.03,1,0
16333075,light filled private room in red hook!,1228668,mattia,brooklyn,red hook,40.67414,-74.00707,private room,38,4,4,2019-06-20,0.13,1,0
16334327,"bright, airy, calm brooklyn space",1636770,clare,brooklyn,bedford-stuyvesant,40.68314,-73.9566,private room,68,2,4,2017-01-24,0.13,1,0
16334336,modern ridgewood apartment!,105079063,manuel,queens,ridgewood,40.69857,-73.90618,private room,65,4,20,2017-12-27,0.64,1,0
16335390,a dose of williamsburg cool,3914854,matt,brooklyn,williamsburg,40.70885,-73.94586,private room,125,2,3,2017-04-08,0.1,1,0
16336860,cozy room in 3 br williamsburg apartment,60736303,charlotte,brooklyn,williamsburg,40.71457,-73.96332,private room,60,2,1,2017-01-01,0.03,1,0
16336867,super great williamsburg apartment- private room,36828710,bridgid,brooklyn,williamsburg,40.7133,-73.95037,private room,60,1,1,2017-03-27,0.04,1,0
16338454,cozy & sunlit three bedroom apartment,5828836,dana,manhattan,harlem,40.82548,-73.94983,entire home/apt,255,2,1,2017-01-01,0.03,1,0
16346945,full apartment in upper west side.,15702477,per byholt leibøl,manhattan,upper west side,40.79519,-73.96945,entire home/apt,109,2,2,2017-01-14,0.07,1,0
16349645,studio in west village,6335037,eric,manhattan,west village,40.73243,-74.00932,entire home/apt,220,4,1,2017-01-02,0.03,1,0
16350500,charming modern 1 bedroom in bedstuy.,35331192,shaun-curtis,brooklyn,bedford-stuyvesant,40.68369,-73.94897,entire home/apt,175,4,2,2018-01-02,0.07,1,0
16350688,"private studio along the park in greenpoint, bk",69280122,colin,brooklyn,greenpoint,40.7234,-73.94136,entire home/apt,60,3,5,2019-07-07,0.17,1,0
16352907,new years eve in a bright and airy uws one bedroom,71698853,sarah,manhattan,upper west side,40.78592,-73.97331,entire home/apt,100,2,1,2017-01-02,0.03,1,0
16353257,quiet and cozy apartment in greenwich village,27932675,sandra,manhattan,noho,40.72571,-73.99506,entire home/apt,100,3,3,2017-03-17,0.1,1,0
16353458,cozy and sunny 2 br apartment in trendy greenpoint,4229387,suzanne,brooklyn,greenpoint,40.73475,-73.95543,entire home/apt,150,4,4,2019-01-01,0.13,1,0
16353851,luxury apartment in the heart of williamsburg,14808512,florian,brooklyn,williamsburg,40.71809,-73.95383,entire home/apt,170,3,2,2018-01-01,0.07,1,0
16354659,east village studio apt w/private courtyard oasis,93211521,steven,manhattan,east village,40.7292,-73.98156,entire home/apt,120,6,1,2017-01-05,0.03,1,0
16360010,"charming bedroom, great location !",26574838,maude,brooklyn,williamsburg,40.70769,-73.94548,private room,65,2,2,2017-01-08,0.07,1,0
16367064,cute and cozy space in chinatown,11511386,erika,manhattan,chinatown,40.71513,-73.9981,private room,100,2,1,2016-12-30,0.03,1,0
16370096,beautiful room in brooklyn,16627758,thai,brooklyn,bedford-stuyvesant,40.68643,-73.95548,private room,38,1,3,2017-01-14,0.1,1,0
16374783,loft in brooklyn,697678,shauna,brooklyn,bedford-stuyvesant,40.68009,-73.94676,entire home/apt,119,3,6,2017-11-25,0.2,1,0
16377144,cozy 2bedroom apt. in astoria,7310057,carl,queens,astoria,40.76793,-73.91918,entire home/apt,79,3,2,2019-01-01,0.11,1,0
16378562,charming studio in midtown east,20692024,ali,manhattan,midtown,40.75827,-73.96196,entire home/apt,215,5,7,2018-05-20,0.38,1,0
16378706,master bedroom in stylish apartment,1276297,amitis,brooklyn,greenpoint,40.72838,-73.94739,private room,67,1,2,2017-02-01,0.07,1,0
16389820,lovely room in the lovely area of williamsburg bk,6141851,freya,brooklyn,williamsburg,40.71385,-73.95559,private room,64,2,3,2017-01-02,0.1,1,0
16391487,affordable bedroom in the east village!,16085180,nicolas,manhattan,east village,40.72351,-73.98389,private room,70,2,9,2017-05-28,0.29,1,0
16392756,cozy studio next to wash sq park,5895282,scott,manhattan,greenwich village,40.73421,-73.9968,entire home/apt,135,5,9,2017-06-16,0.29,1,0
16393500,bedroom in beautiful brooklyn apartment,23099342,jon,brooklyn,fort greene,40.68713,-73.97222,private room,55,7,2,2017-01-02,0.06,1,0
16394179,private bedroom + shared house,101809002,tak,brooklyn,brownsville,40.65958,-73.91113,private room,28,1,7,2017-03-01,0.23,1,0
16394193,cozy & affordable,59338077,nash,queens,ridgewood,40.70443,-73.90656,private room,45,1,2,2017-01-02,0.07,1,0
16394440,"beautiful double room - heart of clinton hill, bk",47817193,loreley,brooklyn,clinton hill,40.68604,-73.9676,private room,120,1,2,2017-05-16,0.07,1,0
16394488,hip luxury stay w private bath 5 min to manhattan,94027304,roberson,brooklyn,williamsburg,40.71499,-73.95561,private room,90,3,5,2017-07-13,0.16,1,0
16395800,small room,78497102,ira,manhattan,lower east side,40.71777,-73.98526,private room,99,1,6,2018-01-01,0.2,1,0
16396119,enjoy my apartment for the summer!,52780335,aaron,manhattan,washington heights,40.83985,-73.93715,entire home/apt,65,3,14,2019-06-29,0.45,1,0
16396507,full 1 bedroom apt in an awesome area!,1175504,verun,manhattan,kips bay,40.74301,-73.98037,entire home/apt,120,4,2,2017-05-27,0.07,1,0
16403092,beautiful 1 bedroom in bedstuy with private yard,98976,nathan,brooklyn,bedford-stuyvesant,40.69332,-73.95023,entire home/apt,140,7,4,2017-11-19,0.13,1,0
16407022,bedroom in spacious williamsburg loft,22803324,andrea,brooklyn,williamsburg,40.70675,-73.96768,private room,80,2,3,2017-06-02,0.11,1,0
16408202,spacious room with amazing view,8309054,kenza,manhattan,east village,40.72726,-73.98037,private room,90,2,3,2017-12-20,0.1,1,0
16412250,cozy and quiet 1 bedroom in great neighborhood,19294443,melissa,brooklyn,park slope,40.67514,-73.97598,entire home/apt,85,2,1,2017-01-01,0.03,1,0
16413638,cute nolita 1 bedroom,12349009,kaj,manhattan,nolita,40.72253,-73.99459,entire home/apt,200,3,1,2017-01-02,0.03,1,0
16415297,"spacious&sunny bedroom near central park,uppereast",12895206,salvatore,manhattan,upper east side,40.77651,-73.94791,private room,65,7,4,2017-12-29,0.13,1,0
16415910,clean and spacious private room for your nyc trip!,53850552,virginia,manhattan,harlem,40.82682,-73.95142,private room,50,6,4,2017-07-29,0.13,1,0
16420915,"classic new york! heart of uws!
clean. bright. new",27847787,samuel,manhattan,upper west side,40.78446,-73.97189,entire home/apt,230,6,9,2019-01-02,0.37,1,0
16424934,stylish and cozy east village 2 bedroom apartment,20823812,stephanie,manhattan,east village,40.72798,-73.97787,entire home/apt,135,1,1,2016-12-28,0.03,1,0
16427395,"unique, lofted 1br in the heart of west village",43151590,kharay,manhattan,west village,40.73581,-74.00684,entire home/apt,150,3,4,2018-12-30,0.13,1,0
16429866,sunny room in brooklyn by n train,36758315,isadora,brooklyn,sunset park,40.64342,-74.01224,private room,60,2,1,2017-01-02,0.03,1,0
16438038,cosy room in williamsburg,40630037,clara,brooklyn,williamsburg,40.70786,-73.94821,private room,60,2,8,2017-10-03,0.26,1,0
16438893,"great room in brooklyn, the park, 30 min to mh.",64042146,david,brooklyn,flatbush,40.65096,-73.96395,private room,33,5,2,2017-06-12,0.06,1,0
16448634,centrally located east village studio,49987,meg,manhattan,east village,40.73245,-73.98873,entire home/apt,130,2,1,2016-12-31,0.03,1,0
16451907,lg park slope apt with washer/dryer & backyard,1223281,annette,brooklyn,gowanus,40.66621,-73.99311,entire home/apt,100,5,10,2018-12-28,0.41,1,0
16454164,beautiful and quiet morningside heights 1br,19659393,cathy,manhattan,morningside heights,40.80826,-73.96499,entire home/apt,105,2,1,2017-01-02,0.03,1,0
16463445,beautiful apt in ues,50549111,laura,manhattan,upper east side,40.77198,-73.95003,entire home/apt,200,3,3,2019-01-01,0.1,1,0
16465524,shared room in brooklyn,40871485,ajay,brooklyn,bay ridge,40.63821,-74.0273,shared room,22,5,1,2017-01-14,0.03,1,0
16465638,modern apartment in bed-stuy,794727,martin,brooklyn,bedford-stuyvesant,40.69022,-73.94298,entire home/apt,60,4,11,2019-06-01,0.36,1,0
16467165,studio apartment in prospect lefferts gardens,7579679,martha,brooklyn,prospect-lefferts gardens,40.66153,-73.96185,entire home/apt,50,4,1,2017-05-03,0.04,1,0
16468001,charming upper west private floor,49208451,alix,manhattan,upper west side,40.7819,-73.98367,private room,200,1,2,2016-12-29,0.06,1,0
16469132,sunny private room close to central park - harlem,16273228,sherian,manhattan,east harlem,40.79602,-73.94884,private room,77,1,6,2017-07-20,0.23,1,0
16479459,huge modern ensuite. convenient. incredible view!,19442899,david,manhattan,hell's kitchen,40.75545,-73.99547,private room,119,7,11,2017-10-20,0.37,1,0
16487967,private room in 4br modern manhattan apartment,24752198,brando,manhattan,upper west side,40.80347,-73.96607,private room,38,3,1,2017-01-30,0.03,1,0
16491507,extra cozy room in center of williamsburg,4033160,brian,brooklyn,williamsburg,40.71404,-73.95783,private room,98,1,3,2017-01-01,0.1,1,0
16493057,artistic union sq duplex + private roof top nyc,69398683,ben,manhattan,west village,40.73795,-74.00139,entire home/apt,175,2,7,2019-07-01,0.38,1,0
16497297,glass factory loft,5379884,jacob,brooklyn,greenpoint,40.73792,-73.95541,private room,60,7,5,2019-05-31,0.16,1,0
16498294,cozy beautiful apt in east village,13312279,marta,manhattan,east village,40.72638,-73.98464,entire home/apt,125,4,17,2018-09-01,0.56,1,0
16504513,gorgeous industrial loft in prime williamsburg,5179443,vinay,brooklyn,williamsburg,40.72162,-73.96029,entire home/apt,195,4,7,2018-11-11,0.23,1,0
16505722,"spacious, bright studio near prospect park",15279171,ashley,brooklyn,flatbush,40.6456,-73.95982,entire home/apt,55,2,5,2017-08-28,0.16,1,0
16514760,large 1br brooklyn apt,45293248,nicholas,brooklyn,williamsburg,40.70589,-73.95123,entire home/apt,137,3,3,2017-09-04,0.1,1,0
16515501,"bright, open, and beautiful 2-bedroom!",411560,joel,brooklyn,williamsburg,40.70893,-73.94662,entire home/apt,200,2,1,2017-08-28,0.04,1,0
16518377,east village 1br apt with all the amenities,3012457,cody,manhattan,east village,40.7235,-73.97963,entire home/apt,200,2,3,2018-07-10,0.16,1,0
16519154,sunny modern studio in williamsburg,19480727,helen,brooklyn,williamsburg,40.71013,-73.96517,entire home/apt,175,5,6,2019-05-24,0.21,1,0
16519911,fabulous art-filled west village home (1br),13584145,monika,manhattan,west village,40.73308,-74.00203,entire home/apt,275,2,4,2018-07-17,0.15,1,0
16528572,east williamsburg private room w/ backyard access,67925153,deanna,brooklyn,williamsburg,40.70509,-73.93322,private room,45,1,8,2017-04-08,0.26,1,0
16529413,private bedroom in beautiful central williamsburg!,14624072,louis,brooklyn,williamsburg,40.71753,-73.94946,private room,48,2,1,2017-01-15,0.03,1,0
16541635,spacious uws studio overlooking central park,77375497,hannah,manhattan,upper west side,40.79163,-73.96727,entire home/apt,100,4,2,2017-09-03,0.09,1,0
16542661,parisian apt in prime carroll gardens brooklyn,72568223,jane jo,brooklyn,gowanus,40.68066,-73.99097,entire home/apt,159,5,12,2017-09-10,0.41,1,0
16543538,sunny private bedroom in harlem,5959857,lukasz,manhattan,harlem,40.82097,-73.95282,private room,40,3,2,2017-02-18,0.07,1,0
16543563,"beautiful private room in east village, nyc",5076469,aaron,manhattan,east village,40.72558,-73.99025,private room,95,7,2,2017-04-16,0.07,1,0
16554488,lovely brooklyn room near train stop,39055365,anaïs,brooklyn,bedford-stuyvesant,40.68156,-73.91424,private room,45,2,5,2017-02-20,0.17,1,0
16559061,large room in manhattan,91744449,ricardo,manhattan,harlem,40.81488,-73.94221,private room,85,1,3,2017-03-25,0.1,1,0
16567425,tidy artists' apartment,17227959,dustin,brooklyn,crown heights,40.66404,-73.95141,entire home/apt,56,4,3,2017-08-23,0.1,1,0
16568106,"quiet south slope house w/ piano, porch & garden.",7574029,tracey,brooklyn,sunset park,40.65917,-73.99137,entire home/apt,175,1,17,2018-08-26,0.56,1,0
16569554,bright room williamsburg off bedford,1535167,danielle,brooklyn,williamsburg,40.71681,-73.96296,private room,69,2,10,2019-01-01,0.34,1,0
16570490,sunny room in clinton hill brooklyn,11935009,brandon,brooklyn,clinton hill,40.68118,-73.96126,private room,60,2,15,2018-06-29,0.5,1,0
16579236,chambre idéale couple ou amis - proche manhattan,24118830,constanza,brooklyn,williamsburg,40.70825,-73.94932,private room,80,2,5,2017-06-06,0.18,1,0
16586966,huge quiet modern oasis,9398673,tal,brooklyn,prospect heights,40.67915,-73.96913,entire home/apt,150,2,2,2018-02-15,0.11,1,0
16613219,landmarked 1899 brownstone with private garden,603592,brad,brooklyn,bedford-stuyvesant,40.68392,-73.93123,entire home/apt,175,4,14,2017-09-05,0.5,1,0
16617542,peaceful bedroom with private balcony in les,19053159,nikki,manhattan,lower east side,40.71875,-73.98349,private room,60,2,2,2018-03-21,0.12,1,0
16618113,private room in 2br in hip east williamsburg,2887101,kerry,brooklyn,williamsburg,40.70762,-73.94221,private room,47,3,2,2017-01-17,0.07,1,0
16650612,"chic, upscale studio-midtown, perfect location!",24805629,joi,manhattan,hell's kitchen,40.76486,-73.98682,entire home/apt,200,2,6,2017-08-27,0.2,1,0
16652059,cosy private room in modern sunny williamsburg apt,27267477,basile,brooklyn,williamsburg,40.70987,-73.9472,private room,65,4,10,2018-10-13,0.41,1,0
16673329,cozy brownstone studio in the heart of harlem!,16400950,farrah,manhattan,east harlem,40.80674,-73.94146,private room,91,1,4,2017-05-31,0.14,1,0
16673377,stunning bedroom in the best neighborhood of nyc,13001035,montserrat,manhattan,midtown,40.756,-73.97078,private room,122,3,19,2018-11-24,0.67,1,0
16675507,penthouse w/ private manhattan skyline view deck!,56735326,christi,brooklyn,greenpoint,40.72347,-73.94039,entire home/apt,125,3,4,2017-07-05,0.13,1,0
16678104,"wyndham midtown: e 45th st., nyc",3843799,bnb-resorts by rc,manhattan,midtown,40.75382,-73.97192,entire home/apt,165,3,4,2017-11-07,0.18,1,0
16678888,peaceful spacious 1 bdrm apt in carroll gardens,1380312,shari,brooklyn,carroll gardens,40.67735,-73.99706,entire home/apt,175,7,17,2019-03-24,0.58,1,0
16687158,large private apartment in clinton hill,68302204,samuel,brooklyn,bedford-stuyvesant,40.68076,-73.95751,private room,100,5,4,2018-04-22,0.14,1,0
16687716,gorgeous large room near lga,14730722,omar £ jacqueline,queens,east elmhurst,40.76441,-73.88943,private room,90,2,9,2018-09-02,0.34,1,0
16693621,woodside private room for visitors!,49224450,dongho,queens,woodside,40.74271,-73.9046,private room,34,3,1,2017-01-18,0.03,1,0
16708143,bright room with full size bed.,52059111,daniel,brooklyn,prospect-lefferts gardens,40.65961,-73.9592,private room,50,1,1,2017-03-06,0.04,1,0
16710300,"charming, authentic village walkup",53277135,cody,manhattan,west village,40.73194,-74.00254,entire home/apt,164,3,20,2019-06-09,0.68,1,0
16720039,very chic and super convenient south harlem apt,3676370,patrice,manhattan,harlem,40.80283,-73.95569,entire home/apt,95,2,4,2017-12-30,0.2,1,0
16734212,"bright, spacious, clean loft space with balcony!",19001553,gina,brooklyn,bedford-stuyvesant,40.68949,-73.9557,entire home/apt,125,3,9,2018-01-01,0.3,1,0
16738648,맨하튼 소호 거리 주변 2인실,24626134,eunjin,manhattan,midtown,40.75329,-73.9888,private room,30,2,1,2017-01-23,0.03,1,0
16740218,cozy double bedroom in williamsburg,31867503,ioanna,brooklyn,williamsburg,40.71064,-73.95919,private room,70,1,2,2017-01-29,0.07,1,0
16740779,room in east williamsburg,65061161,dustin,brooklyn,williamsburg,40.70921,-73.94144,private room,77,1,2,2017-03-15,0.07,1,0
16741278,private room in central manhattan,64156488,abbi,manhattan,flatiron district,40.74147,-73.98577,private room,90,2,3,2017-02-08,0.1,1,0
16756480,modern 2 bed 2 bath with private roof deck,1691656,adrian,brooklyn,prospect heights,40.68237,-73.97286,entire home/apt,125,3,6,2019-01-01,0.47,1,0
16768336,private room in brooklyn (e.williamsburg),74896042,agona,brooklyn,williamsburg,40.70811,-73.9326,private room,45,4,3,2017-06-04,0.12,1,0
16779705,cozy west village studio,11699846,natasha,manhattan,greenwich village,40.73239,-73.9996,entire home/apt,103,2,15,2018-10-28,0.57,1,0
16784199,sunny and renovated greenwich village apartment!,5042847,davide,manhattan,greenwich village,40.72851,-73.99985,entire home/apt,195,3,9,2019-06-06,0.38,1,0
16791336,spacious room in east village oasis,25505776,michal,manhattan,east village,40.72931,-73.98258,private room,100,6,5,2019-06-18,0.21,1,0
16792022,sunny peaceful eclectic williamsburg apartment,30724451,arden,brooklyn,williamsburg,40.71609,-73.94791,private room,44,3,7,2019-06-03,0.24,1,0
16794070,1 bedroom in a gorgeous brownstone in south harlem,37482532,adam,manhattan,east harlem,40.80964,-73.93964,entire home/apt,69,2,2,2017-02-05,0.07,1,0
16798351,beautiful east village studio,94669886,nadine,manhattan,east village,40.72885,-73.98103,entire home/apt,115,7,11,2018-08-21,0.39,1,0
16807550,spacious room in north williamsburg/greenpoint,26420701,helen,brooklyn,greenpoint,40.72601,-73.95502,private room,55,2,1,2018-05-06,0.07,1,0
16811150,clinton hill paradise,47412121,laura,brooklyn,clinton hill,40.69559,-73.96998,private room,100,7,1,2017-12-16,0.05,1,0
16811199,spacious 1 bdrm apt in amazing location,77812140,peter,queens,ridgewood,40.70475,-73.91081,entire home/apt,120,2,2,2017-05-21,0.08,1,0
16814536,prime location homestay in brooklyn sunset park,30576651,lun,brooklyn,sunset park,40.63964,-74.01975,private room,55,4,1,2017-01-30,0.03,1,0
16823231,1br spacious luxury apartment in williamsburg bk,2369654,michael & hanako,brooklyn,williamsburg,40.71778,-73.95503,entire home/apt,120,4,7,2018-04-16,0.24,1,0
16828843,"large, sunny studio in the heart of chelsea.",31175385,eunice,manhattan,chelsea,40.74089,-74.00002,entire home/apt,130,2,4,2019-01-01,0.13,1,0
16851711,"light-filled apartment in great area, close 2 all!",24758130,dounia,brooklyn,flatbush,40.63192,-73.94734,entire home/apt,75,1,12,2017-06-19,0.43,1,0
16867729,apartment in great part of brooklyn,105154603,samantha,brooklyn,gowanus,40.66948,-73.98976,private room,40,4,1,2017-02-28,0.03,1,0
16884027,historic brownstone in harlem,78930817,santi,manhattan,harlem,40.80443,-73.94546,entire home/apt,120,1,9,2017-04-17,0.31,1,0
16893993,sunny room in a shared appartement in bushwick,3855091,do,brooklyn,bushwick,40.70657,-73.92181,private room,53,5,1,2017-08-27,0.04,1,0
16917171,west village - 1 bedroom,31906445,laura,manhattan,west village,40.73459,-74.00143,entire home/apt,135,2,1,2017-02-20,0.03,1,0
16929407,luxury loft in williamsburg,14060369,aaron,brooklyn,williamsburg,40.71218,-73.96048,entire home/apt,220,3,8,2018-08-26,0.3,1,0
16930662,cozy yellow room,37185194,hali,queens,astoria,40.76964,-73.91559,private room,44,1,14,2018-03-13,0.5,1,0
16933481,entire 3rd floor of brooklyn brownstone,359480,autumn,brooklyn,south slope,40.66398,-73.99041,entire home/apt,77,3,4,2018-11-25,0.14,1,0
16947113,room in the heart of williamsburg,102367813,steven,brooklyn,williamsburg,40.7176,-73.95359,private room,99,2,7,2017-10-23,0.24,1,0
16960374,beautiful 1br in manhattan!,30097523,kevin,manhattan,harlem,40.82167,-73.94988,entire home/apt,110,6,5,2018-07-23,0.17,1,0
16963544,"east village, cozy room w/ private entrance & bath",2626535,roseanne,manhattan,stuyvesant town,40.73126,-73.98149,private room,73,2,1,2017-02-23,0.03,1,0
16965072,large bright home on 2 floors perfect for families,11105949,may,brooklyn,bedford-stuyvesant,40.69309,-73.94987,entire home/apt,139,5,13,2019-05-01,0.48,1,0
16976215,awesome chelsea manhattan pad,15851669,lisa,manhattan,chelsea,40.7429,-73.99344,private room,125,1,1,2017-01-30,0.03,1,0
17042235,"classic brownstone in williamsburg, bk w/ backyard",25967444,joseph,brooklyn,williamsburg,40.71247,-73.96155,entire home/apt,225,3,15,2018-07-29,0.55,1,0
17045913,live like a local in greenpoint,40134417,ben and jane,brooklyn,greenpoint,40.73076,-73.95575,entire home/apt,20,4,17,2018-03-20,0.58,1,0
17072544,light and airy les studio-like private bedroom,7106711,james,manhattan,chinatown,40.71485,-73.99157,private room,65,1,2,2017-05-04,0.07,1,0
17095846,amazing brownstone with private room!,96829433,matthew,brooklyn,bedford-stuyvesant,40.6924,-73.93485,private room,55,5,14,2018-01-05,0.54,1,0
17106644,urban elegance in crown heights,1527966,tiffany,brooklyn,crown heights,40.67395,-73.95682,entire home/apt,135,3,17,2018-12-31,0.68,1,0
17133664,"modern, spacious hideaway in historic brooklyn",45409030,trouve,brooklyn,kensington,40.64309,-73.97707,entire home/apt,110,6,12,2018-07-17,0.41,1,0
17134357,cozy large br steps to amnh,780958,liliana,manhattan,upper west side,40.78587,-73.97468,private room,100,5,11,2017-07-23,0.39,1,0
17138302,sunny and bright studio in upper west side!,2771711,gina,manhattan,upper west side,40.80212,-73.9692,entire home/apt,120,1,2,2017-03-04,0.07,1,0
17151145,quiet west village gem,4628742,manesh,manhattan,west village,40.73394,-74.00302,entire home/apt,125,1,6,2019-01-29,0.21,1,0
17155039,east harlem qtpoc living space,46108407,walesca,manhattan,east harlem,40.80224,-73.93732,private room,48,1,1,2018-04-28,0.07,1,0
17157438,"charming, artsy bedroom in the heart of brooklyn",1784335,sara,brooklyn,crown heights,40.67627,-73.95024,private room,60,2,6,2017-07-31,0.21,1,0
17172375,skyscraper living in midtown,29240443,luis,manhattan,theater district,40.76106,-73.98627,entire home/apt,180,3,3,2017-05-21,0.11,1,0
17189819,"bright, beautiful room, just block to a, c train",10210950,olya,brooklyn,bedford-stuyvesant,40.67704,-73.91484,private room,60,1,13,2017-12-13,0.46,1,0
17192158,comfortable and cozy house near columbia,21638962,su lim,manhattan,washington heights,40.84543,-73.9401,entire home/apt,50,1,1,2017-02-19,0.03,1,0
17208528,room w/ private bathroom in heart of bushwick,84523696,esaies,brooklyn,bushwick,40.69423,-73.91993,private room,90,2,3,2017-07-30,0.12,1,0
17210810,perfect west village apartment,6950431,mike and lori,manhattan,west village,40.73532,-74.0031,entire home/apt,170,3,1,2017-02-20,0.03,1,0
17234796,astoria 1br in quiet corner close to manhattan,261608,aron,queens,ditmars steinway,40.772,-73.91848,entire home/apt,60,4,3,2018-10-14,0.1,1,0
17239212,cozy brooklyn apartment,51706510,daniella,brooklyn,gowanus,40.6707,-73.99118,shared room,37,1,9,2017-05-08,0.31,1,0
17251611,"cozy bdrm. astoria, queens. 10 min to manhattan.",26561588,tyler,queens,astoria,40.7578,-73.92368,private room,40,2,1,2017-02-20,0.03,1,0
17254708,private br in manhattan right near express trains!,2158706,james,manhattan,harlem,40.81288,-73.94155,private room,49,1,11,2017-08-11,0.4,1,0
17266255,custom designed west village 2 bedroom,29893723,sam,manhattan,west village,40.73115,-74.00429,entire home/apt,158,1,5,2017-05-11,0.18,1,0
17268091,entire studio apt in trendy brooklyn - sunny&clean,6396827,gyaltsen benita,brooklyn,crown heights,40.67083,-73.94808,entire home/apt,135,2,18,2017-11-20,0.64,1,0
17297014,chelsea/union square cozy studio,126718,alejandro,manhattan,chelsea,40.73958,-73.9975,entire home/apt,160,2,1,2017-06-25,0.04,1,0
17302836,private room w/private bathroom near central park!,4428742,banu,manhattan,upper east side,40.76875,-73.95965,private room,95,2,2,2017-06-11,0.07,1,0
17304795,charming bedroom in manhattan,78866824,ria,manhattan,upper west side,40.80238,-73.96503,private room,100,2,16,2018-07-26,0.56,1,0
17349377,one bedroom apt in nyc on 1st floor!,2450673,christopher,manhattan,washington heights,40.84417,-73.94063,entire home/apt,79,1,4,2018-01-07,0.14,1,0
17365005,awesome manhattan midtown apartment,16328732,wenli,manhattan,roosevelt island,40.76253,-73.95001,entire home/apt,58,2,9,2017-08-27,0.32,1,0
17369530,spacious private room in beautiful audubon park,8140134,brad,manhattan,washington heights,40.83712,-73.94664,private room,75,2,2,2017-12-27,0.1,1,0
17380055,immaculate 1br in quiet bedstuy brownstone.,25270209,robinette,brooklyn,bedford-stuyvesant,40.68146,-73.94757,entire home/apt,45,2,3,2017-03-01,0.1,1,0
17387135,intimate williamsburg apartment,1450005,michael,brooklyn,williamsburg,40.71493,-73.95084,entire home/apt,90,5,2,2017-05-07,0.07,1,0
17417619,"huge room, social home!",21697069,kelly,brooklyn,kensington,40.64465,-73.97871,private room,45,3,5,2017-04-12,0.18,1,0
17455952,cozy room w balcony in penthouse w private terrace,12767750,juan pablo,manhattan,harlem,40.81161,-73.94394,private room,65,5,2,2017-10-15,0.07,1,0
17458077,studio apartment in a doorman building,2610519,michael,manhattan,flatiron district,40.74252,-73.991,entire home/apt,250,1,2,2017-03-27,0.07,1,0
17459791,bedroom upper west side 10min walk to central park,12588825,kyle,manhattan,upper west side,40.79358,-73.97452,private room,175,4,3,2017-11-05,0.11,1,0
17461591,"cozy, quiet abode near times square",2522596,nina,manhattan,hell's kitchen,40.76051,-73.99183,entire home/apt,103,2,12,2017-08-14,0.42,1,0
17465199,studio apt in washington square <3,3637890,michael,manhattan,greenwich village,40.73565,-73.99613,entire home/apt,123,7,3,2017-05-28,0.11,1,0
17473754,large room in garden apartment,5684780,mauro,brooklyn,bedford-stuyvesant,40.68348,-73.95123,private room,90,3,3,2017-03-27,0.11,1,0
17497867,private bedroom in east williamsburg,1923413,steven,brooklyn,williamsburg,40.70772,-73.94126,private room,60,2,18,2017-07-31,0.63,1,0
17499587,cozy 2 bedroom in prime location!,46599828,dena,manhattan,midtown,40.74481,-73.98523,entire home/apt,150,3,6,2017-07-24,0.23,1,0
17505594,"hip, cozy apartment (with cat) in terrific harlem!",11620529,grace,manhattan,harlem,40.81108,-73.94682,entire home/apt,85,2,2,2017-06-04,0.08,1,0
17522686,prospect heights studio apartment,25227079,daniel,brooklyn,prospect heights,40.67435,-73.96691,entire home/apt,130,3,2,2017-04-11,0.07,1,0
17524075,quiet & spacious east village/les private bedroom,15730200,ruishu,manhattan,lower east side,40.72131,-73.98508,private room,150,2,1,2019-04-20,0.37,1,0
17524441,modern sunlit room w/ balcony on famous street!,13137787,zack,manhattan,east village,40.72778,-73.98936,private room,95,4,2,2017-05-29,0.08,1,0
17524862,cozy west harlem abode,2054816,sharron and lenny,manhattan,harlem,40.82805,-73.94676,entire home/apt,150,2,10,2018-07-05,0.36,1,0
17531493,cute room in upper west side (females only),78254013,ana,manhattan,upper west side,40.79917,-73.96765,private room,75,1,19,2018-01-04,0.73,1,0
17531524,"comfy bachelor's apartment, clinton hill, brooklyn",22607793,dmitri,brooklyn,clinton hill,40.68152,-73.96276,entire home/apt,94,2,10,2018-12-09,0.39,1,0
17538067,architect's bedroom in large brooklyn apartment,21369808,niko,brooklyn,bedford-stuyvesant,40.69612,-73.94918,private room,55,7,3,2017-07-01,0.11,1,0
17539341,"urban zen: cozy, creative nyc retreat",7188712,melissa,manhattan,washington heights,40.83137,-73.94117,private room,119,2,4,2018-06-12,0.16,1,0
17541599,furnished room in upper east side apartment,6811053,blair,manhattan,east harlem,40.78943,-73.9478,private room,46,6,1,2017-03-22,0.04,1,0
17543905,p,7976263,amelia,manhattan,chelsea,40.74431,-73.9922,private room,100,5,3,2017-04-12,0.11,1,0
17545775,gorgeous private studio in williamsburg/greenpoint,15266675,reggie,brooklyn,williamsburg,40.71786,-73.94556,entire home/apt,160,2,9,2018-06-17,0.33,1,0
17554889,"2nd fl, tall ceilings + spacious, convenient + fun",33955029,orin,manhattan,east village,40.72492,-73.98982,private room,160,3,15,2018-12-31,0.54,1,0
17555918,private bedroom right on the high line/chelsea,3650456,louizos alexandros,manhattan,chelsea,40.74899,-74.00403,private room,90,7,12,2017-11-01,0.42,1,0
17556208,private room available in hamilton heights,5524401,nicole,manhattan,harlem,40.82288,-73.95254,private room,63,7,21,2019-04-28,0.75,1,0
17556509,cozy apt. w/private patio in williamsburg!,1659170,kilian,brooklyn,williamsburg,40.71315,-73.943,entire home/apt,126,1,6,2017-12-31,0.22,1,0
17557517,kids friendly 2 bedroom close to subway and c.park,43685722,gregor,manhattan,upper west side,40.78873,-73.97402,entire home/apt,195,2,16,2019-06-07,0.59,1,0
17573027,charming room in financial district,1794149,alex,manhattan,financial district,40.70682,-74.00445,private room,75,2,3,2017-03-26,0.11,1,0
17585139,"cute apartment, washington sq park!",51752603,max,manhattan,greenwich village,40.73104,-73.99831,private room,80,3,1,2017-03-21,0.04,1,0
17589815,"a small bedroom, lower east side",64610450,emma,manhattan,chinatown,40.71569,-73.99076,private room,63,3,10,2017-05-05,0.36,1,0
17590729,private br in south harlem close to 2/3,35529867,laura and robert,manhattan,harlem,40.80339,-73.95034,private room,99,3,9,2018-02-24,0.42,1,0
17591356,cozy private room in upper east side apartment,99245631,jillian,manhattan,upper east side,40.77186,-73.95402,private room,90,2,3,2017-03-16,0.11,1,0
17604756,studio in brooklyn heights with private entrance,54861276,madeline,brooklyn,brooklyn heights,40.69257,-73.99707,entire home/apt,152,2,12,2019-01-01,0.5,1,0
17605729,clean green artsy apartment with great kitchen,90731801,domenica,manhattan,east village,40.72833,-73.98118,private room,70,3,3,2017-06-09,0.11,1,0
17610023,creative loft space (huge) in great location,1522383,catherine,brooklyn,prospect heights,40.68006,-73.97248,private room,74,1,4,2018-04-07,0.15,1,0
17618903,one bedroom in new luxury building,95921812,sam,brooklyn,gowanus,40.67873,-73.98976,entire home/apt,95,1,3,2017-09-17,0.11,1,0
17624400,bright west village retreat,92294213,cat,manhattan,west village,40.73414,-74.00001,entire home/apt,225,3,12,2017-09-25,0.43,1,0
17625824,private room in brooklyn brownstone,79882333,hallie,brooklyn,bedford-stuyvesant,40.68119,-73.93722,private room,39,2,2,2017-03-29,0.07,1,0
17632458,private sunny room with private bathroom,44582082,miranda,queens,ridgewood,40.70013,-73.90077,private room,45,2,9,2017-07-30,0.32,1,0
17640413,"private room & living room, one block from subway.",44709817,jackie,brooklyn,bedford-stuyvesant,40.68187,-73.94589,private room,60,1,3,2017-12-16,0.16,1,0
17667194,sunny budget friendly room in bushwick,8784337,austin,brooklyn,bushwick,40.6937,-73.91006,private room,32,5,3,2018-04-09,0.11,1,0
17667585,"cozy apartment on bedford ave, brooklyn",42727726,natasha,brooklyn,williamsburg,40.71284,-73.96284,private room,88,7,15,2018-01-01,0.55,1,0
17670245,cozy bright room near prospect park,2263722,mariam,brooklyn,flatbush,40.64945,-73.96108,private room,56,7,12,2019-03-27,0.44,1,0
17681190,cozy studio at the heart of williamsburg,22019825,ceylan,brooklyn,williamsburg,40.71889,-73.95707,entire home/apt,150,7,2,2018-01-04,0.08,1,0
17683202,amazing loft. great light and view!,1721381,malik,brooklyn,park slope,40.68233,-73.97778,entire home/apt,180,3,2,2017-04-18,0.07,1,0
17692964,downtown nyc luxury apartment - tribeca,6198824,tyler,manhattan,tribeca,40.7192,-74.01022,entire home/apt,251,1,12,2017-05-28,0.43,1,0
17710717,"light-filled, cozy 2 bedroom apartment",18481424,tomas,brooklyn,bedford-stuyvesant,40.68968,-73.94483,entire home/apt,100,7,3,2018-10-21,0.11,1,0
17712998,hip one bedroom apartment in nyc's east village,40031815,kelly,manhattan,east village,40.72864,-73.98102,entire home/apt,200,5,2,2018-09-25,0.07,1,0
17714306,private room in brooklyn,53972872,autumn,brooklyn,crown heights,40.67186,-73.94094,private room,50,1,6,2018-08-28,0.21,1,0
17718694,artist's bitchin 1br,4933848,mathew,brooklyn,bushwick,40.69554,-73.92588,entire home/apt,90,1,4,2017-05-12,0.14,1,0
17719353,private queen room&bathroom in new luxury building,89197711,albert,brooklyn,gravesend,40.60044,-73.99341,private room,79,1,2,2017-05-28,0.08,1,0
17729060,cute and sunny soho room,4135793,zoe,manhattan,nolita,40.72263,-73.99622,private room,75,1,8,2017-04-30,0.28,1,0
17746222,perfect bedroom. near subways columbia citycollege,16721721,federico,manhattan,harlem,40.8153,-73.9508,private room,65,2,18,2018-11-04,0.64,1,0
17752907,large light-filled bedroom in bushwick!,65068375,mabel,brooklyn,bushwick,40.70216,-73.92928,private room,37,2,1,2017-05-08,0.04,1,0
17759482,"clean, beautifully modernized, vintage apartment",32012247,isaiah,manhattan,lower east side,40.72194,-73.98941,shared room,68,1,5,2017-06-18,0.18,1,0
17786762,"lovely 1 bdrm, glittering city lights & waterview",945880,juhea,manhattan,hell's kitchen,40.76428,-73.9941,entire home/apt,127,3,1,2017-05-12,0.04,1,0
17792856,cute bedroom available near subway in astoria!,73610315,kerstin,queens,astoria,40.76529,-73.92304,private room,53,2,14,2018-05-17,0.55,1,0
17793185,sunny apartment in brownstone 2bd with deck,3803423,jenna,brooklyn,prospect heights,40.67841,-73.9698,entire home/apt,175,7,5,2018-10-25,0.18,1,0
17808917,gorgeous & spacious ues apartment,85218001,natasha,manhattan,upper east side,40.77666,-73.95618,private room,105,2,8,2018-06-16,0.3,1,0
17809161,east village 1 bdrm price negotiable exposed brick,1872051,alejo,manhattan,east village,40.72856,-73.98125,entire home/apt,79,2,1,2017-04-07,0.04,1,0
17813679,bright 1 bedroom apartment in brooklyn,15400695,danielle,brooklyn,crown heights,40.67541,-73.94917,entire home/apt,110,2,4,2019-05-19,0.3,1,0
17824351,"heart of east village, middle of everything",30381715,sean,manhattan,east village,40.72552,-73.98657,private room,79,4,1,2017-05-13,0.04,1,0
17825100,2 bedroom with patio in clinton hill,48243500,carri,brooklyn,clinton hill,40.69422,-73.96565,entire home/apt,107,2,5,2017-05-30,0.18,1,0
17826827,shabby chic studio 1 block from mcgolrick park,5626253,matthew,brooklyn,greenpoint,40.7233,-73.94187,entire home/apt,116,1,9,2017-04-30,0.32,1,0
17829947,big & sunny apartment in williamsburg,81141009,jason,brooklyn,williamsburg,40.71666,-73.94562,entire home/apt,160,5,10,2017-09-27,0.37,1,0
17831929,apartment of musicians in ditmas park,11136995,gabriel,brooklyn,flatbush,40.64807,-73.96625,private room,22,3,2,2018-03-05,0.08,1,0
17835503,manhattan/ center of manhattan,46506241,marcy,manhattan,harlem,40.81213,-73.9395,entire home/apt,70,4,9,2018-07-02,0.44,1,0
17848298,quiet home in manhattan,9871522,adam,manhattan,morningside heights,40.81473,-73.96217,entire home/apt,140,2,2,2018-05-07,0.14,1,0
17848657,sunny brooklyn apartment with full kitchen,12117418,jeanette,brooklyn,navy yard,40.69851,-73.96961,entire home/apt,142,2,3,2017-08-28,0.11,1,0
17848838,spacious bedroom with private bathroom,57651976,viona,brooklyn,bedford-stuyvesant,40.68656,-73.9522,private room,80,1,3,2017-10-01,0.11,1,0
17860067,beautiful sunlit room in brooklyn,7573472,divina,brooklyn,bushwick,40.70219,-73.93115,private room,50,3,2,2018-01-07,0.07,1,0
17876921,bright williamsburg apt steps from train,47054725,katharine,brooklyn,williamsburg,40.70937,-73.95903,entire home/apt,115,4,6,2017-09-20,0.22,1,0
17880865,nurturing room in a 3 bedroom apt.,59654765,calia,brooklyn,crown heights,40.67689,-73.95079,private room,30,3,3,2017-04-19,0.11,1,0
17893069,spacious 1-bedroom apartment in greenwich village,10838291,brian,manhattan,greenwich village,40.73307,-73.99277,entire home/apt,250,7,1,2017-05-13,0.04,1,0
17893797,private room in spacious central harlem apartment,26821811,lynda,manhattan,harlem,40.8155,-73.93986,private room,38,3,1,2018-08-02,0.09,1,0
17900681,sunny & spacious room facing central park,8748472,christina,manhattan,upper west side,40.79806,-73.96085,private room,100,2,5,2017-05-01,0.18,1,0
17908179,boho 1 bed apt in bk brownstone with back yard,5502239,maxyne,brooklyn,clinton hill,40.69345,-73.96632,entire home/apt,130,5,3,2018-05-08,0.12,1,0
17975818,beautiful large private room in the heart of soho,11259589,eloise,manhattan,chinatown,40.71889,-73.99604,private room,99,3,3,2017-06-28,0.11,1,0
17979764,jen apt,84497333,jennifer,manhattan,soho,40.72237,-73.99817,private room,10,5,2,2017-04-15,0.07,1,0
17980140,penthouse in the clouds,12390595,marian,brooklyn,bushwick,40.69365,-73.9109,private room,60,7,1,2017-06-16,0.04,1,0
17989780,williamsburg manhattan skyline apartment,12388182,ahmad,brooklyn,williamsburg,40.71891,-73.9657,entire home/apt,250,2,2,2017-04-24,0.07,1,0
18003918,upper west side oasis,10549792,connor,manhattan,upper west side,40.7807,-73.97869,entire home/apt,200,4,2,2018-01-02,0.08,1,0
18006003,room in bronx little italy,91261577,matthew,bronx,belmont,40.85311,-73.88763,private room,29,4,4,2017-08-27,0.15,1,0
18006977,sunny 1 bedroom apartment the heart of soho,886646,tarik,manhattan,nolita,40.72261,-73.99348,entire home/apt,250,2,5,2018-12-30,0.2,1,0
18008937,adorable apt - heart of west village!,82933489,karly,manhattan,west village,40.73272,-74.00356,entire home/apt,230,2,9,2018-10-07,0.33,1,0
18013489,cozy room with stunning view,23390186,june,manhattan,financial district,40.70743,-74.005,private room,100,1,11,2019-06-08,0.41,1,0
18024380,cozy private bedroom in a bed-stuy loft,22284124,ella,brooklyn,bedford-stuyvesant,40.69025,-73.95891,private room,60,4,2,2017-08-26,0.08,1,0
18042238,airy one bedroom in crown heights,100345999,leigh,brooklyn,crown heights,40.67544,-73.95655,entire home/apt,80,5,1,2017-04-28,0.04,1,0
18043457,spacious private room in nolita,15651644,alan,manhattan,chinatown,40.71866,-73.99633,private room,120,3,1,2017-05-21,0.04,1,0
18050153,chelsea haven--summer sublet,10621137,anne marie,manhattan,chelsea,40.74686,-74.0043,entire home/apt,134,3,1,2017-08-12,0.04,1,0
18057747,comfortable room near columbia university,28642031,laura,manhattan,harlem,40.80674,-73.95616,private room,60,5,1,2017-08-12,0.04,1,0
18059239,airy studio in south park slope,27159049,ivan,brooklyn,gowanus,40.66926,-73.991,entire home/apt,142,1,8,2017-06-04,0.29,1,0
18063815,unique multi-level 1 bedroom apt,50366453,terence,manhattan,upper east side,40.76246,-73.95985,entire home/apt,195,1,3,2017-06-11,0.11,1,0
18077001,fully equipped entire west village apartment &wifi,35163646,lyndsay,manhattan,greenwich village,40.72964,-73.99946,entire home/apt,199,3,1,2018-01-02,0.05,1,0
18077050,"comfortable, spacious upper west side studio",52711374,cindy,manhattan,upper west side,40.7822,-73.98207,entire home/apt,90,2,12,2017-11-26,0.44,1,0
18090441,modern high-end studio w/amenities,60786164,kassandra,brooklyn,prospect-lefferts gardens,40.65661,-73.96053,entire home/apt,76,1,2,2017-04-24,0.07,1,0
18108134,affordable spacious refurbished room in bushwick!,7370191,niji,brooklyn,bushwick,40.69037,-73.9184,private room,51,2,4,2018-06-04,0.15,1,0
18110008,bright room by the brooklyn navy yard,9193506,lucy,brooklyn,fort greene,40.69664,-73.97375,private room,65,2,3,2017-08-14,0.11,1,0
18112181,sunny williamsburg studio overlooking the park,16970101,tia,brooklyn,williamsburg,40.72128,-73.95547,entire home/apt,175,2,8,2019-05-25,0.43,1,0
18120248,great studio,6473469,yoni,manhattan,upper west side,40.79487,-73.96555,entire home/apt,100,3,3,2017-04-25,0.11,1,0
18123185,cozy room in uws in modern apt,71540662,jay,manhattan,upper west side,40.79974,-73.96432,private room,80,6,3,2017-10-15,0.11,1,0
18138307,"private room, shared bathroom in hamilton heights",17643263,frank,manhattan,harlem,40.83126,-73.94832,private room,120,2,14,2017-08-07,0.52,1,0
18142309,cozy and sunny studio,32166735,denise,brooklyn,prospect heights,40.67387,-73.96707,entire home/apt,100,5,14,2019-05-28,0.53,1,0
18142927,bright minimalist creative retreat bedroom bedstuy,69860334,dyanna,brooklyn,bedford-stuyvesant,40.69307,-73.95254,private room,40,3,1,2017-05-02,0.04,1,0
18149668,new renovated private 1 bed/bath in prime location,54098346,eric,manhattan,upper east side,40.78071,-73.95149,private room,150,1,3,2017-04-17,0.11,1,0
18151976,lovely room(s) in brooklyn brownstone w/ backyard,2960920,stefan,brooklyn,bedford-stuyvesant,40.68293,-73.95458,private room,71,1,2,2017-04-30,0.07,1,0
18152855,beautiful 1-bedroom close to grand central,17520527,carolin,queens,sunnyside,40.74473,-73.91876,private room,150,3,1,2017-06-02,0.04,1,0
18158353,beautiful bedstuy bedroom,6950091,shireen,brooklyn,bedford-stuyvesant,40.68544,-73.92457,private room,60,1,1,2017-04-23,0.04,1,0
18161036,large private room on the upper east side,4240419,haldun,manhattan,upper east side,40.77681,-73.95123,private room,120,2,4,2018-01-01,0.15,1,0
18170615,private room/columbia/central park,75810157,antong,manhattan,morningside heights,40.80416,-73.96538,private room,99,4,3,2017-06-29,0.11,1,0
18171814,"artsy and sunny room in bushwick, near l and jmz",38041322,ana,brooklyn,bushwick,40.70025,-73.92175,private room,60,3,2,2017-08-30,0.07,1,0
18182318,luxury musician's loft with incredible city views,9563971,doa,brooklyn,williamsburg,40.70858,-73.95857,entire home/apt,250,2,5,2019-04-02,0.18,1,0
18188904,extra large room available,62639334,melissa,brooklyn,crown heights,40.67763,-73.94755,private room,60,2,7,2019-06-10,0.34,1,0
18190480,park slope gem full of natural light,28929752,sarah,brooklyn,park slope,40.67632,-73.97328,entire home/apt,115,3,4,2018-05-20,0.23,1,0
18194482,bed-stuy beauty,9945748,shakira,brooklyn,bedford-stuyvesant,40.68371,-73.94156,entire home/apt,130,4,13,2017-10-02,0.48,1,0
18195445,modern and sunny in the heart of prospect heights!,7433941,diana,brooklyn,crown heights,40.6778,-73.96321,entire home/apt,85,3,5,2019-05-17,0.64,1,0
18196956,beautiful 1 br 1 bath in boerum hill brooklyn,3859890,aditi,brooklyn,boerum hill,40.6891,-73.9874,private room,53,1,10,2019-03-21,0.38,1,0
18197946,beautiful apt with view of gw bridge and river,10127519,horatio,manhattan,washington heights,40.84955,-73.94167,private room,35,1,6,2018-05-31,0.22,1,0
18203651,comfortable rest stop,649374,jeremy,brooklyn,east flatbush,40.6536,-73.92643,private room,60,2,16,2017-11-15,0.71,1,0
18209795,cozy furnished private room in manhattan,35525179,ma,manhattan,upper west side,40.79794,-73.97188,private room,40,1,14,2017-05-27,0.52,1,0
18226843,private bedroom in murray hill / kips bay,3600065,ariel,manhattan,murray hill,40.74612,-73.97684,private room,77,2,3,2017-08-17,0.12,1,0
18229365,beautiful apartment ~25min from times square,6358504,yaroslav,bronx,mount hope,40.84499,-73.91157,entire home/apt,60,5,3,2018-08-21,0.13,1,0
18236999,penthouse with private terrace and bath,23269913,patrick,brooklyn,bedford-stuyvesant,40.68699,-73.92345,private room,50,2,5,2017-12-16,0.19,1,0
18240637,cozy-chic crown heights 1-bed,27442469,deri,brooklyn,crown heights,40.67694,-73.94631,private room,145,3,1,2017-05-01,0.04,1,0
18252313,modern central harlem room,2331158,"destiny ""bunmi""",manhattan,harlem,40.80947,-73.94066,private room,30,5,3,2017-11-18,0.12,1,0
18252876,charming spacious studio in uws with balcony,60022283,audrey,manhattan,morningside heights,40.80507,-73.96414,entire home/apt,116,3,16,2019-05-25,0.61,1,0
18254314,"st. marks, east village penthouse loft w/ patio!",100288,tiff & david,manhattan,east village,40.72842,-73.98679,private room,140,4,11,2017-12-12,0.42,1,0
18255124,beautiful modern apartment located in gramercy,64351850,mckenzie,manhattan,kips bay,40.73957,-73.98233,entire home/apt,168,7,10,2018-12-11,0.37,1,0
18264726,brooklyn vibes apartment,18184562,gil,brooklyn,williamsburg,40.71684,-73.94256,private room,200,4,2,2017-04-21,0.07,1,0
18268257,spacious ny loft equipped for a baby!,3955533,aiya,brooklyn,bedford-stuyvesant,40.69095,-73.95861,entire home/apt,160,5,11,2018-07-10,0.46,1,0
18272753,the reptarium: hip hideaway in sunny bushwick loft,20175399,grace,brooklyn,bushwick,40.70765,-73.92159,private room,69,2,16,2017-10-22,0.61,1,0
18276042,private bedroom in gorgeous uptown apartment,39442448,jayson,manhattan,washington heights,40.84946,-73.93126,private room,43,5,1,2017-05-21,0.04,1,0
18287688,ues one bedroom,57531995,ashley,manhattan,upper east side,40.77138,-73.94973,entire home/apt,145,1,15,2018-04-29,0.62,1,0
18288169,private williamsburg room 1 block from bedford l,1918417,vidula,brooklyn,williamsburg,40.71919,-73.95789,private room,80,2,1,2017-06-05,0.04,1,0
18288774,"top-floor studio in quaint, quiet brownstone",17393160,tynan,brooklyn,cobble hill,40.68818,-73.99483,entire home/apt,125,4,3,2017-05-25,0.11,1,0
18291916,cozy brooklyn apartment,33943711,grace,brooklyn,clinton hill,40.68775,-73.95997,entire home/apt,150,4,8,2017-10-15,0.3,1,0
18306713,sunny spacious king size bed,67986867,tiago,brooklyn,bushwick,40.69449,-73.92629,entire home/apt,235,3,4,2017-10-23,0.18,1,0
18307376,sunset park gem slr,26634538,joe,brooklyn,borough park,40.64275,-74.00183,private room,42,2,7,2018-04-02,0.26,1,0
18309354,"spacious private room in new york, manhattan",55778523,lydia,manhattan,morningside heights,40.80456,-73.96521,private room,125,1,4,2017-05-22,0.15,1,0
18324607,spacious brooklyn 3br perfect for families,17449165,amanda,brooklyn,carroll gardens,40.6838,-73.998,entire home/apt,250,2,7,2017-12-31,0.27,1,0
18326156,"beautiful modern brooklyn room, 20mins to city",42928837,reuben,brooklyn,williamsburg,40.70733,-73.92996,private room,50,4,6,2018-10-08,0.23,1,0
18327453,quiet bedroom in sunny park slope brooklyn apt,5140287,leah,brooklyn,park slope,40.67574,-73.98028,private room,90,2,8,2018-05-06,0.32,1,0
18338709,room in upper east side!,15303279,jinny,manhattan,east harlem,40.78858,-73.94947,private room,100,1,1,2017-05-07,0.04,1,0
18340498,private bedroom and bathroom near prospect park,33723491,suzzanne,brooklyn,flatbush,40.65274,-73.95848,private room,39,2,7,2017-09-29,0.27,1,0
18347330,sunny one-bedroom apartment in brooklyn,36678842,danny,brooklyn,crown heights,40.66939,-73.95832,entire home/apt,150,3,2,2018-01-02,0.08,1,0
18354821,quiet and cozy,832695,gloria and dmitrii,queens,astoria,40.7648,-73.92081,private room,50,1,6,2018-10-30,0.23,1,0
18357504,spacious brownstone apartment,5454042,ian,brooklyn,bedford-stuyvesant,40.68874,-73.95684,private room,54,2,14,2017-11-06,0.52,1,0
18362628,sunny lower east side bedroom,22866591,caroline,manhattan,lower east side,40.7183,-73.98639,private room,75,2,4,2017-07-19,0.16,1,0
18374250,"cozy, private bdrm",66961768,duanne,brooklyn,bedford-stuyvesant,40.69286,-73.93747,private room,30,1,9,2017-09-19,0.34,1,0
18387366,bright & airy private room near l/jmz trains,88314328,leah,brooklyn,bushwick,40.70341,-73.9292,private room,54,2,3,2017-10-29,0.14,1,0
18387744,bright-friendly-homey apartment,47550622,maryam,brooklyn,crown heights,40.66862,-73.94664,private room,50,1,6,2017-08-26,0.23,1,0
18392309,gem off of prospect park,7426741,johanna,brooklyn,windsor terrace,40.65044,-73.97296,private room,60,2,3,2017-07-02,0.12,1,0
18404432,2 bedroom apartment & private backyard,104170260,lauren,queens,astoria,40.76736,-73.91685,entire home/apt,99,4,1,2017-07-09,0.04,1,0
18407764,sunlit cozy room in the heart of williamsburg!,31681589,shanise,brooklyn,williamsburg,40.70882,-73.95445,private room,90,2,4,2017-05-08,0.15,1,0
18410069,sunny brooklyn limestone,7934771,antoinette,brooklyn,flatbush,40.64246,-73.9538,entire home/apt,175,7,3,2019-02-18,0.47,1,0
18415952,convenient downtown apartment in les/chinatown,39619320,grisha,manhattan,chinatown,40.71495,-73.99056,private room,60,1,6,2017-06-29,0.23,1,0
18425988,cozy studio in gramercy,92634775,joe,manhattan,gramercy,40.73433,-73.98216,entire home/apt,96,1,3,2017-05-16,0.11,1,0
18443902,delightfully appointed studio in the west village,11586111,christina,manhattan,west village,40.73075,-74.00222,entire home/apt,159,4,6,2017-08-12,0.23,1,0
18444575,"bright, open 1bd in the heart of nolita",5945526,mimi,manhattan,little italy,40.72002,-73.99629,entire home/apt,150,3,12,2019-01-01,0.47,1,0
18456751,spacious sun-drenched bedroom in the east village!,70334862,nadja,manhattan,east village,40.72598,-73.98934,private room,86,3,1,2017-10-08,0.05,1,0
18458323,sun drenched gramercy/east village!,68274298,chelsea,manhattan,gramercy,40.73401,-73.9814,entire home/apt,226,2,15,2017-12-18,0.58,1,0
18462681,private room walking distance from prospect park,30555297,jolanta,brooklyn,flatbush,40.65306,-73.95507,private room,64,7,17,2018-11-05,0.72,1,0
18471556,beautiful artist loft in south williamsburg,82665319,paul,brooklyn,williamsburg,40.7126,-73.96347,entire home/apt,150,3,4,2017-09-25,0.15,1,0
18472524,sunny place in sunnyside,78272395,vadim,queens,sunnyside,40.73674,-73.9136,private room,70,3,8,2017-06-18,0.3,1,0
18475187,best roof in east village + gorgeous modern apt,639926,loren,manhattan,east village,40.72603,-73.97717,entire home/apt,199,3,10,2019-01-02,0.43,1,0
18485487,"sunny, spacious, private room close to train!",3083244,melody,manhattan,washington heights,40.83716,-73.94048,private room,37,7,1,2017-05-25,0.04,1,0
18486698,conveniently located private room in brooklyn,81712146,emanuele,brooklyn,bushwick,40.70113,-73.91385,private room,50,1,9,2017-07-03,0.34,1,0
18496902,lovely clinton hill home away from home,4350083,valéry blake,brooklyn,clinton hill,40.68367,-73.95982,private room,75,2,1,2017-05-08,0.04,1,0
18505453,studio apartment in uws,90846964,allison,manhattan,upper west side,40.79264,-73.97481,entire home/apt,99,1,7,2017-05-28,0.26,1,0
18518678,"dreamy, sun-filled south harlem 1 bed!",371654,emily,manhattan,morningside heights,40.80264,-73.95921,private room,175,5,2,2017-06-10,0.08,1,0
18519818,sunny bedroom in prospect park south,8821726,marissa,brooklyn,flatbush,40.64909,-73.9648,private room,40,2,12,2019-06-23,0.47,1,0
18523182,cozy private room in a two-bedroom apartment,57060982,carolina,brooklyn,bedford-stuyvesant,40.68473,-73.94799,private room,58,1,17,2019-05-26,0.65,1,0
18527437,spacious one bedroom in hip bushwick brooklyn,2266961,florian,queens,ridgewood,40.69942,-73.90968,entire home/apt,120,3,3,2018-01-03,0.12,1,0
18540856,beautiful brooklyn brownstone,3063938,chuck and ellen,brooklyn,bedford-stuyvesant,40.68952,-73.94519,entire home/apt,100,6,18,2018-07-07,0.69,1,0
18541736,charming greenwich village oasis,4914270,andrew,manhattan,west village,40.73107,-74.00163,entire home/apt,175,4,1,2017-06-11,0.04,1,0
18544441,urban dwelling,27266433,anthony,manhattan,hell's kitchen,40.75607,-73.99707,private room,94,2,4,2017-05-24,0.15,1,0
18546552,large 1 bedroom in south brooklyn,12627412,allen,brooklyn,sheepshead bay,40.60402,-73.95257,entire home/apt,88,4,1,2017-05-22,0.04,1,0
18548561,"sunny & spacious 1br w/porch, w/d, huge kitchen",7445657,parry,brooklyn,williamsburg,40.70565,-73.94791,entire home/apt,140,3,7,2018-04-08,0.27,1,0
18549136,upper west side - huge 1 bdrm in a luxury bldg,7810471,britney,manhattan,upper west side,40.77404,-73.99076,entire home/apt,198,2,2,2017-06-11,0.08,1,0
18550366,midtown east apt,4075128,chang,manhattan,murray hill,40.74822,-73.97966,private room,65,2,2,2017-05-20,0.08,1,0
18560104,airy one bedroom apartment in prime crown heights,7740184,janet,brooklyn,crown heights,40.67653,-73.95793,private room,75,1,13,2019-06-23,0.51,1,0
18561365,artist apartment fort greene / clinton hill,8146232,marty,brooklyn,clinton hill,40.69229,-73.96504,entire home/apt,120,1,3,2017-08-06,0.12,1,0
18562269,excellent one bedroom apt for bklyn half runners!,24791132,alex,brooklyn,prospect heights,40.67693,-73.96517,entire home/apt,135,3,3,2019-05-28,0.48,1,0
18566802,"beautiful luxury studio, heart of theater district",11334992,jessica,manhattan,hell's kitchen,40.76059,-73.98865,shared room,105,1,1,2017-06-05,0.04,1,0
18577989,air mattress in a private room in bed-stuy,38236150,julio,brooklyn,bedford-stuyvesant,40.69608,-73.9432,private room,45,1,4,2017-05-29,0.15,1,0
18579416,"entire, immaculate 1-bedroom chelsea apartment",11389260,haley,manhattan,chelsea,40.7381,-73.9976,entire home/apt,200,2,3,2017-11-25,0.12,1,0
18585784,lovely bedroom in bushwick,11380126,kwankaew,brooklyn,bushwick,40.69083,-73.9241,private room,45,1,2,2017-05-31,0.08,1,0
18596194,cozy studio with private entrance,12827876,jasen,brooklyn,canarsie,40.64493,-73.90897,private room,33,2,1,2017-05-29,0.04,1,0
18596546,cozy 1br home in upper manhattan w/ amenities,24338366,daniel,manhattan,inwood,40.86057,-73.92907,entire home/apt,100,1,9,2018-08-01,0.37,1,0
18597408,huge sunny bedroom in bushwick brooklyn!,159936,ludine,brooklyn,bushwick,40.69337,-73.91142,private room,45,1,2,2017-05-12,0.08,1,0
18597754,sunny 1br near train (greenpoint/williamsburg),29134684,max,brooklyn,greenpoint,40.72686,-73.95246,entire home/apt,199,6,2,2017-07-14,0.08,1,0
18605919,"brooklyn, williamsburg -  room w/ private bathroom",3258630,oscar,brooklyn,williamsburg,40.71681,-73.94556,private room,80,1,6,2018-07-22,0.24,1,0
18610543,"huge, sunny apartment for backpackers - park slope",75567007,candice,brooklyn,park slope,40.67697,-73.98239,entire home/apt,153,2,2,2017-05-29,0.08,1,0
18614596,downtown triplex- spacey east village entire apt,7318926,jonathan,manhattan,east village,40.72208,-73.98071,entire home/apt,210,3,5,2018-06-14,0.19,1,0
18615497,comfortable space in brooklyn,41467596,donald,brooklyn,crown heights,40.66482,-73.93619,private room,140,1,1,2017-06-03,0.04,1,0
18630660,charming bohemian east village apartment,49197104,chelsea,manhattan,east village,40.73159,-73.98447,entire home/apt,133,3,5,2017-08-23,0.19,1,0
18632197,quiet private room in scenic nyc neighborhood,32772382,caitlin,manhattan,washington heights,40.85865,-73.93559,private room,75,2,13,2018-09-16,0.55,1,0
18638015,clean comfy private room in heart of williamsburg,45934567,caitlin,brooklyn,williamsburg,40.71227,-73.96233,private room,60,5,2,2018-06-11,0.08,1,0
18647180,beautiful dupl brooklyn apartment w/ a big terrace,7041731,dee,brooklyn,bedford-stuyvesant,40.69205,-73.95803,entire home/apt,185,3,1,2017-05-22,0.04,1,0
18647731,east village studio apartment,46501846,patrick,manhattan,east village,40.7241,-73.98959,entire home/apt,133,7,9,2018-11-05,0.35,1,0
18655599,luxury studio apartment in downtown brooklyn,36522433,zexi,brooklyn,downtown brooklyn,40.69459,-73.98261,entire home/apt,130,5,2,2017-08-29,0.08,1,0
18656661,private bedroom in artist's apartment,19512029,tami,brooklyn,midwood,40.61143,-73.9543,private room,52,2,12,2017-07-30,0.46,1,0
18657209,private room and bath in the lower east side!,90824676,lauren,manhattan,east village,40.72288,-73.98342,private room,60,1,3,2017-08-27,0.12,1,0
18662619,renovated modern home ideal for a family!,13524368,richard,brooklyn,windsor terrace,40.65766,-73.97614,entire home/apt,275,3,8,2018-11-30,0.32,1,0
18672921,spacious yet cozy room in manhattan,64780571,lexi,manhattan,washington heights,40.84773,-73.93251,private room,60,3,2,2017-06-12,0.08,1,0
18673613,midtown west,7193271,robert,manhattan,hell's kitchen,40.75405,-73.99377,private room,180,1,7,2018-03-11,0.27,1,0
18675061,private room in beautiful uws - great location!,12033348,shirley,manhattan,upper west side,40.79978,-73.96797,private room,70,7,5,2017-07-04,0.19,1,0
18675215,modern sunny midtown gem,18838868,leah,manhattan,midtown,40.74452,-73.98163,entire home/apt,195,3,14,2018-09-22,0.58,1,0
18680331,1 bedroom apartment in morningside heights!,71515912,mili,manhattan,morningside heights,40.80546,-73.96547,entire home/apt,145,7,2,2018-01-21,0.08,1,0
18686390,cozy studio in the heart of the east village,12540615,adam,manhattan,east village,40.72415,-73.98411,entire home/apt,128,1,13,2018-01-01,0.5,1,0
18689588,sunny brooklyn studio: 25 min to central manhattan,127767,cara,brooklyn,bedford-stuyvesant,40.69171,-73.95374,entire home/apt,97,4,6,2018-08-18,0.24,1,0
18691084,spacious and sunny room in williamsburg,30384022,cecilia,brooklyn,williamsburg,40.7107,-73.94295,private room,65,7,1,2017-12-24,0.05,1,0
18691948,beautiful nyc bedroom and neighborhood!,41580455,marianel,manhattan,washington heights,40.85115,-73.93703,private room,80,4,4,2019-04-22,0.15,1,0
18699576,1br in the heart of williamsburg,14885787,monica,brooklyn,williamsburg,40.71869,-73.95358,entire home/apt,150,2,2,2017-07-23,0.08,1,0
18707214,sunny 2-bedroom in classic brooklyn brownstone,4370956,rachel,brooklyn,fort greene,40.6862,-73.96973,entire home/apt,175,3,3,2017-08-11,0.12,1,0
18716289,"beautiful, spacious, luxury fort greene apartment",16575725,new,brooklyn,fort greene,40.69369,-73.98074,entire home/apt,120,2,7,2018-08-20,0.29,1,0
18719602,midtown convenience and modern comfort,66051549,jenny,manhattan,midtown,40.7523,-73.97287,private room,105,4,1,2017-07-30,0.04,1,0
18721027,spacious nyc apartment with a view,47485343,claire,brooklyn,sunset park,40.65003,-74.00657,entire home/apt,75,3,2,2017-07-05,0.08,1,0
18721845,home home sweet home,49360262,leah,queens,woodside,40.74204,-73.90639,private room,55,2,3,2017-05-28,0.12,1,0
18722657,charming room in sunlit 3bd apt,28648021,nneka,brooklyn,crown heights,40.67615,-73.94752,private room,41,3,1,2017-05-21,0.04,1,0
18728915,spacious bushwick studio,67895564,noah,brooklyn,bushwick,40.70373,-73.92848,entire home/apt,100,3,3,2018-11-25,0.12,1,0
18728971,huge williamsburg loft (true loft!),10113673,danni,brooklyn,williamsburg,40.71432,-73.95629,entire home/apt,155,2,2,2017-06-12,0.08,1,0
18734320,"easy, comfortable and convenient!",100784323,kathleen,manhattan,washington heights,40.83543,-73.94372,private room,50,2,14,2018-09-01,0.54,1,0
18745314,cozy studio apartment in harlem/ manhattan area,37078449,kim,manhattan,harlem,40.80722,-73.95614,entire home/apt,130,1,2,2017-05-23,0.08,1,0
18745767,large bright artistic apartment,2469662,ruthie,brooklyn,bushwick,40.70249,-73.93025,entire home/apt,80,2,5,2018-07-16,0.19,1,0
18746696,"one bedroom-one bathroom in greenpoint, brooklyn.",1485117,matt,brooklyn,greenpoint,40.72186,-73.94588,entire home/apt,125,2,8,2017-12-30,0.31,1,0
18751192,room with unbeatable manhattan skyline view,6676046,kaila,brooklyn,greenpoint,40.72463,-73.95227,private room,65,5,3,2018-06-12,0.13,1,0
18758525,large studio-luxury building times square,65744549,ava,manhattan,hell's kitchen,40.75997,-73.99923,entire home/apt,254,1,18,2018-09-07,0.72,1,0
18767695,two bedroom apartment for rent in brooklyn,3409436,cheryl,brooklyn,prospect-lefferts gardens,40.65704,-73.9603,entire home/apt,80,4,2,2019-06-21,0.08,1,0
18768978,"clean, spacious room on upper west side",27582777,sean,manhattan,morningside heights,40.80371,-73.96324,private room,70,3,16,2018-11-27,0.7,1,0
18769363,"spacious, sunny bedroom in williamsburg/greenpoint",24387853,anada,brooklyn,greenpoint,40.72247,-73.95108,private room,98,1,1,2017-06-02,0.04,1,0
18769652,beautiful williamsburg loft,1890427,rose & brian,brooklyn,williamsburg,40.71813,-73.94502,entire home/apt,250,2,9,2018-05-20,0.36,1,0
18792188,quiet and clean room in downtown manhattan,13907788,kevin,manhattan,greenwich village,40.73016,-74.00137,private room,95,1,9,2018-09-17,0.36,1,0
18793151,"cozy home, great location",4099467,vincent,manhattan,lower east side,40.72146,-73.98838,entire home/apt,125,1,2,2018-01-01,0.08,1,0
18793901,quiet & sunny bedroom in central williamsburg,12345174,oday,brooklyn,williamsburg,40.71816,-73.95799,private room,146,2,14,2018-10-28,0.62,1,0
18794754,chic 1 bedroom apartment in coveted west village,51001918,cameron,manhattan,west village,40.73776,-73.99794,entire home/apt,165,4,1,2017-06-11,0.04,1,0
18822687,amazing apt at financial district manhattan,98038838,raviv,manhattan,financial district,40.70833,-74.01068,private room,70,3,18,2018-12-16,0.69,1,0
18835820,"quiet, cozy ues studio near the subway",52777892,amy,manhattan,upper east side,40.76844,-73.95341,entire home/apt,10,3,10,2018-10-22,0.39,1,0
18840683,"quiet, 2-bedroom haven in hip crown heights",3323956,saxon,brooklyn,crown heights,40.67522,-73.94677,entire home/apt,79,4,2,2019-02-11,0.08,1,0
18841864,sunny apartment in clinton hill,2294171,ro,brooklyn,clinton hill,40.68318,-73.96067,entire home/apt,120,2,1,2017-05-29,0.04,1,0
18842882,kosher midwood/flatbush apartment,57821225,alyssa,brooklyn,midwood,40.62017,-73.96514,entire home/apt,85,7,1,2017-07-29,0.04,1,0
18849349,chelsea studio (king bed + convertible full sofa),50778925,shary,manhattan,chelsea,40.74154,-74.00161,entire home/apt,149,5,6,2019-05-05,0.24,1,0
18851906,2 bed home in upper west-4 people fit!,59884496,liliana,manhattan,upper west side,40.77127,-73.98191,entire home/apt,270,2,8,2018-12-31,0.43,1,0
18855394,cozy private bedroom,516015,david,brooklyn,williamsburg,40.70648,-73.95686,private room,55,5,2,2017-06-21,0.08,1,0
18872076,the peace pad- 1 bedroom full bed,15017590,kathleen,manhattan,harlem,40.82896,-73.94223,private room,50,1,2,2017-06-09,0.08,1,0
18872495,spacious room near the midtown-close to everything,19339271,marcia,queens,long island city,40.74752,-73.92264,private room,60,1,7,2017-11-12,0.32,1,0
18889564,bright west village private studio,65933105,tori,manhattan,west village,40.73267,-74.00404,entire home/apt,254,2,4,2017-11-26,0.17,1,0
18892465,chelsea studio,15474495,stacy,manhattan,chelsea,40.73884,-73.99767,private room,150,1,1,2017-06-19,0.04,1,0
18894931,private room in 2br apt,37032324,jen,brooklyn,bedford-stuyvesant,40.69334,-73.95079,private room,52,6,5,2018-12-10,0.2,1,0
18895063,lovely upper east side studio! close to stuff,34649502,pat,manhattan,upper east side,40.77948,-73.95152,entire home/apt,200,2,1,2017-06-20,0.04,1,0
18895509,luxurious 1/1.5 (sleeps 4!) in battery park!,9484439,nicole,manhattan,battery park city,40.71842,-74.01523,entire home/apt,200,1,4,2017-06-25,0.16,1,0
18899768,amazing private room in a 2 bed/1bath apartment!,14614795,antonio,manhattan,upper east side,40.76615,-73.95427,private room,90,2,1,2017-06-09,0.04,1,0
18908677,large private studio: midtown west/hell’s kitchen,87315657,hsiao,manhattan,hell's kitchen,40.7625,-73.99568,entire home/apt,125,2,6,2018-09-24,0.32,1,0
18910029,spacious 2 bd apartment in central park north,438083,kanyi,manhattan,harlem,40.80115,-73.95262,entire home/apt,112,3,1,2017-06-12,0.04,1,0
18911633,quiet 1-bedroom in greenwich village,22781364,dan,manhattan,greenwich village,40.73002,-73.99804,entire home/apt,175,3,3,2017-09-04,0.12,1,0
18912084,"a spacious, private room flooded with light!",17419817,michelle,brooklyn,fort greene,40.68707,-73.97345,private room,96,2,11,2018-10-22,0.43,1,0
18913089,master suite in 3 story loft in an old bk church,23568850,olivia,brooklyn,williamsburg,40.71592,-73.95666,private room,120,3,4,2017-09-24,0.16,1,0
18913450,light filled private room,27982346,christopher,manhattan,east harlem,40.79729,-73.93537,private room,49,7,5,2017-12-29,0.21,1,0
18915587,bright and sunny brooklyn sanctuary,60626720,timothy,brooklyn,bushwick,40.69811,-73.9311,private room,43,3,2,2017-06-01,0.08,1,0
18916850,sunny bedroom in the heart of bushwick!!!,44679058,daniel,brooklyn,bushwick,40.69976,-73.9319,private room,35,2,2,2017-06-28,0.08,1,0
18916917,dynamic solitude,32613511,geetika,manhattan,midtown,40.74384,-73.98243,shared room,55,1,1,2017-05-29,0.04,1,0
18922939,harlem home away from home!,15553988,arielle,manhattan,harlem,40.82843,-73.94672,entire home/apt,100,3,4,2019-06-25,0.16,1,0
18927333,sunset & chill: master br sunset park brownstone,3955342,samuel,brooklyn,sunset park,40.64478,-74.01318,private room,45,7,3,2017-07-11,0.12,1,0
18929564,charming brooklyn townhouse close to subways,6271674,alexandra,brooklyn,crown heights,40.66482,-73.95345,entire home/apt,125,3,2,2018-01-02,0.11,1,0
18931595,room in apt near central park & columbia,20812159,gio,manhattan,harlem,40.80214,-73.95658,private room,55,2,8,2017-07-29,0.31,1,0
18932586,completed new studio @ luxury apartment,35405054,luo,queens,long island city,40.75027,-73.94236,entire home/apt,104,1,7,2017-11-26,0.28,1,0
18942038,lovely and quiet studio in bushwick,12155032,clemence,brooklyn,bushwick,40.69412,-73.91039,entire home/apt,150,3,6,2018-07-05,0.27,1,0
18942156,extreme luxury apt @ times sq w amazing river view,2340947,lym,manhattan,hell's kitchen,40.76224,-73.99909,entire home/apt,220,3,8,2017-09-27,0.31,1,0
18942735,spacious 2 room duplex with epic yard - sleeps 6,5153110,andrew,brooklyn,crown heights,40.67125,-73.95782,entire home/apt,185,3,9,2018-10-09,0.41,1,0
18946117,sunny 2 bedroom apartment on upper east side,590825,alex,manhattan,upper east side,40.77559,-73.95033,entire home/apt,160,2,2,2017-08-12,0.08,1,0
18949153,sunny one bedroom off the park,25391872,pavel,brooklyn,prospect-lefferts gardens,40.65585,-73.95582,entire home/apt,105,1,7,2017-06-30,0.27,1,0
18957055,spacious studio - near park & mtasubway,35201199,ali,brooklyn,windsor terrace,40.64882,-73.97629,entire home/apt,68,2,5,2017-09-24,0.2,1,0
18958724,giant bushwick room - private access - shared apt,40510005,hugo,brooklyn,bushwick,40.68923,-73.9154,private room,50,1,11,2017-07-28,0.44,1,0
18961150,room with a view,5139965,jamie,queens,long island city,40.75125,-73.93807,entire home/apt,195,1,3,2017-06-26,0.12,1,0
18962847,spacious room in the heart of bushwick,58773420,chrissy,brooklyn,williamsburg,40.70602,-73.93821,private room,80,3,4,2017-06-18,0.16,1,0
18972792,3 bedroom prewar park slope apt - great 4 families,59799262,max,brooklyn,gowanus,40.66724,-73.99328,entire home/apt,150,6,2,2017-07-30,0.08,1,0
18975097,quiet and hip astoria house (15 min. to manhattan),17079377,joseph,queens,ditmars steinway,40.77655,-73.91304,private room,50,1,12,2019-05-21,0.63,1,0
18976585,"sunny room, 2 mins to subway & 15mins to manhattan",27131793,james,queens,jackson heights,40.74712,-73.89329,private room,46,1,19,2017-09-09,0.75,1,0
18992110,charming nolita apartment,12420115,constanze,manhattan,lower east side,40.7197,-73.99331,entire home/apt,170,1,16,2019-02-18,0.63,1,0
18994394,quiet room with a view in south slope,6825747,phaedra,brooklyn,sunset park,40.66134,-73.99619,entire home/apt,128,5,6,2019-07-01,0.25,1,0
18996283,midtown ny,48590699,isabelle,manhattan,midtown,40.75169,-73.97116,private room,100,1,8,2017-07-24,0.32,1,0
18997907,sunny and spacious room in east williamsburg!,49270426,elena,brooklyn,williamsburg,40.70445,-73.94359,private room,55,6,1,2018-04-25,0.07,1,0
19009220,bushwick beaut available,60494212,breanna,brooklyn,bushwick,40.69481,-73.92244,private room,50,3,1,2017-07-31,0.04,1,0
19010699,waterfront studio apartment 1 stop to manhattan!,25346530,garrett,queens,long island city,40.74285,-73.95597,entire home/apt,99,1,3,2017-06-16,0.12,1,0
19012156,private room in sunny williamsburg location,2261706,dana,brooklyn,williamsburg,40.7084,-73.9551,private room,75,2,3,2017-07-24,0.12,1,0
19015721,entire apartment 2 beds/2baths with rooftop !,3309783,sandra,manhattan,harlem,40.80545,-73.95489,private room,125,6,3,2017-12-31,0.12,1,0
19018914,private bedroom with balcony in williamsburg,11540240,nolwenn,brooklyn,williamsburg,40.70866,-73.95003,private room,40,7,1,2017-06-24,0.04,1,0
19032635,bright & spacious upper manhattan apartment!,49193707,devyn,manhattan,washington heights,40.84977,-73.93536,private room,60,5,16,2019-05-18,0.65,1,0
19035295,cozy apartment in bushwick,93356179,morgan,brooklyn,bushwick,40.70674,-73.9201,entire home/apt,121,5,3,2017-07-19,0.12,1,0
19035560,vibrant brick-exposed 1bedroom in the east village,16026934,abir,manhattan,east village,40.72136,-73.97882,private room,89,2,14,2018-02-19,0.55,1,0
19047711,live like a new yorker in bright les bedroom!,26410240,maxime,manhattan,lower east side,40.72083,-73.99205,private room,95,6,2,2017-08-04,0.08,1,0
19048034,the calm stay- comfy and clean getaway room,22343983,mo,manhattan,washington heights,40.85674,-73.93003,private room,35,2,5,2017-06-30,0.2,1,0
19049579,spacious and sunny 1+ bedroom,7980049,colin,manhattan,upper west side,40.7951,-73.96675,entire home/apt,165,2,8,2018-08-24,0.33,1,0
19050995,2 bedroom home in bedstuy 15 minutes to manhattan,56081679,josé,brooklyn,bedford-stuyvesant,40.6896,-73.9266,private room,200,2,2,2017-06-20,0.08,1,0
19051802,sunny quiet full floor e village,71825402,chris,manhattan,east village,40.72669,-73.98864,entire home/apt,279,2,4,2018-07-27,0.19,1,0
19056694,cozy and sunny williamsburg apartment,34466355,mai,brooklyn,williamsburg,40.71122,-73.93946,entire home/apt,170,3,7,2018-01-02,0.28,1,0
19057006,comfortable room in spacious brooklyn apartment,85082002,steven,brooklyn,crown heights,40.66413,-73.95126,private room,60,3,2,2017-09-09,0.09,1,0
19062809,sunny bedroom in crown heights,22860779,ladyshepsa,brooklyn,crown heights,40.66496,-73.93241,private room,40,5,5,2017-08-29,0.21,1,0
19066190,small bedroom in brooklyn,52052321,zedal,brooklyn,bedford-stuyvesant,40.69297,-73.95158,private room,46,3,6,2017-09-05,0.24,1,0
19069381,amazing room in upper manhattan,22455812,alessandro,manhattan,harlem,40.80729,-73.94763,private room,100,2,1,2017-07-04,0.04,1,0
19069900,"zen, sunny 1 br apt in east village",1424716,helene,manhattan,east village,40.7242,-73.98209,entire home/apt,175,3,7,2017-12-05,0.3,1,0
19085687,"cozy, friendly, and 2 mins from the subway station",69442306,oz,brooklyn,prospect-lefferts gardens,40.65512,-73.96186,private room,90,3,1,2017-06-29,0.04,1,0
19094695,charming and cozy 1br apartment / heart of nyc,11687702,rudy,manhattan,hell's kitchen,40.76168,-73.99144,entire home/apt,160,4,1,2017-08-18,0.04,1,0
19096160,room in spacious prospect park south apartment,10697117,joey,brooklyn,flatbush,40.64844,-73.96214,private room,45,5,2,2018-06-30,0.08,1,0
19097111,*private room in beautiful brooklyn apartment*,43595404,diana,brooklyn,bedford-stuyvesant,40.68154,-73.9534,private room,69,2,6,2017-11-20,0.25,1,0
19099408,2 br apartment in the heart of brooklyn!,4956248,esther,brooklyn,greenpoint,40.73145,-73.95135,entire home/apt,100,3,14,2019-04-29,0.6,1,0
19099600,"large, private 1 bedroom in historic brownstone",1342918,keri,brooklyn,crown heights,40.67192,-73.93414,entire home/apt,95,5,8,2018-03-19,0.32,1,0
19100892,charming williamsburg 1br apt minutes to manhattan,25173511,adrian,brooklyn,williamsburg,40.71045,-73.95784,entire home/apt,200,2,6,2018-02-18,0.24,1,0
19100971,spacious bedroom with lots of natural light,81745867,jacqueline,manhattan,washington heights,40.84917,-73.94048,private room,70,2,2,2018-06-25,0.16,1,0
19117051,luxurious comfort in bk,12775618,jared,brooklyn,greenpoint,40.73736,-73.95668,entire home/apt,185,1,4,2017-11-13,0.19,1,0
19120657,lovely 1br apartment in prospect lefferts!,15495000,sarabeth,brooklyn,prospect-lefferts gardens,40.66255,-73.94517,entire home/apt,66,2,3,2018-11-13,0.12,1,0
19122738,new york city living,10733404,rob,manhattan,chelsea,40.74216,-73.99887,entire home/apt,275,1,2,2017-08-13,0.08,1,0
19123146,big 1-bedroom in tribeca with landscaped roof deck,201735,walter,manhattan,tribeca,40.71773,-74.00601,entire home/apt,195,2,4,2017-07-04,0.16,1,0
19123591,cozy south williamsburg,86134456,frankie,brooklyn,williamsburg,40.7069,-73.95498,private room,45,5,2,2017-07-18,0.08,1,0
19126369,cozy and full daylight private room in greenpoint,41730784,xiaoxia,brooklyn,greenpoint,40.72929,-73.95067,private room,62,3,3,2017-10-07,0.12,1,0
19132312,charming and quiet apartment /prime east village,66734347,silvana,manhattan,east village,40.72582,-73.9886,entire home/apt,150,2,2,2017-09-05,0.09,1,0
19134814,bright modern 2 bed 2 bath flat in williamsburg,48240655,steve,brooklyn,williamsburg,40.71947,-73.96112,entire home/apt,195,2,11,2018-01-03,0.45,1,0
19136267,loft in lower east side!,5348587,amarsana,manhattan,lower east side,40.71734,-73.99071,private room,75,3,1,2017-06-19,0.04,1,0
19136705,gigantic and beautiful room w/private living area,27102064,aaron,manhattan,harlem,40.82469,-73.95032,private room,100,2,10,2019-03-24,0.4,1,0
19139234,all your essentials in a beautiful studio apt,23231840,francisca,manhattan,harlem,40.82216,-73.9446,entire home/apt,101,7,6,2017-12-03,0.28,1,0
19141833,2bd in the heart of fort greene,4331581,alyssa,brooklyn,fort greene,40.68876,-73.97746,entire home/apt,147,1,1,2017-06-11,0.04,1,0
19142223,spacious room in union square near subway,81553530,mariana,manhattan,east village,40.73355,-73.989,private room,200,3,2,2017-06-19,0.08,1,0
19158672,newly renovated 1 bedroom in hell's kitchen. 58/10,56342503,matthew,manhattan,hell's kitchen,40.7694,-73.98736,entire home/apt,280,4,3,2018-01-05,0.13,1,0
19160371,amazing family house,22766051,shlomi,brooklyn,bay ridge,40.63056,-74.02037,entire home/apt,100,4,5,2017-09-26,0.21,1,0
19161316,perfect bright apartment with amazing view,83590674,regitze,brooklyn,williamsburg,40.71418,-73.96404,entire home/apt,219,4,9,2018-10-01,0.37,1,0
19163061,spacious private room in luxury building,23552267,vicky,manhattan,tribeca,40.71299,-74.00972,private room,160,7,1,2017-06-19,0.04,1,0
19170051,"cozy walk up, in the heart of sugar hill",90227099,trace,manhattan,harlem,40.82794,-73.94194,entire home/apt,90,1,3,2017-09-27,0.12,1,0
19172071,cosy one bedroom apartment close to central park,14271995,pierre,manhattan,upper east side,40.76767,-73.9558,entire home/apt,110,3,8,2018-08-28,0.32,1,0
19173391,"one bedroom, calm, clean, bright.",13848128,john,manhattan,chelsea,40.74263,-73.99769,entire home/apt,275,6,13,2019-06-07,0.58,1,0
19175513,your private room and bath in south slope duplex,10685968,xintong (nancy),brooklyn,windsor terrace,40.65991,-73.983,private room,89,3,9,2018-07-28,0.4,1,0
19176222,beautiful east village apartment!,90279905,mariana,manhattan,east village,40.72706,-73.98451,private room,120,1,9,2017-12-10,0.37,1,0
19176790,cozy private room in upper manhattan,88034180,rob,manhattan,harlem,40.82473,-73.94778,private room,65,3,1,2017-06-28,0.04,1,0
19177019,bright designers' apartment in historic brownstone,1382888,sam & stefanie,brooklyn,greenpoint,40.72781,-73.95526,entire home/apt,215,3,2,2017-11-30,0.09,1,0
19181504,large furnished studio utilities&wifi including.,61685550,jianyan,manhattan,upper east side,40.77099,-73.95118,entire home/apt,120,1,3,2017-06-24,0.12,1,0
19190801,private room in prime bushwick- 20mins to the city,24913451,cristal,brooklyn,bushwick,40.6969,-73.92627,private room,37,3,3,2018-01-14,0.12,1,0
19193758,large bedroom 20 minutes away from manhattan,89861903,colin,queens,astoria,40.76731,-73.92634,private room,55,2,5,2017-07-30,0.21,1,0
19195173,bright & sophisticated brooklyn home,83967416,freddie,brooklyn,crown heights,40.67072,-73.957,private room,60,2,1,2017-06-12,0.04,1,0
19199353,spacious 1 bed in the heart of manhattan,80242044,vk,manhattan,greenwich village,40.73,-74.00122,entire home/apt,196,2,15,2019-04-14,0.61,1,0
19206035,uws room & private bathroom for one,1252275,kaitlin,manhattan,upper west side,40.80176,-73.96638,private room,70,3,13,2019-03-25,0.52,1,0
19209710,"sunny, 2br apartment in the heart of bushwick",19785181,robert & bianca,brooklyn,bushwick,40.70166,-73.92673,entire home/apt,136,3,10,2018-08-25,0.4,1,0
19212024,home,764688,itamar,brooklyn,prospect heights,40.67649,-73.97113,entire home/apt,160,7,1,2017-07-13,0.04,1,0
19220496,parkside luxury - studio with balcony,23257199,rachel,brooklyn,crown heights,40.67375,-73.96255,entire home/apt,84,4,8,2017-11-24,0.33,1,0
19224202,spacious comfort in the upper west side,6001984,pierre,manhattan,upper west side,40.80253,-73.96812,entire home/apt,190,4,4,2018-11-27,0.17,1,0
19225682,sunny and breezy brooklyn apartment near trains,26656760,lynsey,brooklyn,bedford-stuyvesant,40.69477,-73.94423,entire home/apt,200,4,10,2019-05-28,0.4,1,0
19226317,sunny apartment in brooklyn heights,26814623,kate,brooklyn,brooklyn heights,40.69016,-73.99311,entire home/apt,149,2,13,2019-06-30,0.52,1,0
19228956,spacious and bright apartment in manhattan,19783595,romy,manhattan,east harlem,40.79234,-73.94145,entire home/apt,120,5,9,2017-09-01,0.36,1,0
19236099,spacious 2 bedroom apt in great neighborhood,6597437,beth,brooklyn,prospect heights,40.67585,-73.96755,entire home/apt,150,3,12,2018-12-24,0.52,1,0
19236409,sunny 2br in townhouse on cutest e vill block,1722812,james,manhattan,east village,40.73111,-73.98675,entire home/apt,250,4,2,2018-01-09,0.08,1,0
19239928,"bright ues studio, avail short or long term",5530093,natallia,manhattan,upper east side,40.76327,-73.9612,entire home/apt,180,6,5,2017-11-07,0.21,1,0
19241136,"sunny, spacious 1 bedroom apartment in ridgewood!",5374258,julia,queens,ridgewood,40.70545,-73.90393,entire home/apt,100,4,7,2019-01-14,0.29,1,0
19244237,your brooklyn pad,17184568,luke,brooklyn,bushwick,40.70232,-73.92935,private room,60,1,1,2017-07-02,0.04,1,0
19244710,spacious & cozy 1br apartment in brownstone bldg,20283471,ramy,brooklyn,bedford-stuyvesant,40.6802,-73.93315,entire home/apt,130,1,3,2017-06-26,0.12,1,0
19245830,sunny spacious room + private bathroom in bushwick,20507114,tian,brooklyn,bushwick,40.70068,-73.92293,private room,60,3,8,2017-09-24,0.33,1,0
19247305,midcentury minimalist 1br in prime williamsburg,22176151,lianne,brooklyn,williamsburg,40.71576,-73.96084,entire home/apt,225,2,5,2017-12-18,0.21,1,0
19249136,small homey studio in a big noisy city,45536295,alyssa,manhattan,harlem,40.81703,-73.93691,entire home/apt,84,2,3,2017-06-28,0.12,1,0
19260473,nicki and tim's place,5325177,nicki,brooklyn,flatbush,40.64707,-73.96278,entire home/apt,85,5,2,2018-01-01,0.09,1,0
19261697,hidden treasure in bed-sty,67992400,ben,brooklyn,bedford-stuyvesant,40.6953,-73.93567,private room,50,2,1,2017-07-25,0.04,1,0
19263405,spacious village 1 bedroom - 5 star rated host,4279544,abigail,manhattan,greenwich village,40.72954,-74.00206,entire home/apt,215,4,6,2017-12-17,0.24,1,0
19269531,"steps away from grand central, cute & cozy!",4297109,christian,manhattan,midtown,40.75334,-73.97278,entire home/apt,195,2,5,2017-10-01,0.2,1,0
19270160,one bedroom walk up in hell's kitchen,20292772,noel,manhattan,hell's kitchen,40.76227,-73.99035,entire home/apt,225,2,6,2017-11-25,0.24,1,0
19274206,bright and spacious private room in hells kitchen,7033916,braden,manhattan,hell's kitchen,40.76463,-73.9877,private room,69,6,2,2018-01-03,0.08,1,0
19274358,"luxury condo-gym,pool,sundeck,sauna in bldg",15897027,christina,manhattan,murray hill,40.75075,-73.9752,entire home/apt,278,2,8,2018-04-22,0.32,1,0
19274584,"private bedroom, 10 minutes to lower manhattan",24842789,david,brooklyn,williamsburg,40.70717,-73.94949,private room,60,1,5,2017-07-04,0.2,1,0
19275018,spacious & bright room in upper west near columbia,24771293,allen,manhattan,morningside heights,40.80477,-73.96486,private room,79,2,11,2018-02-04,0.45,1,0
19280513,charming -one bedroom -williamsburg,18747504,schimpff,brooklyn,williamsburg,40.71886,-73.95695,private room,100,2,1,2017-06-22,0.04,1,0
19282891,extra large 1br in the heart of astoria!,139573,kristin,queens,astoria,40.76272,-73.92656,entire home/apt,150,7,1,2017-09-12,0.05,1,0
19284144,great empty apartment for you.,19893801,jimmy,brooklyn,windsor terrace,40.6526,-73.97366,entire home/apt,77,1,5,2017-07-01,0.2,1,0
19287758,stellar washington heights room near major subways,68915153,chris,manhattan,washington heights,40.84191,-73.9356,private room,60,3,6,2018-12-24,0.31,1,0
19291110,homely private room with queen sized bed,34198671,narmeen,brooklyn,crown heights,40.67594,-73.9261,private room,55,1,1,2017-06-24,0.04,1,0
19294702,williamsburg modern two-floor 1 bedroom 1.5 baths,14157243,leidy,brooklyn,williamsburg,40.71617,-73.95283,entire home/apt,250,2,3,2017-11-05,0.14,1,0
19304453,convenient midtown private 1 bedroom,11035230,mel,manhattan,hell's kitchen,40.75544,-73.99406,entire home/apt,100,1,13,2019-02-17,0.52,1,0
19306176,beautiful room in manhattan- great location,20266646,gabriella,manhattan,morningside heights,40.81454,-73.96102,private room,60,2,4,2019-04-23,0.24,1,0
19308199,sunny beautiful large bedroom in williamsburg,31907981,luis,brooklyn,williamsburg,40.71635,-73.94238,private room,80,3,9,2018-05-11,0.38,1,0
19310278,bestofbrooklyn,54739,georgi and alisa,brooklyn,crown heights,40.67578,-73.95606,entire home/apt,100,5,9,2018-11-11,0.47,1,0
19311153,studio in sunny sanctuary,48891291,chelsea,brooklyn,bushwick,40.70385,-73.92513,private room,40,2,3,2017-09-24,0.12,1,0
19317002,quiet sunny studio in roosevelt island,21383358,zheliang,manhattan,roosevelt island,40.76119,-73.94914,entire home/apt,70,5,3,2018-07-01,0.12,1,0
19323563,"luxurious, delightful 2-bedroom in prime les!",36851145,isak,manhattan,lower east side,40.72141,-73.98855,entire home/apt,260,2,5,2018-01-01,0.2,1,0
19328148,peaceful room:an almostempty apartment of your own,7014073,alex,brooklyn,williamsburg,40.71142,-73.96567,private room,90,1,7,2018-10-13,0.71,1,0
19343737,spacious private br-prime bushwick. roof access!,80603182,daria,brooklyn,bushwick,40.7016,-73.91974,private room,40,2,2,2018-05-17,0.09,1,0
19345240,private bed/bath / great views / upper east side,35786659,hao,manhattan,upper east side,40.76801,-73.96085,private room,75,1,15,2017-12-17,0.61,1,0
19345676,"room in spacious, light-filled brownstone",637733,william,brooklyn,bedford-stuyvesant,40.69092,-73.93094,private room,35,3,5,2018-04-20,0.32,1,0
19348139,"cozy, private room in the heart of fort greene",24806534,lisa,brooklyn,fort greene,40.68287,-73.97117,private room,130,3,1,2017-07-24,0.04,1,0
19348168,cyn,74033595,cyn,brooklyn,bedford-stuyvesant,40.6785,-73.91478,private room,75,2,1,2018-09-10,0.1,1,0
19349497,designer exposed brick east village walk up,2601002,daniel,manhattan,east village,40.72746,-73.98781,entire home/apt,80,4,11,2018-07-06,0.44,1,0
19355497,"spacious room, great college area, 1 blck to train",1221228,yimka,brooklyn,clinton hill,40.69112,-73.96059,private room,37,7,3,2017-07-30,0.12,1,0
19363396,soho downtown - large sunny private room!,27721159,louise,manhattan,soho,40.72635,-74.00298,private room,94,1,1,2017-07-05,0.04,1,0
19363671,the sterling flat,46454894,maxine,brooklyn,prospect-lefferts gardens,40.66197,-73.9543,entire home/apt,105,1,2,2017-07-03,0.08,1,0
19363728,private room in great east village apartment!,27443386,lauren,manhattan,east village,40.72036,-73.97889,private room,50,1,2,2017-07-17,0.08,1,0
19364229,heart of chelsea private room in a serviced 2bd,4048704,tala,manhattan,chelsea,40.7417,-74.00229,private room,100,3,1,2017-07-15,0.04,1,0
19364590,"spacious, sunny and private br in woodside, queens",51537620,victoria,queens,woodside,40.74509,-73.89649,private room,80,2,2,2017-07-23,0.08,1,0
19365218,peaceful private bedroom in brownstone with garden,9530419,mathilde,brooklyn,bedford-stuyvesant,40.69201,-73.95795,private room,55,2,3,2017-08-24,0.12,1,0
19376753,"lovely room for a real, cozy brooklyn experience",7756888,joe,brooklyn,flatbush,40.63609,-73.96687,private room,69,2,1,2017-08-13,0.04,1,0
19383561,sunny & quaint nyc loft in chelsea/meatpacking,9597266,audrey,manhattan,west village,40.74012,-74.00364,entire home/apt,190,2,1,2017-07-31,0.04,1,0
19385783,"bright, clean room in great location",5399668,annesofie,queens,long island city,40.74538,-73.94747,private room,75,2,17,2018-06-03,0.68,1,0
19388293,private studio at a housework with backyard,14805863,sherry,queens,maspeth,40.73519,-73.90271,entire home/apt,88,3,7,2018-04-13,0.28,1,0
19403704,private bathroom and bedroom for 1 -2 people,10262363,hangi,manhattan,hell's kitchen,40.75548,-73.9951,private room,100,4,1,2017-07-03,0.04,1,0
19404818,bright quiet airy tribeca loft,374115,victoria,manhattan,tribeca,40.72403,-74.00858,entire home/apt,200,2,7,2019-05-26,0.29,1,0
19409421,nice room with terrific skyline view in cosy apt,4844197,coline,brooklyn,williamsburg,40.7098,-73.94834,private room,60,3,12,2018-09-01,0.51,1,0
19410331,"spacious, prime carroll gardens, bk apartment",23985682,tim,brooklyn,carroll gardens,40.67507,-73.99805,entire home/apt,160,2,6,2017-08-15,0.24,1,0
19413670,spacious and airy room in prime south williamsburg,23048696,andrea,brooklyn,williamsburg,40.70928,-73.9659,private room,68,3,4,2017-08-01,0.16,1,0
19413675,see for yourself :),28249503,zachary,brooklyn,bushwick,40.68663,-73.90721,private room,90,3,8,2017-09-29,0.32,1,0
19413691,"apartment in manhattan, near express trains & park",4516201,chloe,manhattan,harlem,40.80964,-73.94321,entire home/apt,102,2,12,2019-04-07,0.5,1,0
19415114,entire apt (1 bdr) in the upper east side 85 st,59906749,heidi,manhattan,upper east side,40.7794,-73.95427,entire home/apt,119,3,6,2018-08-28,0.25,1,0
19415314,"girls only, cozy room one block from times square",47336995,mario,manhattan,hell's kitchen,40.75812,-73.98935,shared room,10,1,2,2017-06-24,0.08,1,0
19415979,newly renovated studio in prime manhattan location,35285033,melissa,manhattan,chelsea,40.74444,-74.00068,entire home/apt,175,3,2,2017-10-01,0.08,1,0
19424753,"bright, spacious, private room",35380551,denise,brooklyn,bushwick,40.70119,-73.91154,private room,45,2,2,2017-07-22,0.08,1,0
19430305,"beautiful, stylish 1br in heart of crown heights",8575784,lin,brooklyn,crown heights,40.67316,-73.95812,entire home/apt,155,2,4,2017-11-01,0.16,1,0
19436446,private sanctuary close to central park,88972126,deeksha,manhattan,harlem,40.80194,-73.95551,entire home/apt,120,1,3,2017-07-31,0.12,1,0
19439790,chelsea/flatiron 1-bedroom apt in luxury building,24464178,ted,manhattan,chelsea,40.74379,-73.99433,entire home/apt,189,2,7,2019-04-30,0.3,1,0
19441240,clean cozy close comfortable,16566001,ebin,manhattan,harlem,40.81611,-73.94419,private room,36,2,11,2017-10-22,0.45,1,0
19452755,comfortable entire 2 bedroom apt in williamsburg,733034,jack,brooklyn,williamsburg,40.70753,-73.9534,entire home/apt,126,2,4,2018-07-29,0.16,1,0
19455656,nyc adventurous getaway!,28626337,jess,manhattan,chelsea,40.73958,-74.00171,private room,65,3,2,2018-01-01,0.08,1,0
19466060,your space around myrtle ave,17274880,jangho,brooklyn,bedford-stuyvesant,40.69343,-73.9371,private room,35,5,5,2017-12-27,0.22,1,0
19473132,cozy east village apartment,30016379,jenny,manhattan,east village,40.72292,-73.98732,entire home/apt,173,2,3,2017-08-30,0.13,1,0
19475058,spacious chinatown loft,12038925,keir,manhattan,chinatown,40.71585,-73.99171,entire home/apt,250,2,15,2018-08-26,0.63,1,0
19475198,private bedroom in beautiful astoria apt,3228795,jonathan,queens,astoria,40.76386,-73.91475,private room,60,2,3,2017-08-18,0.13,1,0
19477677,huge sunny room next to subway!,25038748,justin,manhattan,harlem,40.82119,-73.95583,private room,70,4,11,2019-05-11,0.45,1,0
19478537,comfortable studio in the heart of brooklyn,1751498,charly,brooklyn,crown heights,40.67538,-73.96257,entire home/apt,70,5,1,2017-07-06,0.04,1,0
19485371,spacious harlem hideaway,74238783,cardelle,manhattan,harlem,40.82582,-73.94876,private room,65,1,6,2017-12-15,0.24,1,0
19488137,semi-private studio in manhattan,63956486,keianna,manhattan,inwood,40.86438,-73.92086,shared room,40,2,2,2018-03-27,0.12,1,0
19489138,spacious 1 bedroom pre war on central park,3595138,filip,manhattan,upper west side,40.79884,-73.95962,entire home/apt,230,2,7,2017-11-27,0.31,1,0
19490255,"beautiful one bedroom, prime location",63954950,sydney,manhattan,greenwich village,40.7302,-74.0008,entire home/apt,180,2,4,2017-09-13,0.16,1,0
19495598,tasteful noho 1 bedroom,49924298,krystin,manhattan,noho,40.72805,-73.99146,entire home/apt,139,3,1,2017-08-01,0.04,1,0
19501242,private room/bathroom on the upper west side,36572516,david,manhattan,upper west side,40.78196,-73.97764,private room,54,1,17,2017-08-12,0.69,1,0
19521605,one bedroom apt in prospect park,18327839,sylvia,brooklyn,prospect-lefferts gardens,40.6609,-73.96185,entire home/apt,115,2,5,2017-09-24,0.22,1,0
19529637,great east village 1br in prime location,3412684,andrew,manhattan,east village,40.72723,-73.98466,entire home/apt,145,2,9,2019-06-08,0.37,1,0
19530271,appartement spacieux au cœur d'astoria,37980834,oceane,queens,ditmars steinway,40.76944,-73.90751,entire home/apt,119,1,1,2017-07-09,0.04,1,0
19531805,brand new one bedroom apt in brooklyn,57435629,lin,brooklyn,kensington,40.63955,-73.9807,entire home/apt,80,2,1,2017-07-03,0.04,1,0
19531901,"2br near central park, lincoln center",7936109,ryan,manhattan,upper west side,40.77468,-73.98184,entire home/apt,180,2,5,2017-08-12,0.2,1,0
19532448,ideal manhattan studio at the upper east side.,57501710,francisco,manhattan,upper east side,40.77059,-73.95522,entire home/apt,200,4,7,2018-10-08,0.29,1,0
19538717,east williamsburg studio,48542743,yoon,brooklyn,williamsburg,40.71204,-73.93535,entire home/apt,70,5,2,2018-09-05,0.19,1,0
19544381,comfortable studio in heart of les/chinatown,2642103,yuriy,manhattan,chinatown,40.71633,-73.9897,entire home/apt,100,2,2,2017-10-17,0.08,1,0
19549547,quintessential west village apt,102926533,shaunda,manhattan,west village,40.73185,-74.00589,entire home/apt,175,3,11,2019-06-14,0.45,1,0
19550838,quiet spot in vibrant nyc neighborhood,308068,yiska,manhattan,harlem,40.80291,-73.95832,entire home/apt,68,3,2,2017-09-05,0.09,1,0
19569016,upper east side studio,73848909,yassir,manhattan,upper east side,40.7662,-73.9574,entire home/apt,100,3,2,2018-09-14,0.15,1,0
19571034,modern luxury apartment on 42nd street,19703184,john,manhattan,hell's kitchen,40.76236,-73.99827,entire home/apt,175,3,4,2018-09-07,0.29,1,0
19571955,great room in spacious apt. right by the c,932021,alec,brooklyn,clinton hill,40.68511,-73.96775,private room,49,1,2,2017-07-22,0.08,1,0
19572489,"comfortable, modern apartment in a fun area",44739726,megan,brooklyn,williamsburg,40.71722,-73.95406,entire home/apt,200,2,9,2017-12-31,0.38,1,0
19572516,modern turn of century brooklyn apartment.,6466505,romana,brooklyn,crown heights,40.6726,-73.9514,entire home/apt,100,3,5,2017-08-30,0.21,1,0
19574956,cozy bedstuy room,14163206,alexander,brooklyn,bedford-stuyvesant,40.68301,-73.94757,private room,45,2,6,2017-12-29,0.25,1,0
19579695,spacious sunny room in astoria :),45522333,corinne,queens,astoria,40.76746,-73.9223,private room,75,2,4,2017-09-13,0.17,1,0
19585955,"quiet full bed, loft and couch",4471200,adam,queens,ridgewood,40.69654,-73.90034,private room,40,2,1,2017-07-04,0.04,1,0
19593631,entire apartment near central park,2926954,ricky,manhattan,upper east side,40.78242,-73.9547,entire home/apt,160,2,7,2019-02-20,0.3,1,0
19603055,1- bedroom in east harlem,25959120,dan,manhattan,east harlem,40.78668,-73.94247,private room,85,2,2,2017-08-16,0.08,1,0
19605856,upper west side - one bedroom + bike,18632318,jeffrey,manhattan,upper west side,40.8023,-73.96688,private room,101,5,2,2017-07-22,0.08,1,0
19606247,cozy private room in chinatown/ lower east side,48035228,chen,manhattan,two bridges,40.71253,-73.99586,private room,50,7,3,2017-08-27,0.12,1,0
19609161,luxury private room on the upper east side!,11830463,farheen,manhattan,upper east side,40.78324,-73.94871,private room,90,2,4,2017-08-12,0.17,1,0
19617695,bright & cozy upper east side studio,41381874,shana,manhattan,upper east side,40.78185,-73.9474,entire home/apt,150,2,3,2017-10-01,0.12,1,0
19619159,"bright, modern and cozy chelsea studio!",18776880,caroline,manhattan,chelsea,40.74118,-73.999,entire home/apt,155,2,4,2017-10-23,0.16,1,0
19622470,chelsea private bedroom and bathroom,3715206,yaz,manhattan,chelsea,40.74837,-74.00228,private room,100,2,12,2017-10-09,0.5,1,0
19625050,charming apartment (sleeps 2-4) in ues manhattan,52573016,leah,manhattan,upper east side,40.78271,-73.9454,entire home/apt,148,3,2,2018-01-04,0.09,1,0
19630271,spacious and bright studio apt in the heart of ues,15602635,alexander,manhattan,upper east side,40.77561,-73.95213,entire home/apt,200,4,10,2018-10-08,0.43,1,0
19634067,"gigantic, convenient loft in s williamsburg!",13785996,david,brooklyn,williamsburg,40.70857,-73.96618,private room,42,3,1,2018-02-14,0.06,1,0
19634230,taste of the suburbs in greenpoint,41945908,caleb,brooklyn,greenpoint,40.72785,-73.95452,private room,60,3,4,2018-01-03,0.16,1,0
19637270,cozy 1 bedroom at a very convenient location!,52432205,magdalena,queens,sunnyside,40.74266,-73.91884,entire home/apt,140,2,4,2018-01-01,0.17,1,0
19642392,"private room in the heart of gramercy, ny.",102072773,linett,manhattan,kips bay,40.74136,-73.98146,private room,55,1,8,2017-08-10,0.33,1,0
19643642,one stop to midtown manhattan one stop to brooklyn,20440843,safiah,queens,long island city,40.7451,-73.94951,private room,75,1,5,2018-09-28,0.23,1,0
19671061,beautiful williamsburg loft 1/2 block from subway!,45673606,susan,brooklyn,williamsburg,40.71493,-73.94502,private room,120,1,9,2017-10-07,0.38,1,0
19672975,"cute, sunny room in nyc!",59111337,meredith,manhattan,washington heights,40.85029,-73.93602,private room,42,2,3,2018-08-22,0.13,1,0
19673610,sunny walk-up on the upper east side,15721549,lauren,manhattan,upper east side,40.77229,-73.94941,private room,80,4,3,2018-11-06,0.34,1,0
19677221,"private, spacious brooklyn room in prime location",88351271,jordan,brooklyn,bushwick,40.69817,-73.92819,private room,45,3,14,2018-08-02,0.58,1,0
19677284,room in williamsburg,63336737,juan,brooklyn,williamsburg,40.70994,-73.95243,private room,50,4,3,2018-08-13,0.12,1,0
19677579,"sunny room in historic bedstuy, brooklyn",124171,miguel,brooklyn,bedford-stuyvesant,40.68533,-73.94231,private room,60,1,1,2018-07-08,0.08,1,0
19678436,sunny 1br - trendiest location in nyc,1999224,ro-e,manhattan,chinatown,40.71346,-73.99158,entire home/apt,180,2,1,2017-09-03,0.04,1,0
19690331,"private room in bustling bushwick, brooklyn",55209173,camille,brooklyn,bedford-stuyvesant,40.69555,-73.93444,private room,40,1,3,2017-08-08,0.12,1,0
19694308,bed-stuy beauty,12662045,kamilah,brooklyn,bedford-stuyvesant,40.68347,-73.93322,private room,50,3,2,2017-08-31,0.09,1,0
19695276,beautiful boerum hill apartment,373060,tamera,brooklyn,boerum hill,40.68591,-73.9863,entire home/apt,275,2,2,2017-11-12,0.09,1,0
19696746,a garden grows in greenpoint / craft chateau,5107938,misha,brooklyn,greenpoint,40.72351,-73.94059,private room,54,2,2,2017-08-31,0.08,1,0
19696972,stockton studios,98093770,dane,brooklyn,bedford-stuyvesant,40.69545,-73.94839,private room,44,3,13,2018-03-27,0.54,1,0
19699039,super nice and cool one bedroom in les,24835386,atif,manhattan,lower east side,40.71799,-73.98657,entire home/apt,138,7,4,2018-08-27,0.17,1,0
19700871,~ chic and open 2 bedroom brooklyn apartment ~,41963149,carolyn,brooklyn,bedford-stuyvesant,40.69129,-73.95119,entire home/apt,170,1,1,2017-07-16,0.04,1,0
19701809,spacious private room in the heart of williamsburg,52173396,greg,brooklyn,williamsburg,40.71733,-73.95887,private room,65,1,7,2018-08-07,0.29,1,0
19702498,sunny 2br brooklyn loft,5421054,samuel,brooklyn,bushwick,40.70766,-73.92169,entire home/apt,175,5,8,2018-09-09,0.34,1,0
19713074,sweet one bedroom apartment in cobble hill,9669516,renee,brooklyn,cobble hill,40.68698,-73.99864,entire home/apt,152,3,3,2017-07-31,0.13,1,0
19714903,charming one bedroom apt in west chelsea,8706651,theresa,manhattan,chelsea,40.74862,-74.00237,entire home/apt,150,2,1,2019-04-27,0.41,1,0
19716501,peaceful private studio floor in williamsburg apt,3889739,tutti,brooklyn,williamsburg,40.71322,-73.94022,private room,60,2,6,2017-10-29,0.25,1,0
19717632,east village charming & cozy apt!,6965700,alina,manhattan,east village,40.72435,-73.98394,private room,73,3,6,2018-07-08,0.3,1,0
19718993,cozy crown heights w/ botanical garden membership,26017313,jamie,brooklyn,crown heights,40.67293,-73.96128,entire home/apt,200,1,2,2017-09-26,0.09,1,0
19719080,"kosher, furnished room in crown heights!!!",58753715,avremi and shmuly,brooklyn,crown heights,40.66739,-73.94708,private room,70,2,5,2017-10-23,0.21,1,0
19720126,spacious west harlem studio!,96742320,anne,manhattan,harlem,40.82411,-73.9509,entire home/apt,98,2,2,2017-08-22,0.09,1,0
19720907,"cozy bedroom in harlem, ny",54283436,maurice,manhattan,east harlem,40.7993,-73.94164,private room,60,3,6,2018-07-26,0.25,1,0
19729892,one room in a beautiful two bedroom appartment,4452444,jūrate,brooklyn,williamsburg,40.71916,-73.94215,private room,70,1,14,2019-06-30,0.6,1,0
19732045,big apartment in bushwick... art--nightlife--food!,21772781,edward,brooklyn,bushwick,40.70268,-73.91582,entire home/apt,77,3,4,2019-04-24,0.18,1,0
19737908,cozy zen-like jungle in bushwick,67271745,anna,brooklyn,bushwick,40.69393,-73.90898,private room,55,1,1,2017-07-30,0.04,1,0
19743260,private room in harlem with a/c,44220091,thomas,manhattan,harlem,40.8076,-73.94252,private room,56,1,10,2017-08-23,0.42,1,0
19744093,beautiful modern brooklyn apartment with balcony!,2239235,jess,brooklyn,crown heights,40.67637,-73.95755,entire home/apt,125,3,1,2017-07-16,0.04,1,0
19745952,"cozy, charming uptown apartment!",31727657,kristen,manhattan,washington heights,40.84482,-73.93739,private room,70,4,1,2017-07-31,0.04,1,0
19747940,1 bedroom in beautiful prospect heights apt.,5018185,caroline,brooklyn,prospect heights,40.67797,-73.96783,private room,60,2,1,2017-07-30,0.04,1,0
19749132,small cozy furnished bedroom in sunnyside queens,68321431,victor-andres,queens,sunnyside,40.7362,-73.91783,private room,30,2,6,2018-06-23,0.42,1,0
19751573,new + modern e williamsburg apt *right* off subway,33243428,parsa,brooklyn,williamsburg,40.71365,-73.93889,private room,57,3,1,2017-08-01,0.04,1,0
19757502,historic modernism in harlem's sugar hill,97682736,michael,manhattan,harlem,40.82559,-73.94501,entire home/apt,250,7,1,2018-12-28,0.16,1,0
19760008,your home by the park,44358777,peter a.,manhattan,upper west side,40.79874,-73.9599,private room,67,2,5,2017-09-07,0.21,1,0
19762625,private room with garden in lovely apt in soho,2269285,michka,manhattan,nolita,40.72208,-73.99365,private room,100,2,6,2017-10-30,0.25,1,0
19766555,1.5 bed condo in heart of williamsburg,20163996,russ,brooklyn,williamsburg,40.71441,-73.94527,entire home/apt,140,3,4,2018-10-09,0.2,1,0
19768107,lower east dream room!,16414560,kat,manhattan,east village,40.72467,-73.98922,private room,100,2,1,2019-05-21,0.61,1,0
19768219,couch in studio apartment in astoria,9039995,jamie,queens,long island city,40.76199,-73.92684,shared room,33,1,11,2017-10-22,0.46,1,0
19768417,private room-upper east side,40139382,josh,manhattan,upper east side,40.77275,-73.94917,private room,70,4,1,2018-01-20,0.06,1,0
19769680,huge 1 bedroom apartment on broadway!,15468652,igor,manhattan,washington heights,40.83499,-73.94528,private room,59,6,1,2017-08-04,0.04,1,0
19780093,convenient / spacious 1br in union square,6376364,jing,manhattan,east village,40.73213,-73.98944,entire home/apt,200,2,11,2017-10-10,0.47,1,0
19785259,lower east side - bare bones,53821069,daniel,manhattan,lower east side,40.72276,-73.9886,entire home/apt,94,1,8,2017-07-28,0.33,1,0
19786572,"spacious, private master bed/bath in bushwick!",20459165,amie,queens,ridgewood,40.70689,-73.91527,private room,63,4,6,2017-09-20,0.26,1,0
19788957,private room in bedford / williamsburg,104892816,stanislas,brooklyn,williamsburg,40.71248,-73.95815,private room,70,3,1,2017-08-07,0.04,1,0
19789302,loft like 1 bedroom in dumbo brooklyn,12518089,dan,brooklyn,dumbo,40.70286,-73.98911,entire home/apt,195,2,3,2017-12-29,0.13,1,0
19808493,lovely and cozy apartment in williamsburg,105139019,giulia,brooklyn,williamsburg,40.70948,-73.94814,private room,90,3,3,2017-08-17,0.12,1,0
19808508,pretty bedroom for rent in queens nyc - august,103217662,mathilde,queens,ridgewood,40.70772,-73.90959,private room,50,7,1,2017-11-19,0.05,1,0
19811020,upper east side space and access!!,30245313,jewel,manhattan,upper east side,40.76775,-73.95371,private room,187,1,6,2017-12-12,0.26,1,0
19818393,large one separate bedroom,90315649,mike,manhattan,east harlem,40.79241,-73.94058,entire home/apt,135,4,3,2018-06-19,0.12,1,0
19820148,amazing rooftop for unforgettable stay in new york,31284229,eddie,manhattan,east harlem,40.79652,-73.93323,private room,120,1,1,2017-07-19,0.04,1,0
19822902,"sunny, modern clinton hill apartment",1451743,david,brooklyn,bedford-stuyvesant,40.68562,-73.95624,entire home/apt,100,5,2,2017-08-24,0.09,1,0
19823771,spacious and clean bedroom in washington heights,55608979,marie,manhattan,washington heights,40.8352,-73.94045,private room,50,1,3,2017-08-23,0.13,1,0
19825552,great 1 bedroom duplex apt in kips-bay/murrayhill,2761278,yuval,manhattan,kips bay,40.74073,-73.9791,entire home/apt,229,5,1,2018-01-03,0.05,1,0
19827594,great private room in the heart of williamsburg,55389878,justin,brooklyn,williamsburg,40.7188,-73.95846,private room,84,1,1,2017-07-31,0.04,1,0
19831736,spacious sunny living room in prime brooklyn,23027289,eileen,brooklyn,clinton hill,40.68386,-73.9627,private room,40,1,2,2017-08-29,0.09,1,0
19840329,spacious private space in upper manhattan,2351055,leeron,manhattan,harlem,40.82931,-73.94801,private room,50,4,3,2018-10-20,0.31,1,0
19848951,lower east side getaway,25072764,thomas,manhattan,lower east side,40.71833,-73.9908,private room,69,4,2,2017-08-15,0.09,1,0
19853343,1 bedroom in 3 bedroom apartment,18990231,kwam,queens,ridgewood,40.70373,-73.90873,private room,45,1,3,2017-10-04,0.13,1,0
19857613,"cozy, bright, bohemian space in the east village",1132004,michael,manhattan,east village,40.73022,-73.98623,entire home/apt,125,5,2,2017-08-27,0.08,1,0
19859697,"spacious and sunny room, with a rooftop",9121644,dominic,queens,ridgewood,40.70334,-73.90647,private room,85,2,5,2017-09-02,0.21,1,0
19860469,ideal private room in the heart of williamsburg,80701659,marie,brooklyn,williamsburg,40.7139,-73.9486,private room,80,5,1,2017-08-29,0.04,1,0
19862719,1br in luxury financial district highrise,61689461,michael,manhattan,financial district,40.70498,-74.01063,private room,55,3,2,2017-07-27,0.08,1,0
19862980,garden duplex in classic brownstone,16752839,karen,brooklyn,carroll gardens,40.68385,-73.99278,entire home/apt,225,2,14,2018-11-24,0.65,1,0
19867655,williamsburg brooklyn,5244814,gina,brooklyn,williamsburg,40.71949,-73.95827,entire home/apt,200,3,1,2019-01-02,0.16,1,0
19871726,"prime wburg, spacious and sunny",22549130,zaid,brooklyn,williamsburg,40.7134,-73.944,entire home/apt,116,3,6,2018-08-26,0.26,1,0
19875496,newly renovated studio in heart of brooklyn,20608771,michael,brooklyn,bedford-stuyvesant,40.68036,-73.94986,entire home/apt,99,7,7,2018-01-03,0.3,1,0
19876292,cute & cosy in west village,24607072,luke,manhattan,west village,40.73673,-74.00836,entire home/apt,150,3,3,2017-09-04,0.13,1,0
19876727,bright and spacious room in prime bushwick!,59045042,sidney,brooklyn,bushwick,40.70204,-73.92592,private room,55,2,7,2017-10-04,0.29,1,0
19877223,"cozy & cheap bk nook, easy access to manhattan",47198967,sean and kat,brooklyn,fort greene,40.69692,-73.97352,entire home/apt,108,1,6,2017-10-19,0.26,1,0
19877695,1 room in spacious harlem manhattan 3br home,25653961,tatianna,manhattan,harlem,40.81566,-73.93914,private room,50,3,5,2018-12-30,0.22,1,0
19890448,mundo's world,15096876,raymundo,brooklyn,bushwick,40.6995,-73.92089,private room,60,3,2,2017-07-31,0.08,1,0
19890678,sunny room with a balcony in prospect heights,513517,tak,brooklyn,crown heights,40.67567,-73.95779,private room,59,2,1,2018-05-25,0.07,1,0
19891482,cozy the east village 1bd,2574881,emma,manhattan,east village,40.72225,-73.98206,entire home/apt,150,3,6,2018-10-08,0.28,1,0
19891590,"serene & cozy 1bed w/backyard, great location",325862,oscar,brooklyn,windsor terrace,40.66023,-73.98259,entire home/apt,99,2,7,2019-06-23,0.38,1,0
19892264,brooklyn 1-bedroom with skyline views,87474067,amanda,brooklyn,bedford-stuyvesant,40.68218,-73.95355,private room,60,1,16,2018-05-20,0.68,1,0
19894740,cozy and bright room in morningside heights,25991504,claudia,manhattan,morningside heights,40.81254,-73.96025,private room,48,7,1,2017-08-16,0.04,1,0
19896613,cozy & quiet private ues room,73056979,kesaun,manhattan,upper east side,40.7822,-73.95101,private room,55,1,7,2018-01-16,0.3,1,0
19903510,stay at my studio! clean cozy studio - ft greene,17617027,steven,brooklyn,fort greene,40.69751,-73.97544,entire home/apt,100,1,2,2017-07-23,0.08,1,0
19907826,"fun studio apartment in washington heights, nyc",29003640,cedric,manhattan,washington heights,40.84851,-73.93207,entire home/apt,60,3,6,2017-09-26,0.25,1,0
19909197,private room in park slope loft/townhouse,52583380,sebastian,brooklyn,park slope,40.67872,-73.9792,private room,88,3,8,2017-12-08,0.33,1,0
19910074,huge space in brooklyn's most beautiful area,11878464,christine,brooklyn,prospect heights,40.67654,-73.97144,private room,85,2,11,2018-01-01,0.48,1,0
19911716,amazing soho loft,8258751,merve,manhattan,soho,40.7252,-73.99805,entire home/apt,250,5,3,2017-08-16,0.13,1,0
19912332,chic east village 1 bed apt,19113311,michael,manhattan,east village,40.72592,-73.98862,entire home/apt,175,2,3,2017-10-17,0.13,1,0
19914762,soho studio,6219013,kate,manhattan,nolita,40.72177,-73.99675,entire home/apt,200,3,5,2018-09-23,0.38,1,0
19922292,cool studio in brooklyn,51870709,max,brooklyn,bedford-stuyvesant,40.69341,-73.94789,entire home/apt,120,1,4,2017-08-28,0.17,1,0
19922819,great area in east williamsburg,10642725,nate,brooklyn,bedford-stuyvesant,40.69425,-73.93325,private room,35,2,1,2017-09-28,0.05,1,0
19929904,sun drenched apartment,71730214,tatum,queens,ridgewood,40.69956,-73.89801,entire home/apt,80,4,5,2018-08-29,0.21,1,0
19940410,classic williamsburg apartment.,39250457,lauren,brooklyn,williamsburg,40.71199,-73.94004,entire home/apt,90,2,4,2017-08-23,0.17,1,0
19943797,"family-friendly, 2br, tons of light! amazing find.",34738874,elliott,brooklyn,crown heights,40.67806,-73.94459,entire home/apt,88,1,2,2017-08-18,0.08,1,0
19945811,spacious & serene in the heart of brooklyn heights,8026588,anne,brooklyn,brooklyn heights,40.69425,-73.99503,entire home/apt,200,3,7,2018-09-03,0.31,1,0
19946965,comfortable private room in a great location,62710779,husain,manhattan,upper west side,40.79982,-73.96411,private room,89,4,1,2017-08-03,0.04,1,0
19949403,"sunny, spacious brooklyn room & private backyard",4685815,marino,brooklyn,williamsburg,40.71015,-73.955,private room,60,7,1,2017-08-20,0.04,1,0
19951242,luxury williamsburg with panoramic city views,202362,liad,brooklyn,williamsburg,40.7191,-73.9617,entire home/apt,275,5,3,2017-12-05,0.15,1,0
19952226,bright airy spacious brooklyn artist's home,15835115,shelley,brooklyn,flatbush,40.65447,-73.95631,entire home/apt,75,2,3,2017-09-11,0.13,1,0
19958302,luxury for a discount,34447878,elaine,manhattan,civic center,40.71365,-74.0053,entire home/apt,210,5,6,2018-09-22,0.26,1,0
19963641,bright kid-friendly apartment near the navy yard.,2073124,chris,brooklyn,fort greene,40.69653,-73.97439,entire home/apt,136,2,2,2017-08-28,0.09,1,0
19967115,large 1st floor apartment at fantastic location!,12652679,madhu,queens,astoria,40.76297,-73.91696,entire home/apt,80,2,13,2019-05-23,0.56,1,0
19967657,sanjay's art lab - prime les - quintessential nyc,16549535,sanjay,manhattan,lower east side,40.71624,-73.98935,entire home/apt,50,1,6,2018-09-28,0.28,1,0
19968388,beautiful bedroom in washington heights,38592785,caitlyn,manhattan,washington heights,40.84218,-73.93676,private room,55,2,15,2019-07-06,0.76,1,0
19969420,bright private bedroom by wall street,27186594,glenna,manhattan,financial district,40.70743,-74.00785,private room,87,2,10,2019-05-05,0.43,1,0
19980277,"sunny fort greene room with a/c, high ceilings",10995969,adam,brooklyn,fort greene,40.69401,-73.973,private room,62,2,3,2017-08-24,0.13,1,0
19980512,bohemian cozy,19134080,raschell,manhattan,east village,40.72795,-73.9831,entire home/apt,110,3,3,2017-09-04,0.13,1,0
19981092,private bedroom in luxury uptown condo,29568720,susanne,manhattan,washington heights,40.85263,-73.9352,private room,80,1,7,2017-10-31,0.31,1,0
19981584,sunny loft in heart of crown heights,75819473,cathy,brooklyn,crown heights,40.67295,-73.95646,private room,57,1,4,2017-09-01,0.17,1,0
19998689,sunny & cozy room in top floor apt with terrace,2596096,aleksandar,queens,astoria,40.75705,-73.91459,private room,150,2,4,2019-03-09,0.17,1,0
20000820,sunny and spacious private bedroom,27527984,s,brooklyn,bushwick,40.69613,-73.90768,private room,66,1,2,2017-10-08,0.09,1,0
20005568,private room with 2 beds in hamilton heights,63986235,drew,manhattan,harlem,40.82952,-73.95064,private room,75,4,3,2017-09-17,0.13,1,0
20012263,bright large bedroom in heart of bed stuy w/garden,17591452,xavier,brooklyn,bedford-stuyvesant,40.6839,-73.94452,private room,85,3,14,2018-10-30,0.61,1,0
20014141,uws. beautiful 1brm apartment w/ king size bed,54498900,svetlana,manhattan,upper west side,40.79271,-73.97272,entire home/apt,170,7,4,2018-01-01,0.17,1,0
20014534,minimalist private bedroomm - clean/spacious/airy,43010827,joshua,brooklyn,williamsburg,40.71385,-73.93739,private room,45,3,5,2018-07-24,0.21,1,0
20014895,"trendy, bright and spacious 1br apt east village",81140056,anne-charlotte,manhattan,east village,40.72338,-73.98293,entire home/apt,198,7,9,2019-01-02,0.38,1,0
20015002,bright and beautiful pre-war home in bushwick,17529252,johnny,brooklyn,bushwick,40.70447,-73.91559,private room,87,2,1,2017-09-04,0.04,1,0
20016975,rustic 1 bedroom with exposed brick,55939980,katy,manhattan,midtown,40.75685,-73.96388,entire home/apt,210,2,4,2018-12-30,0.22,1,0
20018667,midwest oasis in kings county,23587319,wes,brooklyn,bedford-stuyvesant,40.68336,-73.93578,entire home/apt,80,2,3,2017-11-10,0.14,1,0
20029021,beautiful apartment in brooklyn!,12431341,klaudia,brooklyn,bedford-stuyvesant,40.69361,-73.94383,entire home/apt,149,3,3,2018-10-21,0.14,1,0
20033434,cozy room in beautiful brooklyn,31480299,rachel,brooklyn,fort greene,40.68895,-73.96902,private room,65,1,10,2017-11-05,0.45,1,0
20033770,"beautiful 1 bedroom apartment in greenpoint, bk",15899162,nichole,brooklyn,greenpoint,40.73129,-73.95845,entire home/apt,71,7,10,2018-09-23,0.51,1,0
20034806,"beautiful, airy bedroom in williamsburg",75777937,funmilade,brooklyn,williamsburg,40.71558,-73.96171,private room,50,1,3,2017-08-06,0.13,1,0
20035466,"entire 1bd apartment in crown heights, bk",53630880,cindy,brooklyn,crown heights,40.67619,-73.9532,entire home/apt,100,5,6,2018-12-31,0.25,1,0
20035612,private room in central harlem,59764159,shakeria,manhattan,harlem,40.81254,-73.94204,private room,55,3,1,2017-08-24,0.04,1,0
20040994,private room in 3br apt in west village,29750315,myles,manhattan,west village,40.7331,-74.01022,private room,108,3,3,2017-08-31,0.13,1,0
20044214,home away from home,19474504,zam,brooklyn,bedford-stuyvesant,40.68266,-73.94321,entire home/apt,100,1,3,2017-09-08,0.13,1,0
20048909,cozy west village apartment,14680684,catherine,manhattan,west village,40.73848,-74.00503,entire home/apt,250,5,5,2018-11-05,0.27,1,0
20051059,east village gem,16547637,sarah,manhattan,east village,40.72775,-73.98253,private room,65,2,1,2017-08-15,0.04,1,0
20052107,cozy 1bd apartment in brooklyn prospect lefferts,9215302,diana,brooklyn,prospect-lefferts gardens,40.65558,-73.956,entire home/apt,90,2,6,2017-08-31,0.26,1,0
20054293,cozy spacious room in lic with backyard and bath,63235915,shen,queens,long island city,40.76024,-73.94091,private room,61,3,1,2017-08-01,0.04,1,0
20055944,cozy centrally located room in the east village,3666809,mercy,manhattan,east village,40.72962,-73.98449,private room,150,1,6,2018-04-09,0.36,1,0
20056034,charming studio in the heart of astoria,27468780,maja,queens,astoria,40.76189,-73.92332,entire home/apt,110,4,6,2019-06-11,0.3,1,0
20056328,beautiful 1 bedroom near central park/times square,3006848,joannie,manhattan,hell's kitchen,40.76494,-73.98467,private room,160,2,2,2017-08-20,0.09,1,0
20056846,sunny and spacious apartment in astoria,3841371,catherine,queens,astoria,40.7701,-73.9297,entire home/apt,120,2,2,2017-08-26,0.09,1,0
20066576,1 bedroom in the heart of the lower east side,56256469,steven,manhattan,lower east side,40.7191,-73.98431,entire home/apt,140,3,4,2017-09-04,0.17,1,0
20074223,green oasis in east williamsburg,38250741,erin,brooklyn,williamsburg,40.70694,-73.94511,private room,65,2,2,2017-10-16,0.09,1,0
20089471,bargain! amazing location orchard st in the les,2174446,tessa,manhattan,chinatown,40.71674,-73.99079,private room,58,3,1,2017-08-20,0.04,1,0
20091873,chic union square one bedroom,52530136,james,manhattan,gramercy,40.73409,-73.98703,entire home/apt,125,3,5,2018-02-19,0.23,1,0
20092821,dream bedroom in the heart of downtown manhattan,23610188,bess,manhattan,chinatown,40.71479,-73.99971,private room,88,1,1,2017-08-14,0.04,1,0
20103452,upper east side apartment,95734400,jack,manhattan,upper east side,40.77042,-73.94918,entire home/apt,122,1,4,2017-08-28,0.17,1,0
20118387,zippy 2 bdrm apt. in artsy bushwick,15572977,alayna,brooklyn,bushwick,40.7005,-73.92554,entire home/apt,150,3,1,2017-08-23,0.04,1,0
20121617,large room/private bathroom by prospect park,2802251,cansu,brooklyn,flatbush,40.6495,-73.9643,private room,60,2,2,2017-09-27,0.08,1,0
20134321,1-br apartment in the heart of williamsburg,10128779,joseph,brooklyn,williamsburg,40.71759,-73.96641,entire home/apt,150,4,8,2019-04-29,0.35,1,0
20134851,"bright, airy loft in bushwick's street art scene",4305955,brittany,brooklyn,bushwick,40.70543,-73.92306,entire home/apt,165,4,12,2019-06-17,0.55,1,0
20137347,cozy one bedroom in spanish/east harlem,51532290,janelle,manhattan,east harlem,40.79815,-73.93475,entire home/apt,82,2,3,2017-08-24,0.13,1,0
20137618,best sun-filled room in nyc with private terrace!,2068274,vinko,manhattan,east village,40.72717,-73.98064,private room,99,3,2,2018-08-30,0.09,1,0
20137770,private room in doorman building in downtown bk,34365131,sarah,brooklyn,downtown brooklyn,40.69591,-73.98335,private room,58,5,1,2017-08-13,0.04,1,0
20150874,modern and artsy bedroom on top floor of duplex,30933708,emmanuel,brooklyn,bushwick,40.69711,-73.91519,private room,75,2,8,2018-07-16,0.35,1,0
20153703,sunny large bedroom in shared apartment (w harlem),48878986,kaylie,manhattan,harlem,40.82086,-73.95119,private room,60,3,1,2017-08-06,0.04,1,0
20162513,cozy studio close to broadway and times square,683142,jose,manhattan,hell's kitchen,40.76242,-73.99482,entire home/apt,135,2,3,2017-12-26,0.13,1,0
20164634,quiet 1br in ft greene! close to ft greene park,12586279,sophia,brooklyn,fort greene,40.68841,-73.97283,entire home/apt,110,2,5,2017-11-23,0.22,1,0
20165947,bright & spacious artist loft in bk!,17290200,martina,brooklyn,williamsburg,40.70503,-73.93699,private room,50,7,1,2017-08-28,0.04,1,0
20166644,"cozy, quiet convenient in prime soho",84143174,lindsey,manhattan,nolita,40.72427,-73.99387,entire home/apt,200,1,13,2019-05-26,0.56,1,0
20167609,large sunlit private room in williamsburg,21619571,andrew,brooklyn,williamsburg,40.71272,-73.96378,private room,68,1,1,2017-08-20,0.04,1,0
20174221,huge pre-war 1bd by central park,22373916,steven,manhattan,upper west side,40.77841,-73.97968,entire home/apt,175,7,2,2017-11-18,0.09,1,0
20175751,ideal place in trendy part of brooklyn.,93751838,hans,brooklyn,bushwick,40.70575,-73.92193,private room,40,1,4,2017-09-28,0.18,1,0
20184562,cozy one bedroom apartment + loft in east village,61862775,melissa,manhattan,east village,40.72698,-73.98649,entire home/apt,154,3,2,2017-08-28,0.09,1,0
20186887,"spacious, sun-filled 1br - columbia waterfront",26823131,allie,brooklyn,columbia st,40.68674,-74.00073,entire home/apt,169,1,11,2017-11-25,0.47,1,0
20188527,quiet light-filled bedroom in the heart of astoria,2994103,sara,queens,ditmars steinway,40.77614,-73.91324,private room,75,2,2,2017-10-28,0.1,1,0
20188787,charming and light-filled 1 br in crown heights,83550011,rubyn,brooklyn,crown heights,40.67015,-73.95662,entire home/apt,89,2,8,2018-04-23,0.34,1,0
20188905,"spacious 1br  in park slope, brooklyn near park",8345393,alexandra,brooklyn,south slope,40.66563,-73.98669,entire home/apt,150,2,3,2017-08-24,0.13,1,0
20190053,"beautiful, family friendly place with great views",25415637,jonathan,brooklyn,columbia st,40.68356,-74.00301,entire home/apt,144,1,11,2018-09-03,0.48,1,0
20195496,serenity and ease in brooklyn!,5775499,samar,brooklyn,bedford-stuyvesant,40.68115,-73.90999,private room,60,5,11,2019-06-01,0.49,1,0
20196860,comfy and convenient private astoria room,73028890,esther,queens,astoria,40.75645,-73.91458,private room,50,4,1,2017-08-17,0.04,1,0
20206499,spacious and cozy apartment in upper west side!,4281324,camila,manhattan,morningside heights,40.80445,-73.96649,entire home/apt,120,6,1,2017-11-19,0.05,1,0
20206733,cute bedroom available in heart of williamsburg,58353872,lacey,brooklyn,williamsburg,40.71987,-73.96141,private room,55,5,4,2019-07-01,0.17,1,0
20207945,cozy locked bedroom - 10 minutes from times square,52166457,jacketta,queens,long island city,40.74715,-73.94605,private room,70,2,6,2018-10-02,0.26,1,0
20211113,brooklyn high rise w/ amazing view,15675912,shawn,brooklyn,prospect-lefferts gardens,40.65673,-73.96058,entire home/apt,125,4,4,2018-01-01,0.18,1,0
20212025,cozy studio in beautiful bed-stuy,7248357,ashley,brooklyn,bedford-stuyvesant,40.68537,-73.9329,entire home/apt,75,2,1,2017-08-11,0.04,1,0
20212531,sunny guest room with private balcony,10254539,laura,brooklyn,crown heights,40.66426,-73.95773,private room,60,1,9,2018-04-14,0.46,1,0
20213442,master bedroom in jazz era townhome,7285042,max,brooklyn,crown heights,40.67586,-73.9504,private room,75,3,5,2017-10-28,0.22,1,0
20216401,convenient & cozy bushwick bedroom,12999475,seth,brooklyn,bushwick,40.70032,-73.91684,private room,60,1,2,2017-08-27,0.09,1,0
20223912,great apt with outdoor space!,13032983,mattias,brooklyn,williamsburg,40.71703,-73.94298,entire home/apt,150,5,1,2017-08-19,0.04,1,0
20227210,"sunny one-bedroom apt., close to prospect park",1553230,kate,brooklyn,prospect heights,40.67635,-73.97113,entire home/apt,124,2,9,2019-02-19,0.39,1,0
20255158,newly renovated brooklyn apt.,45451027,david,brooklyn,crown heights,40.67651,-73.95877,private room,40,6,4,2018-09-09,0.18,1,0
20256027,penthouse apt with incredible views & location,20729779,desislava,manhattan,kips bay,40.74195,-73.97826,private room,69,1,16,2018-01-17,0.68,1,0
20263650,light filled quiet uws studio,170094,lee,manhattan,upper west side,40.79272,-73.97519,entire home/apt,120,3,6,2018-12-16,0.27,1,0
20269743,"charming bright astoria room, close to ditmar",68724048,sol,queens,ditmars steinway,40.77773,-73.90719,private room,35,1,3,2017-08-15,0.13,1,0
20277675,enjoy nyc from beautiful and fun clinton hill,1699505,daniel and elsa,brooklyn,clinton hill,40.68358,-73.9627,private room,59,3,2,2018-05-28,0.15,1,0
20280692,"2 bedroom new york, queens",46407533,alba,queens,ditmars steinway,40.78182,-73.91248,entire home/apt,160,5,2,2018-09-02,0.09,1,0
20281546,sunny 1br across from the park,52251632,daniel,manhattan,morningside heights,40.80711,-73.95826,entire home/apt,114,1,1,2017-08-20,0.04,1,0
20283488,large bedroom in shared apartment - short term,9430316,eugenio,queens,astoria,40.7641,-73.91879,private room,160,2,1,2018-01-02,0.05,1,0
20287051,clean room in artist loft in the south st. seaport,13872573,allison,manhattan,financial district,40.70781,-74.00051,private room,90,2,3,2018-01-02,0.14,1,0
20291879,photography bedroom in modern brooklyn flat,33028687,robert,brooklyn,bedford-stuyvesant,40.69132,-73.94494,private room,150,2,6,2019-05-19,0.26,1,0
20297560,1 bright room in a 4 bdr in ridgewood / bushwick,13989494,antoine,queens,ridgewood,40.69557,-73.9043,private room,42,2,1,2017-08-10,0.04,1,0
20300137,modern and stylish 1 bedroom in east village,19635760,zoe,manhattan,east village,40.72526,-73.98128,entire home/apt,140,3,6,2019-06-23,0.35,1,0
20306472,big sunny bedroom clinton hill $50/day,442106,bobby,brooklyn,bedford-stuyvesant,40.69256,-73.96058,private room,35,1,5,2017-09-13,0.22,1,0
20308253,studio in lic with views of manhattan skyline,27098685,min hee,queens,long island city,40.745,-73.94951,entire home/apt,115,5,1,2017-08-31,0.04,1,0
20309202,private bedroom w river view in downtown manhattan,10196765,xiaomin,manhattan,battery park city,40.71035,-74.01722,private room,90,1,9,2019-05-19,0.39,1,0
20309353,bright private bedroom in prime williamsburg apt,7344404,justin,brooklyn,williamsburg,40.71237,-73.9598,private room,75,4,6,2019-05-03,0.27,1,0
20321803,vanderbilt  · quaint art-filled brooklyn apartment,1468617,jen,brooklyn,clinton hill,40.69575,-73.96966,entire home/apt,99,3,5,2018-07-29,0.22,1,0
20328568,"insane manhattan views, top williamsburg location",1533756,yusuf,brooklyn,williamsburg,40.72106,-73.95974,entire home/apt,269,5,1,2017-08-28,0.04,1,0
20331502,room in upper west side apartment - close to park,51752582,nitzan,manhattan,upper west side,40.7973,-73.9618,private room,55,3,4,2017-12-19,0.17,1,0
20356479,sunny chic room with private bath in new apartment,80028220,remonia,brooklyn,bedford-stuyvesant,40.69072,-73.92531,private room,80,1,4,2018-07-05,0.19,1,0
20379828,cozy room in trendy brooklyn neighborhood.,11116177,alba,brooklyn,bedford-stuyvesant,40.68911,-73.94145,private room,80,1,2,2017-08-29,0.09,1,0
20381341,contemporary bushwick garden heaven,6263296,greg,brooklyn,bushwick,40.70182,-73.9188,private room,50,1,3,2018-06-29,0.13,1,0
20382522,"apartment in harlem on 145th st, next to 3 train.",13246721,jay,manhattan,harlem,40.8216,-73.93679,private room,86,1,1,2017-12-02,0.05,1,0
20389872,sunny bedroom on bedford ave in williamsburg,50369101,samantha,brooklyn,williamsburg,40.71351,-73.96038,private room,80,1,1,2017-09-04,0.04,1,0
20394813,spacious and sunny prospect heights one bedroom,4102722,charles,brooklyn,prospect heights,40.67988,-73.97375,entire home/apt,125,1,2,2017-08-27,0.09,1,0
20404055,spacious room with private bathroom in manhattan,7433664,muneeza,manhattan,washington heights,40.8459,-73.94219,private room,60,1,1,2017-08-15,0.04,1,0
20421016,comfortable studio by the park!,4296770,leif,brooklyn,prospect-lefferts gardens,40.6569,-73.9568,entire home/apt,70,3,13,2018-04-03,0.57,1,0
20423928,artistic bedstuy apartment,12570239,rachel,brooklyn,bedford-stuyvesant,40.68653,-73.9438,private room,85,4,2,2017-10-09,0.09,1,0
20424312,lovely bushwick/bed stuy room with roof access,15134346,jenny,brooklyn,bushwick,40.69145,-73.92152,private room,40,2,4,2018-06-19,0.18,1,0
20425394,studio apartment in chelsea,26329486,nick,manhattan,chelsea,40.74418,-73.9999,entire home/apt,162,3,4,2017-12-30,0.18,1,0
20425734,cozy room in a happy apartment,18947979,junghwee bella,queens,woodside,40.74273,-73.90458,private room,35,7,2,2017-09-03,0.09,1,0
20431492,"cozy & clean bedstuy, brooklyn bedroom",73954921,anthony,brooklyn,bedford-stuyvesant,40.69173,-73.95104,private room,38,1,1,2017-08-24,0.04,1,0
20437854,"lovely top-floor, studio apartment with balcony.",5047712,jamie,brooklyn,williamsburg,40.71418,-73.94298,entire home/apt,215,3,3,2018-09-02,0.14,1,0
20438015,prime upper west side duplex,15004693,s,manhattan,upper west side,40.78304,-73.97309,entire home/apt,250,2,2,2017-12-24,0.09,1,0
20451532,"greenpoint private room w/back yard, dishwasher",37050812,stephanie,brooklyn,greenpoint,40.73547,-73.95495,private room,55,2,4,2017-10-23,0.18,1,0
20459381,"cozy, bright, greenwich village studio for 2!",17575348,marissa,manhattan,greenwich village,40.73334,-73.99416,entire home/apt,200,2,3,2018-01-02,0.14,1,0
20478863,"mid-century style room close to all, astoria nyc!",3682854,fabiyan,queens,astoria,40.77028,-73.91665,private room,60,3,7,2018-02-07,0.31,1,0
20480133,cosy bedroom in upper west side,88787567,vincent,manhattan,upper west side,40.79787,-73.96802,private room,60,4,4,2018-06-02,0.22,1,0
20481653,spacious 1bd in the heart of harlem,80597953,lauren,manhattan,harlem,40.80194,-73.95602,entire home/apt,125,2,1,2017-08-27,0.04,1,0
20482130,beautiful space in clinton hill,15443448,christian,brooklyn,clinton hill,40.68448,-73.96385,private room,59,3,2,2019-01-02,0.09,1,0
20483387,bed-stuy top floor room w/ extreme natural light,6824234,stephan,brooklyn,bedford-stuyvesant,40.6897,-73.93078,private room,50,4,1,2018-01-03,0.05,1,0
20486011,"queen w/private bath, steps from central park !",76729714,maddy,manhattan,harlem,40.79971,-73.95175,private room,70,4,3,2017-11-05,0.13,1,0
20491800,huge 2br/2ba on border of carroll gardens/gowanus,4376320,brooks,brooklyn,gowanus,40.68003,-73.99039,entire home/apt,192,2,1,2017-11-26,0.05,1,0
20495736,brooklyn style & spacious room - east williamsburg,8115522,emilie,brooklyn,williamsburg,40.70829,-73.94369,private room,66,3,4,2018-12-14,0.18,1,0
20498407,your cozy home in astoria,19901294,paco,queens,astoria,40.76255,-73.92347,entire home/apt,106,4,1,2017-09-10,0.04,1,0
20503496,cozy room + bright apartment + rooftop lounge,90237608,cindy,queens,ridgewood,40.69883,-73.90077,private room,50,1,2,2017-10-14,0.09,1,0
20515035,massive room in beautiful harlem brownstone,23972036,nicholas,manhattan,harlem,40.82325,-73.95122,private room,75,4,10,2019-03-17,0.44,1,0
20520410,manhattan budget shared room east harlem,39657176,andrew,manhattan,east harlem,40.8027,-73.9398,shared room,75,7,1,2017-08-20,0.04,1,0
20521092,bushwick reading room,5190439,armando,brooklyn,bushwick,40.70141,-73.92368,private room,55,1,9,2017-10-01,0.4,1,0
20527413,"spacious, 2 story suburban retreat in the les",54401544,cassidy,manhattan,lower east side,40.71898,-73.98472,private room,133,2,1,2017-12-03,0.05,1,0
20532490,beautiful designer loft in williamsburg,2789221,alex,brooklyn,williamsburg,40.70743,-73.96786,entire home/apt,150,2,8,2018-12-02,0.35,1,0
20533007,taaffe playground 2,3013248,shane,brooklyn,bedford-stuyvesant,40.69199,-73.95908,private room,72,1,1,2017-09-08,0.04,1,0
20537153,west village-charming studio/amazing location!,30805991,daniel,manhattan,west village,40.73514,-74.00647,entire home/apt,190,3,2,2017-09-26,0.09,1,0
20539089,sunny greenwich village 1 br in best location!,24530399,delia,manhattan,west village,40.73453,-74.00238,entire home/apt,250,2,2,2017-10-01,0.09,1,0
20541408,female only upper west side room,87951927,jeanie,manhattan,upper west side,40.80046,-73.96598,private room,75,1,5,2017-09-25,0.22,1,0
20541640,boho chic brooklyn heights,11478902,ben,brooklyn,brooklyn heights,40.69439,-73.99396,entire home/apt,110,2,1,2017-08-30,0.04,1,0
20548717,a private bedroom in the heart of manhattan,100836839,elizabeth,manhattan,midtown,40.74983,-73.98646,private room,70,5,1,2017-09-27,0.05,1,0
20549878,bright apartment nestled in hamilton heights,19537518,brooks,manhattan,harlem,40.82239,-73.95437,entire home/apt,115,3,5,2018-04-03,0.24,1,0
20553129,bohemian sanctuary,11723764,whitney,brooklyn,williamsburg,40.70791,-73.93877,entire home/apt,97,1,2,2017-08-30,0.09,1,0
20555087,uptown comfy private large room,90153911,ronny,manhattan,harlem,40.82279,-73.95216,private room,65,2,2,2017-09-15,0.09,1,0
20557463,cozy modern room with good company and great view,58231083,seo hee,manhattan,morningside heights,40.80389,-73.96541,private room,50,2,2,2017-09-04,0.09,1,0
20557804,upper east duplex with private garden,39927670,frank,manhattan,upper east side,40.77531,-73.95165,entire home/apt,151,6,2,2017-09-03,0.09,1,0
20568215,nyc tourism and food just steps away!,93376283,gabriella,manhattan,hell's kitchen,40.76638,-73.99079,entire home/apt,168,2,4,2017-11-25,0.2,1,0
20569589,beautiful apartment located in chelsea!,11827970,elizabeth,manhattan,chelsea,40.7382,-73.99844,entire home/apt,250,3,17,2018-11-24,0.76,1,0
20570291,lovely and modern greenpoint apartment,44336290,roya,brooklyn,greenpoint,40.72917,-73.95589,entire home/apt,160,2,3,2017-12-30,0.13,1,0
20574057,"spacious bk heights room, walk to brooklyn bridge",3376018,william,brooklyn,brooklyn heights,40.69093,-73.9929,private room,64,7,6,2019-06-11,0.7,1,0
20584605,super suite to stay in new york,45623372,maria ines,brooklyn,williamsburg,40.71358,-73.96421,entire home/apt,160,7,4,2018-09-28,0.18,1,0
20587159,cozy east village studio apartment,8130515,jessica,manhattan,east village,40.72547,-73.98315,entire home/apt,150,2,2,2017-09-26,0.09,1,0
20587567,cozy studio apartment in west chelsea,4114004,scott,manhattan,chelsea,40.74847,-74.00033,entire home/apt,154,2,3,2017-12-11,0.13,1,0
20587755,"hello, brooklyn.",4983469,jonathan,brooklyn,boerum hill,40.68796,-73.98783,entire home/apt,174,3,5,2017-11-05,0.23,1,0
20590743,large one bedroom greenpoint,3519805,fabien,brooklyn,greenpoint,40.72816,-73.95528,entire home/apt,140,2,4,2018-12-24,0.19,1,0
20591534,cozy modern apartment w/ courtyard,1261893,yannick,brooklyn,greenpoint,40.72085,-73.94132,entire home/apt,100,2,5,2018-05-28,0.23,1,0
20599017,lower east side private room.,6699943,rik,manhattan,lower east side,40.72103,-73.98434,private room,188,2,2,2019-01-29,0.09,1,0
20599362,1.5 bedroom in williamsburg,11573901,christine,brooklyn,williamsburg,40.711,-73.95827,entire home/apt,185,2,1,2017-09-08,0.04,1,0
20602769,huge 2 br & 2 bth duplex w/ private patio & roof,24323380,jonathan,brooklyn,bedford-stuyvesant,40.69315,-73.9565,entire home/apt,180,3,1,2017-12-16,0.05,1,0
20607037,midtown east 2 bed/2 bath elevator building apt,47267079,tripp,manhattan,murray hill,40.74838,-73.97544,entire home/apt,186,7,9,2018-03-31,0.41,1,0
20609505,your favorite room,82189528,lara,manhattan,washington heights,40.84131,-73.93574,private room,52,2,1,2017-09-21,0.05,1,0
20616929,spacious 1 bd. apt. inwood near fort tryon park,1524708,galen,manhattan,inwood,40.85927,-73.92966,private room,200,3,1,2017-10-24,0.05,1,0
20620313,modern luxury brooklyn private bedroom w/ deck!,5291405,ralph,brooklyn,clinton hill,40.68153,-73.9605,private room,149,2,5,2018-06-04,0.22,1,0
20621540,spacious room in fort greene,3490097,victoria,brooklyn,fort greene,40.68703,-73.97575,private room,67,3,1,2017-09-12,0.05,1,0
20622747,midtown east studio,2409706,christopher,manhattan,murray hill,40.74969,-73.97937,entire home/apt,135,2,5,2018-12-07,0.23,1,0
20624666,sunny 1 br with amazing views,17090405,mazdak,brooklyn,crown heights,40.67502,-73.95732,entire home/apt,100,1,2,2017-09-15,0.09,1,0
20632255,private bedroom in upper east side apt w/ balcony!,90748448,christina,manhattan,upper east side,40.77439,-73.95489,private room,85,2,2,2017-10-01,0.09,1,0
20649522,"bushwick, spacious private room with balcony",21227711,merrill,brooklyn,bushwick,40.69543,-73.92324,private room,75,4,4,2017-09-25,0.18,1,0
20649922,sunny room in the heart of williamsburg brooklyn.,21921891,manuel,brooklyn,williamsburg,40.71215,-73.95177,private room,80,5,1,2017-08-25,0.04,1,0
20651049,spacious designer loft in south williamsburg,454274,linda,brooklyn,williamsburg,40.70789,-73.96755,entire home/apt,180,5,12,2018-06-10,0.57,1,0
20651581,sunset park studio,101533618,jim & barbara,brooklyn,sunset park,40.65198,-74.00763,entire home/apt,120,2,7,2018-06-30,0.5,1,0
20653090,"spacious, private bedroom in brooklyn",30549225,spenser,brooklyn,bushwick,40.70188,-73.92062,private room,90,4,17,2019-06-09,0.76,1,0
20663997,"quiet, spacious room in hip greenpoint apartment",48608026,sarah,brooklyn,greenpoint,40.7228,-73.94538,private room,90,1,3,2017-09-30,0.14,1,0
20664275,charming 1 bedroom in the heart of nyc,18281493,alexandra,manhattan,kips bay,40.73963,-73.98166,entire home/apt,180,5,8,2018-05-07,0.41,1,0
20664395,entire apartment  park slope,3894387,rené,brooklyn,south slope,40.6628,-73.98349,entire home/apt,111,2,1,2017-09-08,0.04,1,0
20673104,affordable 2 bedroom on the ues!!!,10774442,zoe,manhattan,upper east side,40.76644,-73.95486,entire home/apt,130,3,3,2017-09-28,0.13,1,0
20673848,big one bedroom directly across from central park!,73597988,shaye,manhattan,upper west side,40.79982,-73.96058,entire home/apt,135,2,1,2017-09-10,0.04,1,0
20675149,"beautiful, bright room right on block of g train",2766813,chase,brooklyn,bedford-stuyvesant,40.68939,-73.95418,private room,58,3,5,2018-05-22,0.22,1,0
20675173,"luxury duplex, brooklyn museum",24333820,nick,brooklyn,crown heights,40.6753,-73.96282,private room,80,3,2,2017-09-26,0.09,1,0
20679146,private room in williamsburg with patio,10077970,alyssa,brooklyn,williamsburg,40.71462,-73.96263,private room,57,1,3,2017-09-16,0.13,1,0
20690781,cozy soho apartment.,8366847,jay,manhattan,greenwich village,40.72733,-73.9958,private room,150,2,1,2018-12-03,0.14,1,0
20691057,cozy 2 bedroom apt in nyc's hippest neighborhood,33899564,kayla,manhattan,east village,40.72405,-73.97747,entire home/apt,150,4,6,2017-10-01,0.26,1,0
20691991,one bedroom with private bathroom in east village,35875227,rahul,manhattan,east village,40.7293,-73.98283,private room,100,3,1,2017-09-04,0.04,1,0
20692888,large bedroom in williamsburg 10 mins to manhattan,3879852,zaki,brooklyn,williamsburg,40.71279,-73.94662,private room,65,3,1,2017-09-20,0.05,1,0
20697463,"quaint, cozy apartment in queens",30490972,kirk,queens,ridgewood,40.69748,-73.90127,entire home/apt,125,3,5,2017-09-25,0.22,1,0
20708173,crown heights 1 bedroom,834806,daniel,brooklyn,crown heights,40.66592,-73.95319,entire home/apt,100,7,3,2017-11-10,0.13,1,0
20710508,1 bedroom in east village (private ensuite),25124335,danny,manhattan,east village,40.72987,-73.98283,private room,100,3,3,2017-11-19,0.14,1,0
20711342,great location - bedford bedroom,6520264,mark,brooklyn,williamsburg,40.71702,-73.95732,private room,75,2,1,2017-09-21,0.05,1,0
20714824,spacious 1 bed apartment 20 minutes from midtown,1424332,jose,manhattan,washington heights,40.83902,-73.93766,entire home/apt,50,3,2,2017-10-10,0.09,1,0
20725759,"sunny & modern room in brooklyn, ny",65258155,marzian,brooklyn,bedford-stuyvesant,40.68763,-73.92706,private room,30,2,9,2019-01-02,0.4,1,0
20726517,penthouse - 2 floors with private outdoor patio,21531418,christopher,brooklyn,williamsburg,40.70929,-73.95381,entire home/apt,195,2,9,2019-02-17,0.44,1,0
20729892,nice and cozy room in astoria close to manhattan.,100833625,yunmi,queens,long island city,40.75401,-73.92013,private room,49,1,4,2017-11-26,0.19,1,0
20729909,two-storey park slope apartment,12776165,morgan,brooklyn,park slope,40.67884,-73.97493,entire home/apt,120,3,7,2019-04-28,0.35,1,0
20738991,brownstone apartment in bed-stuy,37627534,tim,brooklyn,bedford-stuyvesant,40.68953,-73.93187,private room,49,2,1,2017-09-11,0.05,1,0
20741563,back to the 90s bedroom,38561955,alex,brooklyn,bedford-stuyvesant,40.68566,-73.92552,private room,48,1,2,2017-09-30,0.09,1,0
20744490,williamsburg home away from home,48153723,dana,brooklyn,williamsburg,40.7079,-73.96609,private room,70,7,8,2018-03-15,0.43,1,0
20748520,cozy spot on the uws,51447852,dana,manhattan,upper west side,40.77998,-73.98218,shared room,62,1,10,2018-08-06,0.45,1,0
20755255,private 1-bedroom modern apt in upper manhattan,28337487,sebastian,manhattan,washington heights,40.84962,-73.94011,private room,60,1,11,2017-11-02,0.49,1,0
20755500,sunny + modern new 1 bedroom apartment in bedstuy,1180050,shawn,brooklyn,bedford-stuyvesant,40.6918,-73.95151,entire home/apt,200,4,2,2017-11-15,0.09,1,0
20757599,manhattan view in bushwick,80897490,steven,brooklyn,bedford-stuyvesant,40.69099,-73.92657,private room,50,1,1,2017-09-07,0.04,1,0
20758288,charming 1 bed in ❤️ of greenwich village.,2739935,brooke,manhattan,greenwich village,40.72894,-74.00018,entire home/apt,174,3,4,2018-01-03,0.19,1,0
20760274,"new building w/ rooftop & laundry, cozy room",24417778,auni (masroor),brooklyn,bedford-stuyvesant,40.67927,-73.94758,private room,88,4,1,2017-09-15,0.05,1,0
20761776,newly renovated apartment in the heart of brooklyn,28999705,maiya,brooklyn,park slope,40.68064,-73.97657,entire home/apt,100,3,4,2019-05-28,0.18,1,0
20762692,great studio on restaurant row in harlem,32502340,moya,manhattan,harlem,40.8055,-73.95478,entire home/apt,125,6,8,2018-07-01,0.36,1,0
20775370,"comfy, cozy, private nyc studio for one!",2650097,jennifer,brooklyn,sunset park,40.66273,-73.99384,entire home/apt,58,4,10,2018-07-31,0.45,1,0
20783553,lovely room in a large williamsburg apartment,49154612,lindsay,brooklyn,williamsburg,40.71823,-73.94093,private room,48,2,3,2018-05-28,0.14,1,0
20789361,private room in sunny apartment - laundry in unit,5990565,fiona,brooklyn,bedford-stuyvesant,40.68361,-73.93883,private room,76,3,6,2018-10-07,0.27,1,0
20792967,your own flat in historic bed-stuy district,2648270,jaweer,brooklyn,bedford-stuyvesant,40.68462,-73.93724,entire home/apt,74,4,1,2017-09-30,0.05,1,0
20798127,queen sized bedroom with skyline view - greenpoint,29516183,ruben,brooklyn,greenpoint,40.73595,-73.95423,private room,90,5,3,2018-08-22,0.14,1,0
20801388,spacious gorgeous digs in east village w elevator,3607821,julia,manhattan,east village,40.72553,-73.98012,entire home/apt,149,2,5,2018-04-14,0.23,1,0
20802860,greenpoint spacious new room on mccarren park,11589542,michael,brooklyn,greenpoint,40.72228,-73.94817,private room,135,2,2,2017-10-15,0.09,1,0
20803220,romantic nyc getaway,7913159,cait,manhattan,washington heights,40.84566,-73.93998,entire home/apt,75,3,3,2017-12-27,0.14,1,0
20803231,minimal light-filled home near prospect park,1143503,tina,brooklyn,windsor terrace,40.65457,-73.97512,entire home/apt,145,3,1,2017-10-09,0.05,1,0
20803637,spacious 1br apt in heart of gramercy! sleeps 4,45935256,bradley,manhattan,kips bay,40.74294,-73.98137,entire home/apt,160,1,5,2018-06-24,0.23,1,0
20809263,elegant studio apt in prospect heights,87024253,miguel,brooklyn,prospect heights,40.67935,-73.9723,entire home/apt,115,2,7,2017-11-27,0.32,1,0
20814478,new york experience,37038571,haniel,manhattan,upper west side,40.79796,-73.97255,entire home/apt,250,2,1,2017-10-09,0.05,1,0
20815900,huge one of a kind loft west village/meatpacking,6433797,marlon,manhattan,chelsea,40.74039,-74.00029,private room,89,2,1,2017-09-14,0.05,1,0
20827546,small bedroom in dreamy brownstone,12568104,brielle,brooklyn,williamsburg,40.71353,-73.96453,private room,60,3,1,2018-03-16,0.06,1,0
20832768,astoria apartment near manhattan/laguardia,42419832,zachary,queens,astoria,40.76271,-73.92213,entire home/apt,179,3,5,2019-04-22,0.23,1,0
20834832,bright charming studio in quiet treelined brooklyn,4123240,rhianna,brooklyn,crown heights,40.67064,-73.9476,private room,75,4,2,2017-10-01,0.09,1,0
20835690,charming old world flat - west village near soho,1651791,juliana,manhattan,west village,40.73145,-74.00184,private room,114,1,10,2017-11-28,0.47,1,0
20837712,beautiful bright 1 bedroom in greenwich village,36998610,cat,manhattan,greenwich village,40.73127,-73.99939,entire home/apt,220,1,1,2017-09-21,0.05,1,0
20845735,cozy room in bushwick.,87562955,kennedy,brooklyn,bushwick,40.69813,-73.91991,private room,35,7,1,2017-10-04,0.05,1,0
20846343,bright ues 1-br. walk to central park and museums,32626265,jorge,manhattan,upper east side,40.78539,-73.95056,entire home/apt,150,2,13,2018-12-16,0.69,1,0
20870201,gorgeous studio + fully-stocked italian kitchen,49700889,sarah,brooklyn,bedford-stuyvesant,40.68071,-73.91873,entire home/apt,70,1,15,2017-12-18,0.69,1,0
20874344,green oasis 15 min from downtown manhattan!,36920690,nik,brooklyn,williamsburg,40.71244,-73.94384,entire home/apt,114,6,2,2018-12-29,0.11,1,0
20874372,2 bedroom/2 bath spacious loft in clinton hill,3905466,stefanie,brooklyn,clinton hill,40.68657,-73.96003,entire home/apt,250,3,3,2018-10-08,0.16,1,0
20881198,cozy private room in midtown with private bathroom,85016972,trinh,manhattan,hell's kitchen,40.76495,-73.9853,private room,160,3,6,2018-05-10,0.27,1,0
20895982,charming & cozy room in east village apt!,37904015,louisa,manhattan,east village,40.72413,-73.98216,private room,83,2,13,2018-07-27,0.61,1,0
20896520,quaint room in park slope with awesome deck,5299551,gabriella,brooklyn,park slope,40.67781,-73.98083,private room,70,2,7,2018-05-28,0.32,1,0
20896775,cozy park slope 1br bungalo,83798461,liam,brooklyn,park slope,40.67518,-73.98119,private room,70,1,4,2017-09-29,0.18,1,0
20898258,lower east side spot,6349846,nick,manhattan,lower east side,40.71881,-73.98378,entire home/apt,198,2,5,2019-04-21,0.23,1,0
20898641,cabin in bushwick,19058010,thomas,brooklyn,bushwick,40.69533,-73.9132,entire home/apt,102,2,10,2018-05-04,0.47,1,0
20899010,"historic (& happening!) prospect heights, bk",5761096,leah,brooklyn,prospect heights,40.67556,-73.96427,private room,80,1,1,2017-09-13,0.05,1,0
20901715,harlem heavenly apartment,1961411,vered,manhattan,harlem,40.80672,-73.94648,entire home/apt,200,4,2,2018-08-06,0.09,1,0
20901820,hidden gem in the heart of park slope,41407057,jason,brooklyn,south slope,40.66675,-73.988,entire home/apt,95,2,4,2018-07-02,0.19,1,0
20904683,cozy and light filled east village apartment,31989023,carmel,manhattan,gramercy,40.73166,-73.98299,private room,87,3,6,2018-01-01,0.27,1,0
20912843,east harlem 1 bed apt- central location!,20625215,caryn,manhattan,east harlem,40.80002,-73.94137,entire home/apt,121,3,10,2019-06-18,0.51,1,0
20914425,"room in duplex  w/sep. bathroom, close to j train",878546,semih,brooklyn,bedford-stuyvesant,40.68859,-73.92238,private room,100,2,8,2019-02-11,0.38,1,0
20920138,roomy riverside apartment,70932642,alyssa,manhattan,washington heights,40.83571,-73.94756,private room,78,2,4,2019-05-18,0.28,1,0
20932707,great location to explore nyc,79534925,eunice,manhattan,upper east side,40.77751,-73.95575,private room,65,4,10,2017-12-02,0.46,1,0
20936537,private sunny room with balcony in bushwick,71292398,frances,brooklyn,bushwick,40.69827,-73.92493,private room,50,3,2,2018-12-25,0.1,1,0
20941420,room in chelsea,15487773,sorcha,manhattan,chelsea,40.74063,-73.99998,private room,100,2,4,2017-10-30,0.19,1,0
20943918,best space near manhattan!,33782746,lu,manhattan,roosevelt island,40.76846,-73.94461,entire home/apt,150,4,1,2017-12-31,0.05,1,0
20960324,spacious 1 bedroom in prime williamsburg,17921511,amit,brooklyn,williamsburg,40.71168,-73.96338,entire home/apt,99,3,2,2017-09-25,0.09,1,0
20961894,californiacation studio with garden in bushwick,42422823,arina,brooklyn,bushwick,40.70163,-73.92366,entire home/apt,120,4,3,2019-01-09,0.14,1,0
20970844,cozy quiet studio in the heart of upper east side,12703148,tiffany,manhattan,upper east side,40.77406,-73.94788,entire home/apt,110,2,8,2017-12-18,0.38,1,0
20976316,sunny one bedroom in historic fort greene,1378036,chris,brooklyn,fort greene,40.6931,-73.9723,entire home/apt,250,3,6,2018-11-23,0.27,1,0
20981954,"massive, airy room with balcony in crown heights",31658722,max,brooklyn,crown heights,40.67145,-73.93007,private room,55,5,6,2019-03-29,0.28,1,0
20982168,private room in bushwick.,61169465,daniella,brooklyn,bedford-stuyvesant,40.68475,-73.93589,private room,50,3,1,2017-11-11,0.05,1,0
20982593,charming apartment near empire state building,10191047,cezar,manhattan,murray hill,40.74818,-73.98025,entire home/apt,195,3,4,2018-10-21,0.22,1,0
20982734,"spacious, modern uptown getaway with balcony",5668108,wakahiu,manhattan,east harlem,40.80012,-73.94549,entire home/apt,250,4,7,2019-04-24,0.33,1,0
20983421,"bright warm home. a little old, a little new!",3461768,grace,brooklyn,prospect heights,40.67525,-73.96408,private room,45,2,1,2017-09-22,0.05,1,0
20994674,nice bedroom in brooklyn,97118521,lara,brooklyn,bedford-stuyvesant,40.69512,-73.94946,private room,50,4,5,2019-04-27,0.23,1,0
20998265,charming- cozy bedroom,90531953,carolina,bronx,concourse,40.82453,-73.92563,private room,60,1,16,2018-01-01,0.74,1,0
20998921,cozy quiet apt close to train,42058671,alana,brooklyn,bushwick,40.70073,-73.92913,private room,60,3,4,2017-12-26,0.2,1,0
21005738,the perfect fort greene studio,34579576,brooke,brooklyn,fort greene,40.68805,-73.97563,entire home/apt,160,2,1,2017-10-01,0.05,1,0
21005994,sun-filled bed-stuy apt with master bedroom!,676140,claire,brooklyn,bedford-stuyvesant,40.69321,-73.94207,private room,80,3,5,2019-03-23,0.23,1,0
21008007,cozy private room 15 mins to soho,17428620,roman,brooklyn,brooklyn heights,40.69209,-73.99421,private room,119,2,1,2017-09-28,0.05,1,0
21014919,spacious private bedroom in northern manhattan!,29248621,chelsea,manhattan,washington heights,40.84444,-73.93554,private room,50,5,5,2018-04-01,0.29,1,0
21022616,1 bedroom completely renovated in brooklyn,2195090,thomas and madalena,brooklyn,crown heights,40.67292,-73.94137,entire home/apt,75,1,2,2017-10-01,0.09,1,0
21029490,private room in greenpoint!,6216526,catalina,brooklyn,greenpoint,40.72386,-73.94085,private room,50,4,1,2017-10-04,0.05,1,0
21029655,beautiful room in loft with private roof & sdb,65112370,jacques,brooklyn,bedford-stuyvesant,40.69161,-73.94417,private room,90,3,1,2017-12-27,0.05,1,0
21039236,cozy brownstone apartment in carroll gardens,1026622,premshree,brooklyn,carroll gardens,40.68343,-73.99821,entire home/apt,116,7,1,2017-10-23,0.05,1,0
21039710,luxury 1br with private outdoor patio,66060459,laney,brooklyn,bushwick,40.69648,-73.92742,entire home/apt,120,2,5,2017-12-10,0.23,1,0
21042534,"light, spacious apartment in trendy neighborhood",2575895,kathy,brooklyn,crown heights,40.67467,-73.9469,entire home/apt,100,5,2,2019-04-21,0.66,1,0
21043947,apartment at the fabulous tea factory!,63965653,lauren,brooklyn,bushwick,40.69878,-73.92194,private room,75,4,2,2017-10-27,0.1,1,0
21048346,room in hell's kitchen luxury building,4421545,adam,manhattan,hell's kitchen,40.76892,-73.99016,private room,110,3,2,2018-02-06,0.09,1,0
21063162,space and light in the heart of midtown,33009,seth,manhattan,hell's kitchen,40.76192,-73.9909,entire home/apt,180,3,3,2018-11-26,0.14,1,0
21064623,gorgeous alcove studio,9130390,neda,manhattan,hell's kitchen,40.76007,-73.99078,entire home/apt,160,7,3,2019-01-05,0.15,1,0
21067451,hell's kitchen/ times square,49108760,mark,manhattan,hell's kitchen,40.76195,-73.99077,private room,210,1,4,2019-02-10,0.22,1,0
21069115,spacious park slope apt with garden,42631621,jacob,brooklyn,park slope,40.67711,-73.98074,entire home/apt,160,3,2,2017-10-30,0.1,1,0
21078963,"women friendly, spacious loft with private bedroom",59518759,carissa,manhattan,east harlem,40.79483,-73.93478,private room,90,3,2,2017-10-22,0.09,1,0
21081721,"chill, cozy, apt next to subway in les/chinatown",48861932,sydney,manhattan,lower east side,40.71389,-73.98889,private room,80,1,9,2018-07-06,0.42,1,0
21082203,sunny private bedroom in washington heights,75126216,michael,manhattan,washington heights,40.83784,-73.94081,private room,75,3,2,2017-10-22,0.09,1,0
21088326,private bedroom with exposed brick in chinatown!,2749543,philip,manhattan,chinatown,40.71587,-73.9989,private room,100,2,1,2017-10-11,0.05,1,0
21094022,"bright, spacious room in williamsburg",32110549,tori,brooklyn,williamsburg,40.71111,-73.94792,private room,100,2,2,2017-10-17,0.1,1,0
21113189,east village apartment,67211684,zsofia,manhattan,east village,40.72615,-73.99072,entire home/apt,190,4,14,2019-05-23,0.71,1,0
21123576,bedstuy treasure,46019665,jose,brooklyn,bedford-stuyvesant,40.68444,-73.95156,private room,55,3,1,2017-10-17,0.05,1,0
21127460,"huge, well-lit apartment, great brooklyn location",12317482,anna,brooklyn,crown heights,40.66505,-73.95998,entire home/apt,150,2,1,2017-09-30,0.05,1,0
21138939,urban oasis in heart of brooklyn,56113781,gerard,brooklyn,bushwick,40.68765,-73.90821,private room,75,1,11,2019-01-03,0.52,1,0
21140860,amazing room in spacious 2br apt in greenpoint!,24523422,guanchen,brooklyn,greenpoint,40.72109,-73.94679,private room,70,3,1,2017-10-16,0.05,1,0
21148021,cozy east harlem apartment,17767705,shereen,manhattan,east harlem,40.79477,-73.93282,private room,90,2,3,2018-01-04,0.15,1,0
21148829,"charming, newly renovated victorian townhouse apt",57013,ari and irin,queens,ridgewood,40.7087,-73.90897,entire home/apt,175,4,2,2018-04-01,0.11,1,0
21173263,private entrance room in brooklyn w/ queen bed,48510097,ellen,brooklyn,bushwick,40.6897,-73.91512,private room,60,2,1,2017-10-09,0.05,1,0
21176110,modern one-bedroom apartment - recently renovated,48812051,danielle,manhattan,harlem,40.81042,-73.94717,entire home/apt,120,4,5,2018-12-26,0.26,1,0
21177156,new 1br apartment in prime lower east side,1029090,jonathan,manhattan,east village,40.72236,-73.98534,entire home/apt,181,2,10,2018-08-16,0.47,1,0
21187856,private cozy bedroom in bed stuy,3183818,elijah,brooklyn,bedford-stuyvesant,40.68254,-73.94504,private room,55,5,6,2018-08-13,0.29,1,0
21190325,lg room historic clinton hill near pratt/barclays,66041795,stephanie,brooklyn,clinton hill,40.68628,-73.96707,private room,55,5,2,2018-12-29,0.11,1,0
21190502,cozy small studio in manhattan! east village!,8628273,rafael,manhattan,east village,40.72982,-73.98593,entire home/apt,140,2,2,2018-11-14,0.11,1,0
21190746,large split level room in greenpoint loft,6429030,joshua,brooklyn,greenpoint,40.7257,-73.95606,private room,100,1,2,2018-01-01,0.11,1,0
21191462,charming and very sunny apartment,46208887,lu&ben,brooklyn,crown heights,40.67541,-73.96061,entire home/apt,70,7,2,2018-05-13,0.11,1,0
21206529,waterfront wonder,3427065,ron,brooklyn,williamsburg,40.71866,-73.96417,private room,180,1,1,2017-10-06,0.05,1,0
21209950,"clean room in chinatown, close to all the fun!",11026055,tessa,manhattan,chinatown,40.718,-73.99666,private room,80,4,2,2017-12-18,0.09,1,0
21212488,modern astoria 1br w/private patio,11951550,nayef,queens,astoria,40.77061,-73.92109,entire home/apt,86,4,3,2018-01-01,0.15,1,0
21216288,spacious apartment + bushwick backyard,5022142,yoni,queens,ridgewood,40.706,-73.91418,entire home/apt,90,4,4,2019-05-29,0.26,1,0
21218250,cozy and modern brooklyn loft with amazing view!,953913,kyle,brooklyn,bushwick,40.69952,-73.92616,entire home/apt,250,6,1,2017-10-18,0.05,1,0
21218639,lower east side room steps from all the action!,10787061,vincent,manhattan,lower east side,40.72105,-73.9931,entire home/apt,95,2,5,2017-12-10,0.24,1,0
21219137,nice room in les,22617181,leonardo,manhattan,lower east side,40.71686,-73.98458,private room,85,1,1,2018-01-01,0.05,1,0
21220573,beautiful clean studio in midtown east,85318599,murphy,manhattan,midtown,40.75649,-73.97126,entire home/apt,160,4,12,2019-06-18,0.59,1,0
21227009,beautiful apartment in the heart of chelsea,24047286,sabrina,manhattan,chelsea,40.7456,-73.99771,entire home/apt,250,4,1,2017-10-12,0.05,1,0
21228962,enchanted village retreat,35902083,luke a,manhattan,greenwich village,40.73386,-73.99643,entire home/apt,220,5,7,2018-04-06,0.33,1,0
21233255,private room right in heart of soho,9890399,yi-hsuan,manhattan,lower east side,40.72229,-73.99308,private room,60,3,10,2019-01-05,0.47,1,0
21236661,beautiful 1br home in heart of south harlem,1522036,stephen,manhattan,east harlem,40.80101,-73.9439,entire home/apt,125,4,1,2018-01-02,0.05,1,0
21239054,spacious apartment in historic cobble hill,11369083,parker,brooklyn,cobble hill,40.68611,-73.99877,entire home/apt,115,2,2,2017-12-16,0.1,1,0
21239497,luxury brooklyn 1br just minutes from manhattan,4444524,lina,brooklyn,fort greene,40.69269,-73.97977,private room,179,2,6,2019-01-03,0.3,1,0
21241829,spacious 1bd in greenwich village/union square,78414842,alexander,manhattan,greenwich village,40.73393,-73.99306,private room,200,3,9,2019-01-01,0.43,1,0
21243315,*new* big modern sunny space in bushwick,4476859,lana,brooklyn,bushwick,40.70033,-73.92635,private room,60,2,1,2017-11-09,0.05,1,0
21247455,entire 1st floor with private rooftop in brooklyn!,17627575,marc,brooklyn,bedford-stuyvesant,40.68639,-73.9202,private room,38,2,15,2018-12-11,0.73,1,0
21253783,home - away from home [columbus crcle/central prk],19541889,eric,manhattan,upper west side,40.76858,-73.9847,entire home/apt,253,3,1,2017-12-28,0.05,1,0
21253972,ues apartment in a great location,41306788,tim,manhattan,upper east side,40.763,-73.96044,entire home/apt,275,3,1,2017-10-13,0.05,1,0
21254023,chelsea newly renovated private bedroom,22004774,taylor,manhattan,chelsea,40.74772,-74.002,private room,110,2,2,2017-12-05,0.1,1,0
21259931,brooklyn style williamsburg 2 br apartment,1189195,david,brooklyn,williamsburg,40.71153,-73.96088,entire home/apt,195,3,4,2018-09-24,0.22,1,0
21264068,bright green 2nd fl 2br on ridgewood/bushwick cusp,7784696,elizabeth,queens,ridgewood,40.70555,-73.91333,entire home/apt,75,3,9,2018-09-24,0.45,1,0
21268535,bright uptown 1 bed apt next to 168th subway a/1,31120110,maritza,manhattan,washington heights,40.84195,-73.9359,entire home/apt,95,5,3,2017-12-22,0.15,1,0
21272452,spacious bushwick 1 bedroom w/ private backyard,51200621,john,brooklyn,bushwick,40.69523,-73.9191,entire home/apt,100,3,3,2017-12-03,0.14,1,0
21275075,nolita/soho duplex apartment with rooftop,25265179,veronica,manhattan,nolita,40.72244,-73.99461,entire home/apt,250,1,9,2019-05-27,0.75,1,0
21281237,manhattan luxury 1-bdrm w/ terrace; 24hr doorman,56537951,roxanne,manhattan,harlem,40.81197,-73.93891,entire home/apt,230,2,2,2017-12-11,0.1,1,0
21289758,"large, open, airy room, close to subway harlem nyc",5791944,paige,manhattan,harlem,40.82096,-73.9531,private room,55,2,1,2017-10-17,0.05,1,0
21289989,comfortably simple,29236921,alain,brooklyn,bushwick,40.7005,-73.93827,private room,49,2,16,2019-04-16,0.76,1,0
21292741,queens artist' corner,30706232,sarita,queens,astoria,40.76898,-73.91607,private room,40,1,2,2017-10-30,0.09,1,0
21295334,cozy apartment for cat lovers! (kids friendly),25178532,ele,manhattan,upper west side,40.77829,-73.97984,entire home/apt,250,7,1,2018-03-22,0.06,1,0
21296439,spacious 2 br apt in prime fort greene brownstone,48626585,alicia,brooklyn,fort greene,40.68779,-73.97174,entire home/apt,235,5,5,2019-01-01,0.25,1,0
21297804,entire long island city studio mins to manhattan,3023513,levi,queens,long island city,40.75097,-73.94119,entire home/apt,130,3,2,2017-11-29,0.1,1,0
21308792,large nyc apt on the east river for 1 or 2 people,33776141,lara,manhattan,kips bay,40.73905,-73.97353,private room,100,2,1,2018-01-02,0.05,1,0
21313950,private room in east village,18381155,atanas,manhattan,east village,40.72308,-73.98112,private room,90,4,3,2018-07-27,0.17,1,0
21323255,sunny 1 bedroom in brooklyn right next to park !,145967,thomas,brooklyn,flatbush,40.65258,-73.96243,entire home/apt,100,3,1,2018-01-04,0.05,1,0
21327327,spacious private room in manhattan apartment,75812000,carina,manhattan,washington heights,40.85051,-73.93579,private room,50,4,4,2017-12-29,0.2,1,0
21353912,perfectly formed in park slope,6317895,stephen,brooklyn,park slope,40.6785,-73.97542,entire home/apt,125,4,1,2018-01-03,0.05,1,0
21354164,bushwick 1br on jefferson st.,32941922,trevor,brooklyn,bushwick,40.70442,-73.92553,entire home/apt,200,2,2,2017-12-03,0.1,1,0
21354840,bright & clean union sq gem apt! 700 sqf all yours,18270371,ena,manhattan,gramercy,40.73305,-73.98574,entire home/apt,148,4,10,2018-09-27,0.52,1,0
21359078,"spacious ditmas park 1br apt, 1 block from subway!",24210901,gabriella,brooklyn,flatbush,40.63605,-73.96096,entire home/apt,71,2,14,2018-12-27,0.67,1,0
21363363,clean & updated east village 1 bedroom w/roof deck,17261462,brian,manhattan,east village,40.72935,-73.98056,entire home/apt,140,4,3,2018-01-01,0.14,1,0
21363896,"sunny ""jungalow"" oasis studio",45534132,autumn,brooklyn,brooklyn heights,40.69689,-73.99563,entire home/apt,180,2,1,2017-10-22,0.05,1,0
21364872,"williamsburg sunny bedroom, 15 mins to manhattan",32527579,alex,brooklyn,williamsburg,40.71239,-73.95857,private room,70,4,8,2019-06-23,0.44,1,0
21370014,renovated apartment of a young business traveller,36824919,dmitry,manhattan,upper west side,40.80246,-73.96741,private room,72,3,1,2017-10-28,0.05,1,0
21380282,"spacious private bedroom in park slope, brooklyn.",2245915,jonathan,brooklyn,gowanus,40.6812,-73.98186,private room,85,3,2,2018-09-29,0.15,1,0
21383821,brooklyn,3730706,e,brooklyn,bedford-stuyvesant,40.68469,-73.94885,entire home/apt,175,5,10,2018-09-23,0.49,1,0
21384296,"spacious 2br garden apt in bedstuy, 1 block to j",4563377,rachel,brooklyn,bedford-stuyvesant,40.69216,-73.92933,entire home/apt,100,5,5,2019-06-20,0.27,1,0
21394300,entire 1br beautiful williamsburg apartment,205055,clare,brooklyn,williamsburg,40.71923,-73.95515,entire home/apt,150,2,3,2018-01-04,0.15,1,0
21394596,room avail: newly-renovated washington heights apt,29883522,alison,manhattan,washington heights,40.84412,-73.93968,private room,50,3,1,2017-11-06,0.05,1,0
21397638,large 1 bedroom in les,50086945,pascal,manhattan,lower east side,40.71954,-73.98914,entire home/apt,250,7,7,2019-03-14,0.37,1,0
21398613,spacious 1 br apt right next to central park,24393270,marc,manhattan,upper west side,40.76877,-73.98371,entire home/apt,150,5,1,2017-10-30,0.05,1,0
21399518,"sunny room w/queen bed, prime williamsburg.",6563906,lukasz,brooklyn,williamsburg,40.71318,-73.96038,private room,70,1,8,2018-05-06,0.41,1,0
21406504,2 bedroom close to the subway and central park.,59346339,doug,manhattan,east harlem,40.78996,-73.94873,entire home/apt,127,2,3,2017-11-20,0.15,1,0
21408811,spacious private room,15520066,richard,queens,ridgewood,40.70839,-73.89516,private room,35,3,1,2017-11-20,0.05,1,0
21411685,chic room in a clean and cozy apartment,35662919,grace,brooklyn,williamsburg,40.71023,-73.95827,private room,100,2,1,2017-10-22,0.05,1,0
21420445,private room in apartment in lic,3711407,andrea,queens,long island city,40.74679,-73.94547,entire home/apt,85,2,14,2019-01-06,0.68,1,0
21426368,beautiful space in duplex loft close prospect park,4414774,kristopher,brooklyn,crown heights,40.67366,-73.96032,shared room,60,2,13,2018-09-09,0.64,1,0
21426648,bright airy 1 bedroom studio in prime downtown nyc,683457,kelly,manhattan,east village,40.72469,-73.99111,entire home/apt,250,3,1,2018-01-01,0.05,1,0
21428791,les duplex penthouse with private rooftop terrace,16794494,ian,manhattan,east village,40.72251,-73.98129,private room,200,2,9,2019-05-27,0.46,1,0
21433001,colorful & cozy studio in brooklyn,11908891,alenka,brooklyn,flatbush,40.64016,-73.96784,entire home/apt,97,3,2,2017-11-18,0.1,1,0
21435622,"small, quiet, and clean 1br in manhattan",100970377,anabel,manhattan,harlem,40.81032,-73.94331,entire home/apt,200,1,3,2017-11-24,0.15,1,0
21436689,large one-bedroom apartment on quiet street,45658261,nat,brooklyn,crown heights,40.67186,-73.92244,entire home/apt,100,2,7,2018-02-04,0.35,1,0
21439155,washington heights renovated bedroom,66830803,angie,manhattan,washington heights,40.85083,-73.93623,private room,51,1,4,2018-12-30,0.31,1,0
21444065,"harlem tree house, only 15 minutes to midtown!",12762193,jenny,manhattan,harlem,40.8107,-73.94731,entire home/apt,150,2,10,2019-05-30,0.49,1,0
21444943,big sunny space by prospect park,50903933,shea,brooklyn,flatbush,40.65114,-73.96246,private room,60,2,2,2017-10-26,0.1,1,0
21446922,cozy private entrance bedroom with key and lock!,11452850,jennifer,brooklyn,williamsburg,40.71171,-73.95896,private room,70,2,3,2018-05-15,0.15,1,0
21452348,"manhattan studio near chelsea,highline, whitney",7390361,inyoung,manhattan,chelsea,40.74184,-73.99877,entire home/apt,128,6,6,2018-01-13,0.3,1,0
21460249,"stylish, cozy 1br in upper west manhattan",8687478,marie,manhattan,harlem,40.82523,-73.95357,entire home/apt,180,5,1,2018-01-02,0.05,1,0
21460970,private garden studio in brooklyn,10525934,nubia,brooklyn,gowanus,40.67585,-73.99653,entire home/apt,125,2,13,2018-09-12,0.64,1,0
21461540,"williamsburg apartment, beautiful rooftop & more",9427815,liam,brooklyn,williamsburg,40.71975,-73.94279,entire home/apt,175,2,1,2018-01-01,0.05,1,0
21471116,sweet home in the heart of manhattan,16301391,majer,manhattan,midtown,40.74557,-73.98216,private room,130,1,9,2017-12-27,0.44,1,0
21472026,studio apartment available over thanksgiving,17592183,laura,manhattan,upper east side,40.76241,-73.96134,entire home/apt,150,5,1,2017-11-18,0.05,1,0
21473222,"luxury, zen 1br in n williamsburg",2823757,meg,brooklyn,williamsburg,40.71719,-73.95427,entire home/apt,109,2,4,2018-12-09,0.36,1,0
21476123,bright classic dumbo loft,6243641,emily,brooklyn,dumbo,40.70223,-73.98971,entire home/apt,145,2,1,2017-10-31,0.05,1,0
21477282,entire apartment in brooklyn brownstone,6357428,sophia,brooklyn,crown heights,40.67592,-73.94792,entire home/apt,100,2,3,2017-12-31,0.15,1,0
21477403,luxury apt - 10 mins to midtown and williamsburg,16445934,gina,queens,long island city,40.74622,-73.94055,entire home/apt,100,4,2,2018-09-30,0.19,1,0
21489753,large one bedroom apartment near grand central,26138840,graham,manhattan,murray hill,40.74689,-73.9781,entire home/apt,175,2,1,2017-10-25,0.05,1,0
21490751,clean & cozy downtown manhattan studio,26749889,shang,manhattan,chinatown,40.71601,-73.99056,entire home/apt,110,5,4,2018-03-27,0.19,1,0
21504818,large center manhattan studio,39142433,ryan,manhattan,kips bay,40.74484,-73.9789,entire home/apt,160,1,12,2018-01-21,0.59,1,0
21505275,private room in industrial apartment w/ rooftop!,42999896,sander,brooklyn,bedford-stuyvesant,40.68903,-73.93192,private room,62,1,8,2018-04-15,0.39,1,0
21512039,"perfect studio, great location!",16255906,alejandra,manhattan,financial district,40.70507,-74.009,private room,143,2,3,2018-02-08,0.15,1,0
21512977,private bushwick room in great location!,26804769,andrea,brooklyn,bushwick,40.69881,-73.91278,private room,32,1,3,2017-11-20,0.15,1,0
21514099,cozy quirky 1 bed apartment in tribeca/soho,10972769,claudia,manhattan,soho,40.7251,-74.00775,entire home/apt,250,2,5,2018-08-05,0.26,1,0
21516649,small private room in big & cozy apartment,3404840,jessamine,brooklyn,crown heights,40.6739,-73.9535,private room,60,2,2,2017-11-07,0.1,1,0
21518777,williamsburg high ceiling loft,2424168,tom,brooklyn,williamsburg,40.71167,-73.95785,entire home/apt,140,3,2,2017-11-18,0.1,1,0
21528329,"organic pre-war 1br astoria, near mrnw trains",25553833,chandley,queens,astoria,40.75766,-73.92738,entire home/apt,108,4,11,2018-09-03,0.56,1,0
21530389,"charming one-bedroom in greenpoint, brooklyn",1880807,robert,brooklyn,greenpoint,40.73279,-73.95426,entire home/apt,110,6,5,2018-07-15,0.24,1,0
21546425,"cozy, quiet one bedroom in the heart of bedstuy!",37149695,angelo,brooklyn,bedford-stuyvesant,40.69119,-73.94339,entire home/apt,100,3,1,2018-01-02,0.05,1,0
21548325,"private comfortable bedroom in bay ridge, brooklyn",69054780,tamara,brooklyn,fort hamilton,40.62245,-74.02958,private room,55,7,3,2018-04-02,0.15,1,0
21548449,2 big bedrooms apartment in brooklyn,4446647,alex,brooklyn,flatbush,40.6452,-73.95958,entire home/apt,120,5,1,2017-11-10,0.05,1,0
21549541,"spacious, sunny apartment near prospect park",1745206,channing,brooklyn,crown heights,40.66598,-73.95427,entire home/apt,150,2,10,2019-03-17,0.53,1,0
21562330,franklin ave stay,5754627,keren,brooklyn,crown heights,40.67254,-73.95541,private room,94,1,9,2018-11-01,0.46,1,0
21563815,architect's duplex apt in historic brooklyn,2179149,olivier,brooklyn,bedford-stuyvesant,40.681,-73.92894,entire home/apt,150,4,3,2018-10-23,0.16,1,0
21564733,private 2 bdrm in heart of bedstuy (huge backyard),73856823,sarah,brooklyn,bedford-stuyvesant,40.69258,-73.94063,entire home/apt,200,3,4,2019-05-01,0.34,1,0
21565540,1 bedroom in williamsburg,30284592,lewis,brooklyn,williamsburg,40.71078,-73.94666,private room,70,1,1,2017-11-08,0.05,1,0
21565682,charming 1 bedroom in the heart of new york city,42133913,thomas,manhattan,greenwich village,40.72856,-74.00097,entire home/apt,170,3,8,2018-03-25,0.41,1,0
21567303,large apartment in a doorman building on the ues,1772076,salman,manhattan,upper east side,40.77316,-73.96237,shared room,59,1,7,2018-09-23,0.34,1,0
21569763,cheery bedroom in brooklyn apartment,3075854,alexa,brooklyn,sunset park,40.64046,-74.01337,private room,35,3,3,2018-09-07,0.16,1,0
21577066,"bright, spacious private room in williamsburg!",8628781,tessa,brooklyn,williamsburg,40.71075,-73.95935,private room,70,1,1,2018-04-20,0.07,1,0
21578513,cozy bedroom,88780960,tajah,brooklyn,bedford-stuyvesant,40.6777,-73.92176,private room,31,7,1,2017-12-12,0.05,1,0
21579960,"comfy, spacious room- astoria.",9956828,nick,queens,astoria,40.76168,-73.91976,private room,55,3,2,2017-12-16,0.1,1,0
21582170,spacious apartment in park slope with garden,36293942,efren,brooklyn,south slope,40.66394,-73.98298,entire home/apt,150,2,2,2018-01-02,0.1,1,0
21583472,quiet room in brooklyn apt - animal friendly!,1414616,carole,brooklyn,bedford-stuyvesant,40.68594,-73.94967,private room,47,5,10,2018-04-27,0.49,1,0
21590125,"large & cozy room for holidays/new year in bk,nyc",80227295,emilia,brooklyn,gowanus,40.6723,-73.99214,private room,40,7,1,2018-01-09,0.05,1,0
21591672,huge bedroom available in artsy bushwick,54966810,garland,brooklyn,bushwick,40.70361,-73.9255,private room,52,1,2,2017-11-15,0.1,1,0
21596013,quaint & quiet uws,65824474,eri,manhattan,upper west side,40.79307,-73.97449,entire home/apt,118,1,2,2017-11-08,0.1,1,0
21603901,cozy private room with terrace in williamsburg,46363732,bérénice,brooklyn,williamsburg,40.71372,-73.95149,private room,69,2,5,2018-03-18,0.25,1,0
21607402,spacious master bedroom exposed brick in harlem,22296461,brandi,manhattan,harlem,40.81866,-73.93796,private room,50,1,8,2017-12-31,0.4,1,0
21607796,"spacious, sun soaked 1-br in prospect heights!",15616046,zoe,brooklyn,prospect heights,40.67807,-73.96446,entire home/apt,100,5,1,2018-01-03,0.05,1,0
21612193,"private room in 19th century townhome, mott haven",67396790,shannon,bronx,mott haven,40.8118,-73.92263,private room,54,1,9,2018-01-28,0.46,1,0
21619743,cute one-bedroom apartment with exposed brick,9450412,taelyr,brooklyn,crown heights,40.67133,-73.94526,entire home/apt,128,2,8,2018-10-21,0.4,1,0
21621231,private room in lively east village rooftop duplex,35703699,christian,manhattan,east village,40.72179,-73.97904,private room,80,2,1,2017-11-11,0.05,1,0
21622558,"spacious, 1 bedroom apartment, beautiful views",6022622,chantal,queens,sunnyside,40.7479,-73.91742,entire home/apt,125,2,2,2018-01-01,0.11,1,0
21622909,cozy gramercy park 1 bedroom,444603,kah,manhattan,kips bay,40.73801,-73.98099,private room,75,3,2,2018-01-03,0.1,1,0
21625317,your private sunny studio apt in crown heights,24035151,daeun,brooklyn,crown heights,40.67577,-73.95751,entire home/apt,70,3,3,2017-11-13,0.15,1,0
21628640,"sunny, spacious pad in unbeatable wburg location",259240,andrea,brooklyn,williamsburg,40.71675,-73.95614,entire home/apt,219,3,2,2018-01-01,0.11,1,0
21631581,bright 1br apartment in the heart of williamsburg,6336630,justin,brooklyn,williamsburg,40.71346,-73.95733,entire home/apt,125,2,3,2019-06-03,0.16,1,0
21633631,cozy studio at heart of williamsburg,21099366,lauren,brooklyn,williamsburg,40.71223,-73.96025,entire home/apt,150,4,5,2019-01-02,0.25,1,0
21635399,spacious 1br w/ backyard in central williamsburg,32528909,jake,brooklyn,williamsburg,40.71935,-73.96049,entire home/apt,220,2,14,2019-06-30,0.76,1,0
21635623,private & quiet one bedroom on the upper east side,14538085,ian,manhattan,upper east side,40.78312,-73.95344,private room,64,2,7,2017-12-28,0.35,1,0
21636155,large bright room off dekalb l with big garden,13077909,james,brooklyn,bushwick,40.70358,-73.91515,private room,40,3,1,2017-11-24,0.05,1,0
21643957,bright and cosy apartment with private room,3357991,wesley,brooklyn,bedford-stuyvesant,40.69309,-73.94662,private room,60,1,7,2018-01-28,0.36,1,0
21645769,big studio apt in the heart of williamsburg,6619124,jeffrey,brooklyn,williamsburg,40.71681,-73.94912,entire home/apt,99,4,5,2018-09-16,0.25,1,0
21647976,cozy room in williamsburg!,6995644,wael,brooklyn,williamsburg,40.71763,-73.96008,private room,50,4,3,2018-05-22,0.16,1,0
21650258,"bright, modern apartment",48492315,sawyeh,brooklyn,bedford-stuyvesant,40.68364,-73.95821,entire home/apt,85,3,3,2018-01-02,0.15,1,0
21659494,"spacious queen bedroom, private bath in brooklyn",26379887,marine,brooklyn,greenpoint,40.72891,-73.95618,private room,150,2,4,2018-10-31,0.2,1,0
21660787,spacious williamsburg apartment,476260,jingjing,brooklyn,williamsburg,40.71729,-73.95051,private room,50,2,1,2017-11-06,0.05,1,0
21661292,brownstone 1br apt in the heart of park slope,9678658,emily,brooklyn,park slope,40.67441,-73.97614,entire home/apt,160,4,7,2018-11-25,0.36,1,0
21672349,a bright brooklyn apartment with a private balcony,4434595,jamie,brooklyn,bedford-stuyvesant,40.68717,-73.94557,entire home/apt,98,3,12,2019-06-11,0.62,1,0
21676358,incredible modern studio with all the amenities,55308025,paul,brooklyn,downtown brooklyn,40.69339,-73.98581,entire home/apt,90,3,7,2019-06-23,0.37,1,0
21676769,garden apartment with private backyard!,876116,victoria,brooklyn,bedford-stuyvesant,40.67954,-73.948,entire home/apt,100,4,5,2018-04-11,0.25,1,0
21678034,cozy wine-in apartment,12327841,yan sze,brooklyn,bedford-stuyvesant,40.6891,-73.92168,entire home/apt,80,5,4,2018-04-01,0.21,1,0
21678587,harlem gem,42141935,valerie,manhattan,east harlem,40.80834,-73.94049,entire home/apt,89,1,2,2018-01-01,0.11,1,0
21682924,spacious escape in the heart of greenwich village,647100,kevin,manhattan,greenwich village,40.73247,-73.99998,private room,130,3,11,2018-07-16,0.55,1,0
21685016,huge loft apartment in bed-stuy brooklyn!!!,9655028,ken,brooklyn,bedford-stuyvesant,40.68542,-73.91741,entire home/apt,175,7,1,2017-12-30,0.05,1,0
21685062,huge room near subway in creative williamsburg,74517682,meline,brooklyn,williamsburg,40.70654,-73.93178,private room,75,3,1,2017-11-26,0.05,1,0
21692641,"large, cozy studio in morningside heights",14991456,apostolos,manhattan,morningside heights,40.81441,-73.95939,entire home/apt,100,2,11,2019-03-21,0.57,1,0
21693544,fabulous 3-bedroom apartment in trendy brooklyn.,18037444,nigel,brooklyn,park slope,40.67545,-73.97516,entire home/apt,213,5,1,2017-12-21,0.05,1,0
21693657,unique east village duplex in nyc,81460578,matt,manhattan,east village,40.72389,-73.98346,private room,141,5,5,2017-12-08,0.25,1,0
21694344,cozy 1 bedroom walkup in the heart of astoria,24916010,alex,queens,astoria,40.76448,-73.92164,entire home/apt,100,3,1,2018-10-23,0.12,1,0
21695292,1 br near union square,14603774,matt,manhattan,east village,40.73281,-73.9899,entire home/apt,225,1,1,2017-11-18,0.05,1,0
21695338,"spacious, bright & cozy 1-bedroom in greenpoint",8652278,brady,brooklyn,greenpoint,40.7347,-73.95479,entire home/apt,87,4,1,2017-12-27,0.05,1,0
21695415,"beautiful, private 1 br apt in hamilton heights",42237462,stephanie,manhattan,harlem,40.82722,-73.9457,entire home/apt,78,6,4,2018-09-29,0.2,1,0
21700305,private bedroom with half bath + private entrance!,16956704,shalom,brooklyn,bushwick,40.68461,-73.91101,private room,75,1,2,2017-12-31,0.11,1,0
21700414,"sunny slice of uptown nyc, private room, comfy!",1264407,dawn,manhattan,east harlem,40.79503,-73.93953,private room,63,3,2,2017-11-30,0.1,1,0
21710913,private sunny 1 bedroom apartment,37249745,gaby,brooklyn,borough park,40.63265,-74.00397,entire home/apt,58,2,6,2018-05-26,0.32,1,0
21712433,gorgeous 1bd in trendy brooklyn!,10396247,kaitlin,brooklyn,park slope,40.67655,-73.97303,entire home/apt,180,4,4,2018-12-30,0.22,1,0
21713551,wonderful upper east side lux close to subway,17887542,viktor,manhattan,upper east side,40.76401,-73.95823,entire home/apt,138,7,1,2017-12-11,0.05,1,0
21716197,large & comfortable financial district studio,12672143,kathryn,manhattan,financial district,40.70362,-74.00721,entire home/apt,195,2,4,2018-06-10,0.21,1,0
21721946,bright east village apartment!,8334983,ashley,manhattan,east village,40.72411,-73.98872,entire home/apt,99,5,4,2018-08-15,0.2,1,0
21735642,modern/cozy brooklyn apartment,37084362,amelia,brooklyn,williamsburg,40.71469,-73.94097,private room,101,3,14,2019-06-24,0.76,1,0
21740756,brooklyn large private room  (near manhattan),90058061,siyi,brooklyn,sunset park,40.66035,-73.99794,private room,45,7,2,2018-04-15,0.1,1,0
21745600,full & cozy apartment at bed-stuy,4032781,dinorah,brooklyn,bedford-stuyvesant,40.68327,-73.94986,entire home/apt,70,3,4,2018-01-02,0.21,1,0
21746100,2 bed 2 bath in cool east williamsburg loft!,19298428,lucy,brooklyn,williamsburg,40.70509,-73.93471,entire home/apt,150,2,6,2019-05-04,0.31,1,0
21748242,soho luxury apartment,33211768,james,manhattan,nolita,40.72364,-73.99577,entire home/apt,200,1,1,2017-11-17,0.05,1,0
21751524,bright and sunny 1 br in the heart of ues,4636552,florencia,manhattan,upper east side,40.77842,-73.95903,entire home/apt,150,3,1,2017-11-27,0.05,1,0
21751907,"room in brooklyn, 5 min to n and r train",26498283,aura angelica,brooklyn,sunset park,40.64736,-74.0106,private room,40,5,3,2019-01-01,0.16,1,0
21752471,cozy attic studio with century-old charm,31583052,sarah,brooklyn,sunset park,40.66427,-73.99243,entire home/apt,105,3,3,2018-06-26,0.16,1,0
21752880,quiet williamsburg penthouse with manhattan views.,22730721,alex,brooklyn,greenpoint,40.71958,-73.94796,entire home/apt,225,6,8,2018-12-27,0.47,1,0
21754946,sofa couch best location 2 min from central park!,46224196,alejandro,manhattan,upper east side,40.76309,-73.96439,shared room,89,2,1,2017-12-16,0.05,1,0
21755954,private room in prime location,16273067,kim,manhattan,hell's kitchen,40.76145,-73.98912,private room,147,4,1,2017-12-13,0.05,1,0
21756084,cozy private bedroom in bushwick,17906387,jess,brooklyn,bushwick,40.69668,-73.91395,private room,26,4,1,2018-01-04,0.05,1,0
21764778,bright new york loft in williamsburg/bushwick,12776493,sonia,brooklyn,williamsburg,40.70378,-73.94306,entire home/apt,92,3,4,2018-01-13,0.21,1,0
21767672,"sun kissed, loft studio in the heart of chelsea",27293055,sara,manhattan,chelsea,40.74143,-74.00027,entire home/apt,159,3,3,2018-02-19,0.16,1,0
21771454,newly renovated bedroom apartment - 2 beds,23596542,javier,brooklyn,crown heights,40.6768,-73.93529,entire home/apt,78,5,2,2018-08-26,0.11,1,0
21771486,park slope it! close to manhattan! renovated!,31697949,michelle,brooklyn,sunset park,40.66475,-73.99629,private room,30,2,7,2018-05-15,0.36,1,0
21772258,beautiful home in park slope!,41118093,brittany,brooklyn,park slope,40.67329,-73.98311,entire home/apt,125,3,2,2018-03-13,0.1,1,0
21780343,elegant one bedroom in prospect heights,38358245,sarah,brooklyn,prospect heights,40.67665,-73.96985,entire home/apt,96,7,1,2018-01-11,0.06,1,0
21780433,bright room in east williamsburg,9953808,savanah,brooklyn,williamsburg,40.70782,-73.9403,private room,65,2,1,2018-05-15,0.07,1,0
21781196,private room (2 beds) close to time square,66797339,christian,manhattan,hell's kitchen,40.76026,-73.98875,private room,250,3,1,2017-12-11,0.05,1,0
21781859,mid-town west 5-min walk to central park,2368634,jen,manhattan,upper west side,40.76814,-73.98404,entire home/apt,220,5,2,2018-09-06,0.1,1,0
21783724,park slope beauty for your winter stay in nyc,2101238,ty,brooklyn,park slope,40.67681,-73.97911,entire home/apt,170,2,9,2018-04-15,0.45,1,0
21784437,classic brooklyn room in brownstone neighborhood,33836993,daniela,brooklyn,bedford-stuyvesant,40.68884,-73.92949,private room,65,7,1,2017-12-29,0.05,1,0
21785426,brooklyn home with a backyard!,5269420,abigail,brooklyn,bedford-stuyvesant,40.68739,-73.95405,entire home/apt,125,2,2,2018-10-27,0.11,1,0
21786337,master bedroom in harlem - 20 min to midtown!,64837680,andrea,manhattan,harlem,40.82774,-73.94609,private room,60,1,1,2018-01-01,0.05,1,0
21794522,colorful bed stuy studio apartment,4575233,ben,brooklyn,bedford-stuyvesant,40.69259,-73.92881,entire home/apt,140,3,2,2017-12-11,0.1,1,0
21796834,beautiful private room in greenpoint,33082247,jimena,brooklyn,greenpoint,40.72391,-73.94214,private room,60,3,2,2018-04-01,0.1,1,0
21798589,thanksgivings - upper east 1 bedroom,51538706,moises,manhattan,east harlem,40.78639,-73.94869,entire home/apt,108,3,1,2017-11-26,0.05,1,0
21799111,charming and snug 1 bd in west village near soho,17692768,isabella,manhattan,west village,40.73226,-74.00184,entire home/apt,175,6,11,2018-10-08,0.62,1,0
21799291,east village alcove studio with great light & view,78534291,max,manhattan,east village,40.72202,-73.97909,entire home/apt,230,5,3,2019-01-04,0.16,1,0
21800401,brooklyn treehouse,85162903,amelia,brooklyn,williamsburg,40.7115,-73.95746,entire home/apt,130,3,1,2017-11-26,0.05,1,0
21801520,"private, cozy manhattan bedroom",5742326,dina,manhattan,harlem,40.8217,-73.95336,private room,48,1,1,2017-12-01,0.05,1,0
21811946,east village - spacious & colorful,2285348,kevin,manhattan,east village,40.72929,-73.98625,entire home/apt,196,2,7,2018-12-30,0.36,1,0
21814906,live/work east williamsburg loft,6502688,bryan,brooklyn,williamsburg,40.70592,-73.93513,entire home/apt,165,2,7,2019-02-03,0.37,1,0
21815831,private master bedroom with private bath in nyc,24528756,hamza,manhattan,hell's kitchen,40.76617,-73.9883,private room,170,1,3,2017-11-26,0.15,1,0
21815842,spacious 2 bedroom in beautiful clinton hill,1931990,yarden,brooklyn,clinton hill,40.68859,-73.96035,entire home/apt,93,3,2,2018-05-11,0.13,1,0
21816278,big sunny room in bedstuy/clinton hill brownstone,48960226,julia,brooklyn,bedford-stuyvesant,40.69065,-73.95469,private room,47,1,5,2018-03-08,0.25,1,0
21817570,quiet top floor studio,7412033,evan,manhattan,upper east side,40.76951,-73.96192,entire home/apt,105,2,14,2018-05-28,0.71,1,0
21817961,enjoy harlem,66472428,adrianne,manhattan,harlem,40.81029,-73.94344,entire home/apt,165,3,1,2017-12-14,0.05,1,0
21822599,"sunny,  spacious 2 bdrm in park slope w/ parking",18146582,bert,brooklyn,park slope,40.6789,-73.97909,entire home/apt,280,4,2,2019-07-05,0.11,1,0
21822768,central park apt 7/10-7/18 nyc summer july,3239797,rachel,manhattan,upper west side,40.79401,-73.9639,entire home/apt,228,7,1,2018-07-17,0.08,1,0
21823815,sunny brooklyn vibes,44232555,dániel,brooklyn,williamsburg,40.70358,-73.93698,entire home/apt,60,4,2,2018-02-13,0.11,1,0
21825464,bright room in 2 bedroom flat with outdoor patio,13898361,charles,brooklyn,williamsburg,40.71173,-73.96164,private room,55,1,1,2017-12-30,0.05,1,0
21826195,spacious manhattan studio - greenwich village,27090361,kaleisha,manhattan,greenwich village,40.73213,-73.99323,entire home/apt,126,3,2,2017-11-26,0.1,1,0
21826282,lovely room in west harlem,80512824,yoleni,manhattan,harlem,40.81855,-73.94447,private room,46,1,5,2018-04-11,0.25,1,0
21828822,bushwick room filled with character and antiques!,34692600,mateo,brooklyn,bushwick,40.69608,-73.91973,private room,45,2,1,2017-12-12,0.05,1,0
21829006,room: minimalist artist loft williamsburg,43490965,nicole,brooklyn,bedford-stuyvesant,40.69854,-73.94069,private room,50,2,4,2018-01-01,0.21,1,0
21833222,williamsburg brooklyn apartment - modern & chill,51032135,catherine,brooklyn,greenpoint,40.72754,-73.95527,private room,45,1,1,2018-06-06,0.08,1,0
21837620,"huge room, modern unit in carroll gardens",1703438,josh,brooklyn,carroll gardens,40.67574,-73.99783,private room,59,5,1,2017-12-01,0.05,1,0
21838962,quiet park slope sanctuary,6874341,charlotte,brooklyn,park slope,40.67145,-73.97143,entire home/apt,115,3,2,2018-06-18,0.11,1,0
21844499,cozy central park west brownstone,1684573,emily,manhattan,upper west side,40.78624,-73.96952,entire home/apt,96,3,2,2017-12-01,0.1,1,0
21845154,warm and cosy apartment in the heart of new york,4495261,julien,manhattan,east village,40.72631,-73.98507,entire home/apt,180,7,2,2018-09-09,0.11,1,0
21849210,charming alcove studio in prime location!!,25814915,ashley,manhattan,east village,40.72755,-73.98755,entire home/apt,150,4,1,2017-11-19,0.05,1,0
21849942,one bedroom in the village,23443666,shachar,manhattan,west village,40.73494,-74.00228,entire home/apt,190,7,1,2018-01-05,0.05,1,0
21850364,gorgeous loft by the flatiron building,7018179,hugo,manhattan,flatiron district,40.74044,-73.98777,entire home/apt,180,5,4,2019-01-03,0.22,1,0
21851016,"designer's private br/studio
+common kitch/bath",8869512,antonio,brooklyn,crown heights,40.67391,-73.95581,private room,65,3,1,2018-04-02,0.06,1,0
21852060,bright brooklyn apartment,50175698,thiru,brooklyn,bedford-stuyvesant,40.69108,-73.94492,entire home/apt,80,5,1,2017-11-21,0.05,1,0
21859065,1 bedroom apartment in super central location,36757798,nicky,manhattan,west village,40.73176,-74.00348,entire home/apt,130,6,8,2019-01-02,0.41,1,0
21859249,"cozy, bright and spacious 3br apartment - brooklyn",49213265,mariana,brooklyn,crown heights,40.67025,-73.93558,entire home/apt,99,3,4,2019-05-12,0.22,1,0
21859359,large private bedroom in brooklyn (bed-stuy),23039272,chahine,brooklyn,bedford-stuyvesant,40.68214,-73.95477,private room,51,1,1,2018-01-04,0.05,1,0
21861551,brand-new luxury apt. stunning views by penn st.,2431679,danish,manhattan,chelsea,40.75117,-73.99305,private room,155,2,7,2018-04-08,0.36,1,0
21866923,1 bedroom at 190 east 7th street. doorman,95175637,curtis,manhattan,east village,40.72563,-73.98169,private room,200,1,2,2018-10-28,0.1,1,0
21867440,"charming, cozy apartment in the heart of bushwick!",29599980,leslie,brooklyn,bushwick,40.70636,-73.91935,entire home/apt,41,3,1,2018-01-01,0.05,1,0
21868424,prospect heights room,6938506,karina,brooklyn,prospect heights,40.67871,-73.9678,private room,60,1,14,2019-06-10,0.71,1,0
21868933,gorgeous home with private terrace: union square!,9282079,justine,manhattan,gramercy,40.73581,-73.98918,entire home/apt,245,4,12,2019-05-25,0.62,1,0
21881602,one decent room in upper west side manhattan!,83422323,amon,manhattan,upper west side,40.79454,-73.97541,private room,50,1,14,2018-03-31,0.71,1,0
21881709,big room in grand central,7344277,angelica,manhattan,midtown,40.75249,-73.97384,private room,93,3,1,2017-11-21,0.05,1,0
21882745,"large, sunny & modern union square 1-bedroom",22225590,tina,manhattan,east village,40.73245,-73.98848,entire home/apt,210,4,4,2019-04-26,0.39,1,0
21884025,private 1 bedroom 15 minutes from manhattan,61175161,claudia,queens,astoria,40.76885,-73.90752,private room,40,3,1,2017-12-13,0.05,1,0
21885544,"quirky, bright 1bed apartment in historic brooklyn",2749343,kaity,brooklyn,bedford-stuyvesant,40.68541,-73.94692,entire home/apt,80,5,1,2018-01-04,0.05,1,0
21885860,huge bedroom in brooklyn off lorimer j/m/z & l,3105557,joshua,brooklyn,williamsburg,40.70383,-73.94431,private room,43,2,6,2018-01-02,0.31,1,0
21891406,bright studio size room in the east village,42954481,cindy,manhattan,east village,40.72801,-73.98736,private room,95,1,3,2018-10-29,0.16,1,0
21892073,"large, sunny room in heart of south williamsburg",916377,ana,brooklyn,williamsburg,40.70807,-73.95099,private room,42,7,1,2017-12-22,0.05,1,0
21893658,sunny cabin in the heart of north brooklyn,39253607,laura,brooklyn,williamsburg,40.71296,-73.93838,entire home/apt,120,2,1,2018-01-01,0.05,1,0
21896552,private garden | upper west side manhattan 1br,2092300,amelia,manhattan,morningside heights,40.80513,-73.9632,entire home/apt,120,3,3,2018-01-08,0.16,1,0
21897759,1br in beautiful park slope,54907254,nickelous,brooklyn,park slope,40.67607,-73.97167,entire home/apt,139,7,1,2018-01-03,0.05,1,0
21898567,spacious room in a cozy apartment .....,62635426,lizzie,brooklyn,greenpoint,40.72566,-73.94823,private room,50,3,2,2018-09-30,0.21,1,0
21899241,spacious and bright private bedroom in les,41865841,tom,manhattan,lower east side,40.71325,-73.99009,private room,160,2,2,2018-01-02,0.1,1,0
21899473,minimalist union square studio apartment,60632753,jared,manhattan,greenwich village,40.73616,-73.99614,private room,80,5,4,2018-08-19,0.22,1,0
21906858,spacious and homey 1 br w garden near subway,1033792,dani,brooklyn,park slope,40.67835,-73.98209,entire home/apt,80,5,2,2018-11-26,0.11,1,0
21909291,"modern, spacious one bedroom - columbus circle",18462292,gary,manhattan,midtown,40.76699,-73.98174,entire home/apt,200,7,2,2018-01-01,0.1,1,0
21913859,private room in east village(female guest only),34281260,reese,manhattan,stuyvesant town,40.72734,-73.97203,private room,65,2,6,2017-12-29,0.31,1,0
21921707,sunny minimal bushwick: longterms encouraged!,100424005,dewey,brooklyn,bushwick,40.69386,-73.91897,private room,39,5,9,2018-09-24,0.46,1,0
21922071,spacious private room in ditmas park,47326818,emilyn,brooklyn,flatbush,40.65177,-73.96417,private room,37,2,3,2018-01-25,0.16,1,0
21923722,greenpoint getaway,6408088,trent,brooklyn,greenpoint,40.72508,-73.94698,entire home/apt,100,1,2,2018-01-04,0.11,1,0
21924630,spacious 2 bedroom in heart of williamsburg!,6411632,jordan,brooklyn,williamsburg,40.71344,-73.95702,entire home/apt,130,3,2,2018-04-02,0.12,1,0
21926117,spacious 1-bedroom flat in les,42135378,stavros,manhattan,chinatown,40.71601,-73.99171,entire home/apt,130,4,2,2018-04-09,0.1,1,0
21926198,experience nyc living on the upper east side,10020112,naomi,manhattan,upper east side,40.77625,-73.95495,entire home/apt,250,3,2,2018-01-02,0.1,1,0
21926279,the tree house,6999831,erik,brooklyn,flatbush,40.64813,-73.9589,entire home/apt,90,2,8,2018-07-24,0.42,1,0
21926432,"sunny, convenient, and clean apartment to yourself",102243363,weiwei,brooklyn,prospect-lefferts gardens,40.65543,-73.95674,entire home/apt,110,1,4,2017-12-31,0.21,1,0
21926844,private room on roosevelt island,35674813,xizi,manhattan,roosevelt island,40.7611,-73.95015,private room,40,7,1,2018-01-21,0.06,1,0
21934601,convenient x cozy carroll street stay,41617175,emily,brooklyn,gowanus,40.67787,-73.98635,private room,70,2,1,2017-12-30,0.05,1,0
21935245,soho: light-filled and tasteful,6650559,bridget,manhattan,soho,40.72735,-74.00131,private room,89,1,3,2017-12-28,0.15,1,0
21935339,"cozy bedroom, walking distance from central park",97862729,natalie,manhattan,harlem,40.80759,-73.95464,private room,100,2,1,2018-01-01,0.05,1,0
21936014,elegant apartment with spectacular views.,33261598,marc,manhattan,midtown,40.7436,-73.98573,shared room,185,1,2,2018-01-01,0.11,1,0
21936550,nyc master room with independent restroom for 2,42804325,诗月,manhattan,roosevelt island,40.76858,-73.94436,private room,70,7,1,2018-06-12,0.08,1,0
21937451,amazing studio in chelsea (up to 4) special price!,21621745,paulina,manhattan,chelsea,40.74927,-74.00122,entire home/apt,200,1,7,2019-03-04,0.37,1,0
21943047,huge private room in williamsburg,29238030,celine,brooklyn,williamsburg,40.71284,-73.94805,private room,70,2,3,2018-05-02,0.2,1,0
21945438,"bright, spacious 3 br duplex-great for families",262862,helena,brooklyn,williamsburg,40.71822,-73.93996,entire home/apt,250,3,1,2017-12-29,0.05,1,0
21945454,pretty two-bed pre-war apartment in brooklyn,11322502,kimberly,brooklyn,bedford-stuyvesant,40.68885,-73.95296,entire home/apt,142,2,5,2018-04-29,0.25,1,0
21945851,spacious room for rent!,50522860,nora,manhattan,inwood,40.86144,-73.92423,private room,40,1,2,2018-01-01,0.1,1,0
21947114,bushwick loft on trainline,40110507,jonathan,brooklyn,bedford-stuyvesant,40.68691,-73.91798,entire home/apt,85,4,5,2019-01-03,0.28,1,0
21947260,luxury studio apartment right by central park!!!,72936542,taylor,manhattan,midtown,40.76119,-73.97005,shared room,130,1,1,2017-11-28,0.05,1,0
21948222,serene 2 bed w/ private backyard - flatbush ditmas,2300590,bess,brooklyn,flatbush,40.64495,-73.9576,entire home/apt,95,3,2,2018-01-06,0.1,1,0
21948799,bedroom in beautiful house with sunny porch,16686426,helen,queens,long island city,40.75982,-73.93138,private room,65,2,10,2019-05-18,0.52,1,0
21950350,brooklyn sunny queen size bedroom in amazing apartment.,11486122,magdalena,brooklyn,bushwick,40.68949,-73.90575,private room,50,3,2,2018-01-01,0.1,1,0
21951077,*lush spacious west village loft*,1620498,bec,manhattan,chelsea,40.73858,-73.99651,entire home/apt,220,7,3,2018-08-19,0.16,1,0
21959523,cozy and quiet private room,7045635,nina,brooklyn,crown heights,40.67177,-73.93947,private room,45,5,1,2018-01-08,0.05,1,0
21959796,gorgeous apt in central manhattan,90956690,dean,manhattan,murray hill,40.74661,-73.97698,entire home/apt,200,4,2,2018-01-01,0.1,1,0
21960720,"cozy lofted room in williamsburg, brooklyn",2916281,lacy,brooklyn,williamsburg,40.71353,-73.94337,private room,60,7,2,2017-12-19,0.11,1,0
21961462,luxury 1b1b apt with city view @ columbia u,56067189,yuanwen,manhattan,morningside heights,40.80485,-73.96345,entire home/apt,150,3,1,2017-12-14,0.05,1,0
21962864,"cozy private room w/private bath, hell's kitchen",25690203,corin,manhattan,hell's kitchen,40.76333,-73.98905,private room,100,2,5,2018-04-06,0.26,1,0
21963723,apartment in sunnyside close  to manhattan.,58943675,angelo,queens,sunnyside,40.74508,-73.92198,entire home/apt,140,3,4,2018-11-05,0.21,1,0
21965110,peaceful bushwick room with great views,77084335,mahayla,brooklyn,bushwick,40.69871,-73.9361,private room,80,3,2,2017-12-01,0.1,1,0
21965717,spacious south slope apt in perfect location!,8331436,jesse,brooklyn,south slope,40.66724,-73.99023,private room,109,2,4,2018-01-14,0.21,1,0
21965948,room in the heart of bushwick,50577859,zoe,brooklyn,bushwick,40.70424,-73.9199,private room,75,2,3,2019-04-09,0.48,1,0
21966498,an apartment in the heart of williamsburg,9640114,alexander,brooklyn,williamsburg,40.71171,-73.95491,private room,120,2,2,2018-01-02,0.1,1,0
21966758,casa rosada in el barrio,3179146,adrián,manhattan,east harlem,40.79746,-73.93513,entire home/apt,161,3,3,2018-03-18,0.16,1,0
21967336,affordable & cozy apartment near prospect park,1852207,christie,brooklyn,prospect-lefferts gardens,40.65903,-73.96036,entire home/apt,135,3,3,2019-01-03,0.16,1,0
21967751,spacious 1 bedroom with backyard in williamsburg,72760017,frankie,brooklyn,williamsburg,40.70892,-73.96584,entire home/apt,200,4,3,2019-05-22,0.16,1,0
21967835,greenpoint hideaway,16840416,jeffrey,brooklyn,greenpoint,40.72379,-73.9416,entire home/apt,225,2,1,2018-02-15,0.06,1,0
21973767,spring in nyc! the perfect spot.,13242534,elizabeth,manhattan,chelsea,40.73936,-73.99753,entire home/apt,250,7,6,2018-06-05,0.33,1,0
21975315,"bright, 1.5 bedroom apartment in e. williamsburg",2099205,alexandra,brooklyn,williamsburg,40.71212,-73.94011,entire home/apt,180,3,9,2019-03-25,0.53,1,0
21978558,luxury modern apartment by central park,21657795,musa,manhattan,harlem,40.8029,-73.95576,entire home/apt,100,3,1,2017-12-08,0.05,1,0
21979566,mid-century modern 1 br with stunning views,45406877,rup,manhattan,civic center,40.71237,-74.00747,entire home/apt,100,2,3,2019-03-02,0.46,1,0
21979587,entire 1.5 br in greenpoint / williamsburg,20214811,lauren,brooklyn,greenpoint,40.72672,-73.94715,entire home/apt,66,3,3,2018-05-21,0.17,1,0
21981036,comfortable studio duplex with a queen size casper mattress. a 15-minute walk to union square and a two-block walk to the subway. beautiful light in the morning.,75664810,leena,manhattan,gramercy,40.73878,-73.9839,entire home/apt,100,2,4,2019-01-15,0.32,1,0
21981313,lovely spacious apartment in prime location,44102819,anne,brooklyn,greenpoint,40.72539,-73.95473,entire home/apt,120,7,1,2018-01-04,0.05,1,0
21982534,charming 1.5 bdrm apt in w'burg - family friendly!,58847382,emily,brooklyn,williamsburg,40.71271,-73.94284,entire home/apt,125,1,1,2018-01-03,0.05,1,0
21982618,a cozy apartment in hamilton heights!,34320483,jonathan,manhattan,harlem,40.8262,-73.95035,private room,43,3,1,2017-11-29,0.05,1,0
21985066,crown heights comfort: cozy room & warm livingroom,52610301,jason,brooklyn,crown heights,40.67068,-73.95764,private room,43,1,5,2018-01-01,0.26,1,0
21985070,cozy room 2 miniutes walk to 1 train,5400884,cassie,manhattan,upper west side,40.80257,-73.96725,private room,99,1,2,2017-12-19,0.1,1,0
21987828,sunny private room in 3-bedroom apt.,14535843,luna,brooklyn,flatbush,40.64215,-73.95685,private room,38,4,1,2018-01-01,0.05,1,0
21991970,bedroom in luxury building in financial district,65046976,frank,manhattan,financial district,40.70518,-74.00881,private room,88,1,1,2018-08-26,0.09,1,0
21993956,studio-sized master bedroom with great amenities!,7465002,rena,queens,astoria,40.76552,-73.92576,private room,50,3,3,2018-06-29,0.16,1,0
21994561,small bedroom in comfy apartment @upper west side,2928002,jerome,manhattan,upper west side,40.79917,-73.96795,private room,69,4,2,2018-01-11,0.11,1,0
21995883,chelsea urban style loft,79886089,stephanie,manhattan,chelsea,40.74624,-73.99273,private room,150,5,4,2019-01-01,0.22,1,0
22001568,"spacious bedroom in greenpoint, bk",5445919,nargis,brooklyn,greenpoint,40.7249,-73.94105,private room,75,7,3,2018-12-31,0.16,1,0
22002827,cozy 3rd floor studio in the heart of bedstuy,11530808,stephen,brooklyn,bedford-stuyvesant,40.68416,-73.93176,entire home/apt,60,2,1,2018-01-01,0.05,1,0
22010257,"king-size bedroom, great location, next to park!",3574922,shay,brooklyn,flatbush,40.65318,-73.96253,private room,75,2,8,2019-01-28,0.42,1,0
22013423,fully stocked 1-bedroom in astoria!,48356178,brandon,queens,long island city,40.75797,-73.92908,entire home/apt,113,5,9,2018-09-09,0.49,1,0
22014840,sunny bedroom only 1 metro stop to manhattan,32093643,scarlett,manhattan,roosevelt island,40.76211,-73.94887,private room,70,2,2,2018-01-07,0.11,1,0
22016391,your own loft/gallery in bushwick!,43872938,shir,brooklyn,bushwick,40.69264,-73.90485,private room,49,4,3,2018-04-09,0.17,1,0
22018219,"warmth in woodside, new york",25376759,theis,queens,woodside,40.75247,-73.90033,entire home/apt,90,3,1,2018-01-02,0.05,1,0
22018921,clean and simple private ensuite in manhanttan,70235067,caeli,manhattan,washington heights,40.84754,-73.93229,private room,34,3,4,2018-08-26,0.22,1,0
22019912,private room in home w/professionals,13208109,jenny,brooklyn,flatbush,40.64066,-73.9664,private room,45,5,3,2018-07-15,0.16,1,0
22020827,cosy 2-bedroom in bubbly part of manhattan,32237865,joëlle,manhattan,harlem,40.80756,-73.94886,entire home/apt,150,4,4,2018-12-29,0.21,1,0
22027652,"sunny astoria bedroom (near lga, and astoria park)",47598303,tina,queens,astoria,40.77205,-73.92997,private room,58,1,5,2017-12-10,0.26,1,0
22028706,"bright, beautiful and quiet condo w/balcony",17879753,rebecca,brooklyn,williamsburg,40.70843,-73.94479,entire home/apt,102,3,2,2018-10-29,0.14,1,0
22029995,"beautiful, bright apartment in prime williamsburg",6967723,emily & mathias,brooklyn,williamsburg,40.71603,-73.95749,entire home/apt,209,7,1,2018-01-02,0.05,1,0
22030831,luxury 1 bedroom apt - 1 stop to manhattan!,826567,po,queens,long island city,40.75135,-73.94281,entire home/apt,120,3,1,2019-01-01,0.16,1,0
22031539,manhattan club,983223,dorothy,manhattan,midtown,40.76581,-73.98235,private room,200,2,1,2017-12-28,0.05,1,0
22031905,"sunny, large bushwick room - private roof terrace",9018136,kyrié,brooklyn,bushwick,40.69699,-73.91531,private room,60,2,8,2019-01-02,0.43,1,0
22034112,cozy harlem studio,38959084,alvaro luis,manhattan,east harlem,40.80589,-73.9414,entire home/apt,200,4,6,2019-01-01,0.33,1,0
22044485,1br room in a great bushwick apartment,40959256,daniel,brooklyn,bushwick,40.70062,-73.93103,private room,50,3,8,2018-06-19,0.42,1,0
22047988,quick access to the city for cheap,49139686,david,manhattan,harlem,40.82442,-73.9485,private room,55,3,4,2018-01-01,0.21,1,0
22048368,private room in bright greenpoint apartment,88739067,joana,brooklyn,greenpoint,40.73284,-73.95919,private room,37,3,4,2018-08-27,0.22,1,0
22057431,a well-appointed home in a historic bk brownstone,60523852,tariq,brooklyn,bedford-stuyvesant,40.68522,-73.94512,entire home/apt,150,3,2,2018-01-01,0.11,1,0
22059169,spacious 2 bedroom in heart of brooklyn,32299529,kimberle,brooklyn,east new york,40.6729,-73.88902,entire home/apt,81,7,1,2018-01-13,0.06,1,0
22059272,"comfy, spacious bedroom",25330183,juan,queens,sunnyside,40.73688,-73.91945,private room,31,3,2,2018-07-07,0.15,1,0
22060065,wash heights corner apt,3701760,jake,manhattan,washington heights,40.8411,-73.93751,private room,50,4,5,2018-01-28,0.26,1,0
22060924,"private room, modern apartment w/ private roof!",5234625,caroline,brooklyn,williamsburg,40.70781,-73.94375,private room,50,5,2,2018-11-27,0.22,1,0
22062492,studio apt -upper east side,94543911,gabrielle,manhattan,upper east side,40.77176,-73.94943,entire home/apt,115,2,2,2019-01-01,0.26,1,0
22064022,cozy 1br near the brooklyn navy yard,16753102,simon,brooklyn,fort greene,40.6978,-73.97682,entire home/apt,130,4,8,2019-01-06,0.43,1,0
22064923,1 room in a 5-room apartment in harlem,95740953,jeff,manhattan,harlem,40.82887,-73.9487,private room,55,2,3,2018-01-02,0.16,1,0
22066317,1br - room sublet (from dec 13) (upper west side),35986301,angie,manhattan,upper west side,40.79722,-73.96205,private room,50,5,1,2017-12-03,0.05,1,0
22066865,midtown escape,76728828,jenna,manhattan,murray hill,40.74696,-73.9746,entire home/apt,250,2,2,2018-10-14,0.11,1,0
22067480,"private rm in trendy jackson hts, qns, 10m to lga",73826443,elizabeth,queens,jackson heights,40.75153,-73.88964,private room,120,1,4,2019-04-07,0.21,1,0
22067764,williamsburg - great view and elevator into apt,24051464,martin,brooklyn,williamsburg,40.71811,-73.94414,private room,75,1,1,2017-12-12,0.05,1,0
22068519,cozy guest room with private bath in trendy duplex,12795683,anne-laure,brooklyn,gowanus,40.6832,-73.98736,private room,110,2,1,2018-01-02,0.05,1,0
22073571,calm 1 bedroom right at tompkins square park,9320996,virginia,manhattan,east village,40.72508,-73.97978,entire home/apt,150,3,2,2018-01-02,0.11,1,0
22078828,bushwick brooklyn en suite in artist loft bldg,61989330,zanni,brooklyn,williamsburg,40.70683,-73.93312,private room,51,2,2,2018-01-01,0.1,1,0
22081741,large sun-filled room in beautiful brownstone home,2738676,sarah,brooklyn,bedford-stuyvesant,40.68748,-73.93048,private room,65,5,2,2018-09-01,0.1,1,0
22083268,"tiny, tiny room in bushwick",16856181,david,brooklyn,bushwick,40.68958,-73.91393,private room,30,7,3,2019-01-04,0.15,1,0
22084321,"gorgeous, sunny les/chinatown apartment",1472745,melinda,manhattan,chinatown,40.71346,-73.99141,private room,100,2,9,2018-02-09,0.47,1,0
22085754,cozy private one bedroom,38609489,kathleen,brooklyn,bushwick,40.70032,-73.92985,private room,40,4,1,2017-12-29,0.05,1,0
22086518,west village + water views,3484157,lauren,manhattan,west village,40.73983,-74.009,private room,250,2,2,2018-03-15,0.11,1,0
22088276,spacious and peaceful apartment in nolita / soho,31880119,zach,manhattan,nolita,40.72382,-73.99541,entire home/apt,175,2,9,2018-08-26,0.47,1,0
22089422,large and nice private room in park slope!,5690047,silvio,brooklyn,park slope,40.66883,-73.98099,private room,50,3,2,2018-05-28,0.15,1,0
22095324,williamsburg gem with private bathroom,46396810,chloe,brooklyn,williamsburg,40.70934,-73.95243,private room,70,7,1,2017-12-30,0.05,1,0
22099954,cozy 2 bedroom in astoria,23385082,theresa,queens,astoria,40.76516,-73.92281,entire home/apt,112,6,2,2018-03-12,0.11,1,0
22101914,huge room  in bushwick,81466660,dustin,brooklyn,bushwick,40.69608,-73.93133,private room,45,5,1,2018-12-28,0.16,1,0
22105065,sunny one bedroom w. outdoor space - williamsburg,983477,kaylan,brooklyn,greenpoint,40.71951,-73.95277,entire home/apt,175,2,9,2018-09-23,0.56,1,0
22106002,fantastic room - king bed and a private rooftop,18605299,isaac,manhattan,chelsea,40.74688,-73.99657,private room,99,5,2,2018-01-31,0.1,1,0
22116565,holiday sublet: columbus circle apartment,46094052,soumya,manhattan,midtown,40.76739,-73.98225,entire home/apt,189,7,3,2018-02-23,0.16,1,0
22117971,private room in sunny south williamsburg location,45869461,christina,brooklyn,williamsburg,40.7098,-73.9545,private room,80,4,2,2018-01-18,0.11,1,0
22119373,well lit and modern 1br condo in les,7112420,lizzie,manhattan,chinatown,40.71629,-73.99066,entire home/apt,175,2,10,2018-10-01,0.54,1,0
22119375,hart house - calm space in bed-stuy activist home,63935474,tok,brooklyn,bedford-stuyvesant,40.69538,-73.94657,private room,35,2,4,2018-01-01,0.21,1,0
22119708,cozy room in brooklyn <3,3043896,carmen,brooklyn,bedford-stuyvesant,40.68611,-73.95171,private room,41,7,1,2017-12-06,0.05,1,0
22122084,charming crown heights apartment,2244532,hazel,brooklyn,crown heights,40.67666,-73.94087,private room,100,5,1,2018-09-22,0.1,1,0
22124086,airy brooklyn pad,47423579,analise,brooklyn,flatbush,40.64366,-73.95794,shared room,45,2,1,2017-12-07,0.05,1,0
22129871,soho/east village one bed,24379402,ghazi,manhattan,east village,40.72341,-73.98941,entire home/apt,110,7,2,2019-06-15,0.2,1,0
22143750,cozy double room in williamsburg,15338067,giulia,brooklyn,williamsburg,40.71198,-73.9582,private room,58,4,9,2018-12-29,0.48,1,0
22146533,"cozy, bohemian, private bedroom in manhattan nyc",10385600,kaitlin,manhattan,washington heights,40.84243,-73.93693,private room,50,1,1,2017-12-10,0.05,1,0
22147414,beautiful hudson river view,19577205,neide,manhattan,washington heights,40.8335,-73.9468,entire home/apt,215,4,2,2019-01-02,0.11,1,0
22152232,beautiful room with comfy bed in bushwick,10018530,nicole,brooklyn,bushwick,40.70328,-73.91429,private room,50,2,2,2018-07-19,0.1,1,0
22153412,modern chic private room in gramercy,14613015,ava,manhattan,gramercy,40.73442,-73.98383,private room,69,4,4,2018-12-17,0.21,1,0
22154118,heart of williamsburg - huge 1br apartment modern,16725099,shawn,brooklyn,williamsburg,40.71644,-73.94807,entire home/apt,160,2,1,2017-12-08,0.05,1,0
22157675,gorgeous duplex 2 bdrm in prime greenpoint,1927555,rob,brooklyn,greenpoint,40.72612,-73.9532,entire home/apt,250,4,1,2017-12-13,0.05,1,0
22159309,one bedroom apartment by central park!,16219811,emily,manhattan,harlem,40.8,-73.95056,entire home/apt,175,4,3,2018-04-08,0.18,1,0
22160718,huge beautiful private floor of townhouse,4443213,arielle,brooklyn,williamsburg,40.71276,-73.946,private room,90,2,5,2018-07-01,0.33,1,0
22161900,"new, spacious 1.5 br apt wburg,bk w/ private patio",26494979,carolyn,brooklyn,williamsburg,40.71591,-73.94693,entire home/apt,115,3,4,2019-05-23,0.22,1,0
22164078,large modern chelsea studio,35509609,justin,manhattan,chelsea,40.7478,-73.99995,entire home/apt,149,4,3,2019-01-23,0.32,1,0
22164208,artistic loft by union square,274583,lev,manhattan,gramercy,40.73702,-73.98824,entire home/apt,195,3,2,2018-02-22,0.11,1,0
22172728,entire 1 bedroom apartment in midtown manhattan,40478687,min,manhattan,murray hill,40.75069,-73.97973,entire home/apt,250,4,1,2018-01-01,0.05,1,0
22173887,greenpoint in my heart,3297475,guy,brooklyn,greenpoint,40.72458,-73.94122,private room,43,3,3,2018-07-07,0.16,1,0
22176096,"entire 1br apt,heart of astoria10mins to manhattan",2413383,nelson,queens,astoria,40.76432,-73.91885,entire home/apt,110,2,7,2018-12-20,0.37,1,0
22176782,lovely room in east williamsburg,77792023,hugo b.,brooklyn,bushwick,40.70391,-73.92593,private room,40,2,4,2018-01-14,0.21,1,0
22180263,"charming and convinient, location location!",21946213,natalia,manhattan,harlem,40.82389,-73.93887,private room,70,1,1,2018-01-01,0.05,1,0
22186114,private room in brooklyn,16467711,tori,brooklyn,bushwick,40.69743,-73.92171,private room,75,1,2,2018-01-01,0.11,1,0
22187068,luxury condo - heart of williamsburg,14338184,eli,brooklyn,williamsburg,40.71311,-73.95742,entire home/apt,175,2,2,2018-06-16,0.11,1,0
22187524,cozy modern apartment with skyline view,1661245,pierre,brooklyn,williamsburg,40.71,-73.96775,entire home/apt,250,7,2,2018-12-30,0.14,1,0
22188812,quiet 2 bdrm in williamsburg,67336825,cody,brooklyn,williamsburg,40.70879,-73.94977,entire home/apt,105,3,2,2017-12-19,0.11,1,0
22191121,cute 2-br in greenpoint/williamsburg,6963310,kenneth,brooklyn,greenpoint,40.72074,-73.94613,entire home/apt,150,3,1,2017-12-27,0.05,1,0
22191302,charming light filled studio in williamsburg,6317137,jessica,brooklyn,williamsburg,40.71795,-73.95096,entire home/apt,180,2,1,2019-01-02,0.16,1,0
22191313,harlem apartment with a view,10533750,danyelle,manhattan,harlem,40.81914,-73.95516,private room,75,1,1,2017-12-22,0.05,1,0
22191646,bright private balcony apartment in midtown,30424811,nona,manhattan,midtown,40.74566,-73.98126,entire home/apt,248,3,2,2018-06-14,0.11,1,0
22193183,bright bedroom with balcony in williamsburg,23793668,annalise,brooklyn,williamsburg,40.71312,-73.9517,private room,80,2,4,2019-04-09,0.28,1,0
22202550,luxury apartment in prime location in mahattan,16909313,lauren,manhattan,kips bay,40.73998,-73.97795,private room,200,1,1,2018-01-01,0.05,1,0
22203734,charming 1 bedroom apt in the heart of astoria,90285941,abhi,queens,astoria,40.76337,-73.92801,entire home/apt,70,4,1,2018-01-05,0.05,1,0
22204668,large room + office in bushwick artists' loft,4445275,jessica,brooklyn,bushwick,40.69948,-73.92372,private room,50,3,2,2018-01-09,0.11,1,0
22205619,luxury riverview williamsburg apartment,2178877,hazel,brooklyn,williamsburg,40.71881,-73.96397,private room,100,5,3,2018-08-22,0.16,1,0
22205780,"spacious brooklyn apartment with yard, roof access",67753773,faziah,brooklyn,bedford-stuyvesant,40.68754,-73.94183,private room,40,5,6,2018-11-22,0.32,1,0
22206164,sleek and hip lower east side 2 bedroom,3452920,isaac,manhattan,lower east side,40.71765,-73.98452,entire home/apt,220,1,3,2018-05-11,0.16,1,0
22206345,1 bedroom/ 1 bath in bushwick,32345243,ben,brooklyn,bushwick,40.69596,-73.92712,private room,39,4,1,2018-01-02,0.05,1,0
22207196,brad's airbnb,97510172,brad,brooklyn,bushwick,40.68545,-73.91237,private room,30,2,4,2018-01-02,0.21,1,0
22207978,sun-drenched luxury loft with private roof deck,803468,david,brooklyn,williamsburg,40.70929,-73.9477,entire home/apt,109,3,6,2018-08-19,0.31,1,0
22208060,"large, sunny room in the heart of williamsburg!",3791823,nicole,brooklyn,williamsburg,40.70902,-73.96059,private room,70,4,1,2018-12-31,0.16,1,0
22208315,patio perfection,55324782,kaitlin,manhattan,upper west side,40.78309,-73.97831,private room,75,1,1,2018-01-01,0.05,1,0
22214478,furnished room in a 5 br apartment,104222590,saarthak,manhattan,harlem,40.83044,-73.94839,private room,33,3,3,2018-01-01,0.16,1,0
22214594,a birdcage on the upper west side,81503286,aissa,manhattan,upper west side,40.79641,-73.97088,entire home/apt,75,3,5,2018-02-18,0.28,1,0
22224790,large bright full 1bd in the heart of bushwick !,1695734,amira,brooklyn,bushwick,40.70108,-73.91409,entire home/apt,95,3,4,2018-10-09,0.21,1,0
22226334,spacious private bedroom in brooklyn new york,4143813,yu,brooklyn,bushwick,40.70162,-73.91297,private room,53,5,1,2018-01-02,0.05,1,0
22231558,spacious 3br/3ba in the east village,7002074,ryder,manhattan,east village,40.72625,-73.97822,entire home/apt,250,2,2,2017-12-30,0.1,1,0
22232470,cozy 1br + sofa in quiet part of popular les,17787106,darwin,manhattan,lower east side,40.71757,-73.98394,private room,75,1,2,2018-01-02,0.11,1,0
22233024,newly renovated 1br in soho/nolita,23261539,james,manhattan,nolita,40.72344,-73.99592,entire home/apt,225,7,1,2018-06-28,0.08,1,0
22233039,room in central harlem for the holidays,12821514,axelle,manhattan,harlem,40.80961,-73.94588,private room,34,2,4,2019-06-26,0.21,1,0
22241250,newly renovated 1br in the heart of ny,4148879,carlos,manhattan,flatiron district,40.74212,-73.99042,entire home/apt,249,4,3,2019-05-22,0.16,1,0
22243957,huge cozy artist haven in heart of hamilton hts.,5026324,sean,manhattan,harlem,40.83029,-73.94962,private room,79,2,1,2018-01-02,0.05,1,0
22244184,"luxury private bed, bath & desk in williamsburg",45858744,augustine,brooklyn,williamsburg,40.70755,-73.95314,private room,100,2,3,2018-10-14,0.3,1,0
22244254,full floor of a beautiful bedstuy duplex,7306239,gabriel,brooklyn,bedford-stuyvesant,40.68885,-73.94349,private room,80,1,4,2018-05-16,0.21,1,0
22247787,amazing bedroom in williamsburg!!,43816141,ben,brooklyn,williamsburg,40.7087,-73.94519,private room,70,3,3,2018-07-23,0.16,1,0
22247923,cozy east village home away from home,68112758,alexandra,manhattan,east village,40.72188,-73.97957,entire home/apt,237,4,7,2018-10-25,0.45,1,0
22249013,cozy bushwick loft apartment,17672907,imani,brooklyn,bushwick,40.69178,-73.91243,private room,30,3,7,2018-03-12,0.38,1,0
22249186,mid-mod 1 bedroom washington heights nyc,75224562,michael,manhattan,washington heights,40.84855,-73.93704,entire home/apt,250,2,1,2017-12-21,0.05,1,0
22249905,cozy one bed in the middle of manhattan,33470925,stella,manhattan,hell's kitchen,40.75827,-73.99544,entire home/apt,210,4,2,2017-12-31,0.11,1,0
22250271,"cute, comfy & cozy room in brooklyn",57034140,alicia,brooklyn,bedford-stuyvesant,40.69338,-73.93125,private room,65,4,3,2018-03-24,0.16,1,0
22250309,brownstone apartment near manhattan,62048197,adetoro,brooklyn,bedford-stuyvesant,40.68373,-73.93056,entire home/apt,85,2,2,2018-05-05,0.14,1,0
22251120,huge one bed room apartment in manhattan.,70068899,cristian,manhattan,east harlem,40.80039,-73.9361,entire home/apt,165,3,1,2018-01-01,0.05,1,0
22251486,cozy and quaint 1 bedroom in soho!,17110907,ben,manhattan,soho,40.72594,-74.00136,private room,180,4,1,2018-03-28,0.06,1,0
22252595,perfect stay to see all of manhattan sites,26984764,lawrence,queens,long island city,40.74397,-73.95667,private room,90,2,1,2018-01-02,0.05,1,0
22252628,"cozy, convenient manhattan apartment in the les",26022466,calvin,manhattan,lower east side,40.71495,-73.98589,private room,70,1,8,2018-01-09,0.42,1,0
22260331,holiday sublet in beautiful bed stuy!,26898137,andrew,brooklyn,bedford-stuyvesant,40.68029,-73.94482,private room,48,7,1,2017-12-14,0.05,1,0
22262595,fidi beautiful & spacious private room & bathroom,48296060,luis,manhattan,financial district,40.71086,-74.00464,private room,128,3,4,2018-10-31,0.36,1,0
22263236,master suite in prospect heights,65062170,henry,brooklyn,prospect heights,40.6776,-73.96638,private room,80,3,1,2017-12-27,0.05,1,0
22264586,williamsburg lofted bedroom,50909072,timothy,brooklyn,williamsburg,40.71291,-73.95959,private room,100,3,3,2018-02-13,0.16,1,0
22265621,spacious private room by the east river,62792050,joanna,manhattan,east harlem,40.78714,-73.94114,private room,65,2,6,2018-06-15,0.37,1,0
22265878,"quiet, newly renovated 2 bedroom, great location",19119771,marco,manhattan,harlem,40.82025,-73.95206,entire home/apt,180,3,5,2018-09-03,0.26,1,0
22266538,huge bedroom with private entrance and yard access,36283215,bobby,brooklyn,williamsburg,40.71227,-73.93683,private room,54,2,4,2018-03-18,0.22,1,0
22266609,bronx home with rooftop and laundry,29412145,samantha,bronx,port morris,40.80726,-73.92999,private room,50,2,4,2018-01-02,0.21,1,0
22267382,modern and cozy large studio in brooklyn,1910170,katarina,brooklyn,fort greene,40.68855,-73.97883,entire home/apt,145,5,6,2019-01-01,0.32,1,0
22267769,cosy room in a cool williamsburg apt,72593389,jeremy,brooklyn,williamsburg,40.71353,-73.96216,private room,60,2,1,2018-01-03,0.05,1,0
22275716,cozy studio  with patio next to central park,23939793,tamar,manhattan,upper west side,40.77428,-73.97893,entire home/apt,60,3,11,2018-11-24,0.59,1,0
22277333,spacious 1 br apartment in authentic brooklyn,25769776,katie,brooklyn,prospect-lefferts gardens,40.65616,-73.95676,entire home/apt,64,2,4,2018-01-14,0.21,1,0
22278389,private room w/ balcony in williamsburg (rooftop),18616281,lee,brooklyn,williamsburg,40.71453,-73.96038,private room,100,1,10,2018-09-23,0.53,1,0
22278680,纽约 罗岛曼哈顿短租 cozy room in roosevelt island,68945394,cr,manhattan,roosevelt island,40.76176,-73.94999,shared room,30,4,1,2018-01-10,0.06,1,0
22279816,the perfect january sublet,41930087,storm,manhattan,washington heights,40.84826,-73.94131,private room,65,1,6,2018-01-23,0.33,1,0
22291938,"modern, private williamsburg bedroom",83170219,hannah,brooklyn,williamsburg,40.7052,-73.94397,private room,60,2,1,2018-02-13,0.06,1,0
22293394,hippie 1 bedroom in chinatown,48086015,amira,manhattan,chinatown,40.71532,-73.99903,entire home/apt,150,7,2,2017-12-19,0.11,1,0
22295591,huge luxury brooklyn apartment,70079814,natia,brooklyn,sheepshead bay,40.60583,-73.95165,entire home/apt,200,3,4,2019-01-02,0.26,1,0
22300341,spacious comfortable williamsburg- 1 bedroom apt,4238402,will,brooklyn,williamsburg,40.71558,-73.94801,entire home/apt,117,2,1,2017-12-28,0.05,1,0
22303856,large 1-bedroom in chelsea (unfurnished),4364889,simone,manhattan,chelsea,40.74696,-73.99556,entire home/apt,152,1,4,2017-12-31,0.21,1,0
22305350,"bright, clean, private room in good neighborhood",335016,theresa,brooklyn,bushwick,40.70398,-73.92403,private room,29,2,7,2018-08-13,0.38,1,0
22306300,stylish spacious 1 bd centrally located in midtown,10730227,juliana,manhattan,hell's kitchen,40.75547,-73.99513,entire home/apt,162,3,9,2019-01-01,0.49,1,0
22306777,"spacious, luminous, furnished bushwick room",19561602,bartolomeo,brooklyn,bushwick,40.69613,-73.93264,entire home/apt,50,5,2,2018-01-13,0.11,1,0
22306969,cozy 1br woodside (20min - midtown&bus from lga),3161518,brian & akiko,queens,east elmhurst,40.75689,-73.89763,entire home/apt,110,1,3,2018-01-05,0.16,1,0
22307078,cozy studio in gramercy,36163515,margaret,manhattan,gramercy,40.73419,-73.98132,entire home/apt,90,2,3,2018-07-23,0.17,1,0
22307248,cool & calm 3 bed apartment in beautiful bedstuy,18146050,joseph,brooklyn,bedford-stuyvesant,40.68029,-73.94693,entire home/apt,38,4,5,2018-06-11,0.27,1,0
22307861,lovely 1br harlem apartment,16004068,rachel,manhattan,harlem,40.80379,-73.95257,entire home/apt,105,3,4,2018-05-28,0.21,1,0
22308705,"private, roomy, convenient williamsburg hotspot",23165019,alex,brooklyn,williamsburg,40.70689,-73.9506,private room,250,1,8,2018-06-13,0.43,1,0
22309304,upper class in the upper east,75872359,meryl,manhattan,upper east side,40.77835,-73.94756,entire home/apt,150,2,1,2018-01-01,0.05,1,0
22316496,cozy private room in the heart of nolita / soho,8726000,larasati,manhattan,nolita,40.72347,-73.99302,private room,70,2,2,2019-02-25,0.11,1,0
22321208,elegant apartment for holidays in east village,65390606,carol,manhattan,east village,40.72677,-73.98267,entire home/apt,150,5,1,2017-12-18,0.05,1,0
22321322,spacious & comfy apt in heart of nyc,964882,pedro,manhattan,kips bay,40.74435,-73.98097,entire home/apt,140,4,1,2017-12-26,0.05,1,0
22321708,quiet and spacious bedroom by the astoria park,20780421,manca,queens,ditmars steinway,40.77626,-73.92462,private room,49,7,10,2019-06-01,0.55,1,0
22321796,brooklyn cute corner-unit modern apartment!,68822704,stefanie,brooklyn,bedford-stuyvesant,40.68345,-73.95078,entire home/apt,60,4,1,2018-01-02,0.05,1,0
22326826,prime williamsburg 1br steps from the l train,74155984,kathleen,brooklyn,williamsburg,40.71214,-73.94204,entire home/apt,170,2,1,2018-01-01,0.05,1,0
22328208,gorgeous room in heart of harlem,29346825,shemel,manhattan,harlem,40.81688,-73.94132,private room,34,1,1,2017-12-22,0.05,1,0
22328478,"sunny, cozy, and a view!",31369576,sivan,brooklyn,prospect-lefferts gardens,40.66057,-73.94373,entire home/apt,129,2,3,2018-11-05,0.16,1,0
22337426,quaint nyc one bedroom,57818788,morgan,manhattan,east harlem,40.81038,-73.93809,entire home/apt,100,3,3,2018-01-21,0.16,1,0
22339264,private sunny bushwick apartment,4534686,maxwell,brooklyn,bushwick,40.69854,-73.9235,entire home/apt,110,5,3,2018-12-31,0.17,1,0
22339754,artistic chic east village flat!,32926963,garrett,manhattan,east village,40.72582,-73.97558,private room,95,2,13,2019-01-02,0.7,1,0
22339967,great room on ues,84679277,joe,manhattan,upper east side,40.77817,-73.95096,private room,60,2,2,2019-05-05,0.3,1,0
22340790,spacious 2 bed on 34th & lex,45377675,karan,manhattan,kips bay,40.74505,-73.97867,entire home/apt,220,5,1,2018-01-01,0.05,1,0
22342020,small room in crown heights,33060882,antoine,brooklyn,crown heights,40.67767,-73.95764,private room,32,1,1,2018-01-22,0.06,1,0
22343429,spacious greenwich village apt near wash sq. park,15927874,mike,manhattan,greenwich village,40.72941,-74.00004,entire home/apt,191,3,1,2017-12-20,0.05,1,0
22343553,greenpoint loft,1177128,james nathan,brooklyn,greenpoint,40.72529,-73.95595,private room,125,3,9,2018-07-01,0.49,1,0
22344396,sunny room in bushwick,13394563,virginia,brooklyn,bushwick,40.69112,-73.904,private room,45,5,2,2018-03-14,0.12,1,0
22345693,cozy room in bushwick collective,14805627,giuseppe,brooklyn,bushwick,40.7032,-73.92703,private room,45,2,8,2018-09-03,0.43,1,0
22353870,great bedroom in cozy apt. close to central park.,19543830,gabe,manhattan,harlem,40.7987,-73.9531,private room,60,4,1,2018-12-26,0.15,1,0
22353899,chelsea studio,733168,farid,manhattan,chelsea,40.74761,-74.00584,entire home/apt,175,5,3,2018-08-11,0.16,1,0
22356352,simple one bedroom brooklyn apartment,76835453,frida,brooklyn,bushwick,40.69492,-73.91826,entire home/apt,70,1,2,2018-01-05,0.11,1,0
22357832,charming bedroom in washington heights!,13575029,julian,manhattan,washington heights,40.84849,-73.93107,private room,47,2,3,2018-01-12,0.17,1,0
22357868,empire state views from your bedroom,4393509,lee,manhattan,soho,40.72783,-74.004,entire home/apt,160,7,1,2018-03-09,0.06,1,0
22360577,"warm, modern williamsburg apartment",31867329,rebecca,brooklyn,williamsburg,40.71251,-73.94148,private room,70,1,1,2018-01-03,0.05,1,0
22361598,large 1br with amazing views!!,31142123,hans,manhattan,chelsea,40.74826,-73.98928,entire home/apt,159,4,3,2018-05-05,0.16,1,0
22361657,friendly and artsy brooklyn bedroom,5778653,trisha,brooklyn,bedford-stuyvesant,40.69671,-73.94896,private room,45,1,1,2017-12-31,0.05,1,0
22372893,bedroom in lovely and welcoming home,94088674,lewi,brooklyn,bedford-stuyvesant,40.69857,-73.9439,private room,38,1,2,2018-02-25,0.11,1,0
22372939,"spacious entire apartment in carroll gardens, bk.",47499199,sheyla,brooklyn,columbia st,40.6827,-74.00265,entire home/apt,140,3,10,2019-04-16,0.54,1,0
22382300,the heart of west village - close to everything,10347684,michael,manhattan,west village,40.73061,-74.00325,entire home/apt,190,6,2,2018-05-06,0.12,1,0
22396507,"bright, comfy room in bushwick, huge roof patio",6764450,amy,brooklyn,bushwick,40.69853,-73.92919,private room,50,2,2,2018-01-01,0.11,1,0
22400856,hip and cozy les apartment,50312214,isabella,manhattan,lower east side,40.71975,-73.98975,entire home/apt,115,2,1,2017-12-30,0.05,1,0
22401901,cozy upper east side studio close to everything,10674042,eric,manhattan,upper east side,40.77641,-73.94616,entire home/apt,89,2,1,2018-02-08,0.06,1,0
22403201,private bedroom roosevelt island,102442325,candice,manhattan,roosevelt island,40.76184,-73.94848,private room,47,1,2,2018-05-25,0.11,1,0
22407389,lovely bright room in washington heights,2924286,patricia,manhattan,washington heights,40.85783,-73.93117,private room,60,3,10,2018-09-05,0.54,1,0
22408527,"spacious, convenient, and affordable!",36356065,mohamad,brooklyn,bay ridge,40.63971,-74.03089,private room,58,1,1,2017-12-25,0.05,1,0
22408670,beautiful brooklyn apartment,10663089,zack,brooklyn,flatbush,40.63578,-73.95684,private room,70,3,5,2018-10-29,0.51,1,0
22410246,"luxury 2 bedroom, 2 bathroom apt with roof & gym",54586794,victoria,manhattan,upper east side,40.76072,-73.96272,entire home/apt,250,2,1,2017-12-31,0.05,1,0
22418899,central park gem,1741413,austin,manhattan,harlem,40.80116,-73.95287,private room,110,1,5,2018-06-28,0.27,1,0
22420902,cozy bedroom east williamsburg,52221728,wassym,brooklyn,williamsburg,40.70514,-73.94418,private room,50,4,2,2018-06-09,0.11,1,0
22421928,large 2 bedroom in trendy lic 5 mins from city.,15387,simon,queens,long island city,40.74804,-73.94172,entire home/apt,175,2,8,2018-10-28,0.56,1,0
22423342,big room in luxury building-10mins to manhattan,85678544,charles,queens,long island city,40.74832,-73.94197,private room,60,1,4,2018-08-19,0.22,1,0
22429595,couch in red hook,55804009,bryan and candace,brooklyn,red hook,40.67981,-74.00446,shared room,30,1,1,2017-12-31,0.05,1,0
22434861,spacious updated pre-war house,5925222,sophia,brooklyn,bushwick,40.69,-73.91885,entire home/apt,65,2,1,2018-01-01,0.05,1,0
22438742,white castle,21878092,sasha,brooklyn,williamsburg,40.7089,-73.95632,entire home/apt,150,2,9,2019-02-24,0.56,1,0
22446079,beautiful private artist's bungalow,3812968,melody,brooklyn,crown heights,40.67542,-73.94799,entire home/apt,60,3,9,2019-02-15,0.51,1,0
22446998,cozy brooklyn room with great vibes,5425440,janae,brooklyn,flatbush,40.64488,-73.96889,private room,48,1,2,2018-01-16,0.11,1,0
22448905,sunny and cozy place with coffee morning,54549189,ivan,brooklyn,crown heights,40.67518,-73.94771,private room,80,3,1,2017-12-28,0.05,1,0
22454710,luxury doorman. great location.,5863772,michael,manhattan,upper west side,40.77077,-73.98481,entire home/apt,225,2,5,2019-01-20,0.27,1,0
22460669,comfy room e williamsburg - 1 min from l -huge apt,55807631,brent,brooklyn,williamsburg,40.70827,-73.94133,private room,40,1,11,2018-04-01,0.6,1,0
22465418,"sunny, fashionable home for spring in soho!",3210260,michael,manhattan,soho,40.72393,-74.00446,entire home/apt,210,5,8,2018-05-28,0.49,1,0
22468075,cozy and spacious one bedroom,24707177,zhanna,manhattan,east harlem,40.79803,-73.93234,entire home/apt,80,4,5,2019-01-14,0.28,1,0
22469509,renovated private 1 bedroom in downtown manhattan,3389563,erica,manhattan,chinatown,40.71659,-73.99222,entire home/apt,96,2,13,2018-05-28,0.73,1,0
22471517,entire apartment in ditmas park/flatbush,89363555,nitika,brooklyn,flatbush,40.64149,-73.96157,entire home/apt,100,1,5,2018-02-27,0.27,1,0
22479784,manhattan club nye room,10685109,allison,manhattan,hell's kitchen,40.76748,-73.98536,private room,200,2,1,2018-01-01,0.05,1,0
22480570,sunny & cozy double bedroom with private entrance,22382224,meryem,brooklyn,windsor terrace,40.66023,-73.9804,private room,85,1,6,2018-04-02,0.33,1,0
22483776,the cool house,55197894,erick,queens,woodside,40.74907,-73.90083,private room,30,5,7,2019-02-12,0.38,1,0
22484057,great room in brooklyn,38359380,becky,brooklyn,kensington,40.64449,-73.97843,private room,45,5,2,2018-07-27,0.17,1,0
22484513,big bright room in east williamsburg,69427350,giovanni,brooklyn,williamsburg,40.71881,-73.93965,private room,70,5,2,2018-10-29,0.23,1,0
22497711,cozy space+36fl.beautiful view+excellent location,101170573,lina,manhattan,hell's kitchen,40.77122,-73.99234,entire home/apt,80,1,1,2018-01-03,0.05,1,0
22514661,spacious apartment near east village and les,28248849,stephen,manhattan,east village,40.72181,-73.98146,entire home/apt,149,3,1,2018-01-15,0.06,1,0
22516244,"prospect park, lefferts garden townhouse",705450,conor,brooklyn,prospect-lefferts gardens,40.66215,-73.95187,entire home/apt,80,3,4,2018-05-18,0.24,1,0
22545036,cozy room close to columbia,12541753,yiou,manhattan,upper west side,40.80034,-73.96127,private room,39,3,1,2018-01-13,0.06,1,0
22545850,bedroom for two in clinton hill,3720764,emmet,brooklyn,bedford-stuyvesant,40.69207,-73.96021,private room,60,5,3,2018-11-25,0.36,1,0
22550289,cozy historical brooklyn heights 1-bedroom #10273,7495768,carmen,brooklyn,brooklyn heights,40.69335,-73.9984,entire home/apt,175,3,8,2019-05-19,0.47,1,0
22550431,luxury williamsburg apt for four,2453755,niamh,brooklyn,williamsburg,40.71179,-73.93872,entire home/apt,175,2,2,2018-05-28,0.15,1,0
22551923,cozy brooklyn apartment w/ private backyard,56730358,kali,brooklyn,bedford-stuyvesant,40.6874,-73.94186,entire home/apt,60,4,5,2018-02-27,0.28,1,0
22568702,luxe north williamsburg double bedroom brooklyn,83284183,dawn anna,brooklyn,williamsburg,40.72143,-73.95702,private room,55,3,1,2018-06-27,0.08,1,0
22584603,private room with amazing views of manhattan.,4719170,amber,brooklyn,greenpoint,40.73477,-73.95541,private room,45,2,6,2019-03-04,0.33,1,0
22584844,lovely bedroom,44904334,dounia,brooklyn,flatbush,40.65466,-73.95933,private room,38,2,1,2018-05-12,0.07,1,0
22586049,charming traditional brooklyn apartment,10057035,caroline,brooklyn,williamsburg,40.71412,-73.93829,entire home/apt,120,2,6,2019-01-01,0.5,1,0
22586703,bright 1 bed apartment in central greenpoint,40543452,don,brooklyn,greenpoint,40.73041,-73.95601,entire home/apt,120,2,2,2018-11-05,0.24,1,0
22588459,large private room in bright bushwick loft,17799362,ashley,brooklyn,williamsburg,40.70635,-73.93658,private room,60,2,1,2018-01-21,0.06,1,0
22589075,"designer 1 bedroom - williamsburg, brooklyn",3805722,liliya,brooklyn,williamsburg,40.71197,-73.95804,entire home/apt,175,4,5,2019-06-16,0.32,1,0
22589500,sun-lit bright apt in central hell's kitchen,18305503,derek,manhattan,hell's kitchen,40.76637,-73.98941,entire home/apt,130,2,3,2018-04-07,0.19,1,0
22602605,2-bedroom apartment at fort greene,15535189,yi,brooklyn,bedford-stuyvesant,40.68788,-73.95741,entire home/apt,95,2,4,2018-05-02,0.26,1,0
22615655,studio sanctuary at the epicenter of a local's nyc,2495580,jayne,manhattan,chelsea,40.73955,-73.99775,entire home/apt,230,4,3,2019-03-25,0.76,1,0
22627376,cozy bedroom in heart of greenpoint,1286786,leslie,brooklyn,greenpoint,40.72949,-73.95802,private room,45,1,1,2018-01-21,0.06,1,0
22627980,love life,3680044,roselie,manhattan,upper west side,40.79787,-73.9688,entire home/apt,99,2,6,2018-04-29,0.33,1,0
22637533,private room,89320309,rishi,brooklyn,fort hamilton,40.61752,-74.03174,private room,30,1,2,2019-01-18,0.13,1,0
22638243,brooklyn apartment - minutes to prospect park,16684717,eric,brooklyn,crown heights,40.67362,-73.9568,private room,50,1,2,2018-02-11,0.12,1,0
22638442,a brief welcome,22445332,adrian,brooklyn,crown heights,40.67157,-73.93434,private room,25,1,1,2018-01-17,0.06,1,0
22653378,"cozy, chic private room -- steps away from metro!",4792728,adrian,bronx,longwood,40.81943,-73.90224,private room,80,2,9,2018-09-30,0.65,1,0
22687481,"be queen for a stay - safe, clean, trendy in bk",42585518,anna,brooklyn,williamsburg,40.71945,-73.94648,entire home/apt,75,4,6,2018-09-23,0.37,1,0
22688059,modern bedstuy apartment,8992812,reginald,brooklyn,bedford-stuyvesant,40.6805,-73.92823,entire home/apt,110,2,10,2019-06-30,0.68,1,0
22690837,"architect's haven-- light, books and plants!",26856426,nicholas,brooklyn,gowanus,40.66824,-73.99272,entire home/apt,189,5,8,2018-06-25,0.52,1,0
22700620,cozy 1br apt in williamsburg with roof & balcony,56120478,anna,brooklyn,williamsburg,40.71805,-73.94925,private room,75,1,9,2018-02-24,0.51,1,0
22701496,"charming and spacious, 2bed in bushwick.",44174916,adelina,brooklyn,bushwick,40.70138,-73.9187,entire home/apt,75,2,6,2018-02-25,0.33,1,0
22701863,beautiful sunny studio apartment,5835731,ramy,brooklyn,bedford-stuyvesant,40.68037,-73.92029,entire home/apt,79,2,5,2018-04-08,0.28,1,0
22706034,vintage east village apartment,20365135,m,manhattan,east village,40.72804,-73.98726,private room,80,2,3,2018-04-09,0.19,1,0
22713055,cozy private room in hamilton heights,54740781,melissa,manhattan,harlem,40.82949,-73.94644,private room,35,3,2,2018-08-13,0.17,1,0
22715517,"bedroom balcony, modern apt, rooftop williamsburg",17766980,lucas,brooklyn,williamsburg,40.70788,-73.9511,private room,65,3,5,2018-05-24,0.31,1,0
22730899,cozy bedroom in the heart of greenpoint,17338440,justyna,brooklyn,greenpoint,40.72904,-73.94885,private room,50,5,1,2018-02-20,0.06,1,0
22735103,sunnyside bedroom,33695224,mehmet,queens,sunnyside,40.74439,-73.91372,private room,60,1,3,2018-05-28,0.17,1,0
22752094,spacious 1st fl-basement duplex 20min to times sq!,33995259,brad,manhattan,upper east side,40.77418,-73.95327,entire home/apt,275,7,10,2018-12-30,0.66,1,0
22753683,"brand new, sunlit apartment next to prospect park",2493425,simone,brooklyn,flatbush,40.65217,-73.95974,private room,47,2,7,2018-03-31,0.4,1,0
22754110,private apartment in chelsea,47844929,ethan,manhattan,chelsea,40.73951,-73.99979,entire home/apt,115,1,4,2018-02-25,0.24,1,0
22763812,spacious sun-filled room in brooklyn,327778,emily,brooklyn,crown heights,40.67508,-73.92269,private room,36,3,8,2018-11-30,0.55,1,0
22775929,charming & bright east village one bedroom,57791424,april,manhattan,east village,40.72406,-73.98275,entire home/apt,180,3,2,2018-07-08,0.15,1,0
22803859,modern 1-bedroom in heart of brooklyn,7431741,chelsea holland,brooklyn,crown heights,40.67336,-73.95383,entire home/apt,110,2,2,2018-03-18,0.12,1,0
22813351,"spacious, bright apartment in an elevator building",1597722,eva,brooklyn,williamsburg,40.70858,-73.94791,entire home/apt,145,7,5,2018-09-13,0.32,1,0
22817544,a tree grows in brooklyn,4035432,lisa,brooklyn,south slope,40.66013,-73.98649,private room,100,2,9,2018-08-03,0.59,1,0
22825784,lower eastside loft,27584983,camille,manhattan,lower east side,40.71263,-73.98106,entire home/apt,250,3,9,2018-06-12,0.53,1,0
22845926,"spacious, manhattan home has a private room!",74410137,jordan,manhattan,harlem,40.80684,-73.94612,private room,46,3,10,2018-12-20,0.57,1,0
22852022,sunny green apt (l&m trains) bklyn/queens border,26808662,lauren,queens,ridgewood,40.69864,-73.90746,private room,44,1,4,2018-12-09,0.34,1,0
22862793,a zen oasis in the east village,102841376,viramo,manhattan,east village,40.72509,-73.98954,private room,139,4,3,2018-07-31,0.17,1,0
22863062,beautiful 2-br apt in the heart of williamsburg,1678861,efrat,brooklyn,greenpoint,40.72016,-73.95462,entire home/apt,275,2,3,2018-09-03,0.22,1,0
22865818,"dream room: gorgegous renovated 1bd, 1 bath",30786898,erin,brooklyn,williamsburg,40.7195,-73.96084,private room,125,3,1,2018-02-01,0.06,1,0
22868847,charming/cozy upper west side studio,12624093,elle,manhattan,upper west side,40.7972,-73.96156,entire home/apt,86,2,3,2018-04-06,0.19,1,0
22879903,private room & bathroom in luxury building at lic,22040625,juanjo,queens,long island city,40.75561,-73.93596,private room,59,2,1,2018-02-07,0.06,1,0
22886125,"heart of williamsburg, sunny & quiet room",15377827,karim,brooklyn,williamsburg,40.71899,-73.95858,private room,45,7,5,2019-01-07,0.29,1,0
22898351,charming historic apartment near all trains,11573876,marissa,manhattan,financial district,40.70764,-74.00077,private room,59,6,3,2018-04-02,0.17,1,0
22907591,large 2-bedroom east village apartment,16682397,mackenzie,manhattan,east village,40.72753,-73.98412,entire home/apt,190,2,5,2018-06-24,0.29,1,0
22926669,williamsburg private room,104623425,shauna,brooklyn,williamsburg,40.70542,-73.9411,private room,60,3,1,2018-02-26,0.06,1,0
22926900,house on a quiet dead-end street in hip ridgewood,2256583,kelli,queens,glendale,40.69507,-73.89599,entire home/apt,195,5,1,2018-06-30,0.08,1,0
22951326,room in a luxury doorman building in midtown,36786792,evelina,manhattan,murray hill,40.74658,-73.97782,private room,70,2,3,2018-01-31,0.17,1,0
22955342,"bright williamsburg room, 1-stop from manhattan",25533198,emma,brooklyn,williamsburg,40.71998,-73.96141,private room,53,4,1,2018-01-29,0.06,1,0
22968206,1br in spacious 2 br in the heart of williamsburg,22748648,hugo,brooklyn,williamsburg,40.71246,-73.96133,private room,90,5,1,2018-02-21,0.06,1,0
22973043,"coolest neighborhood, cutest apartment.",74873565,china,manhattan,two bridges,40.7116,-73.99568,entire home/apt,175,2,8,2019-05-06,0.46,1,0
22983671,cozy midtown studio,20754560,christine,manhattan,murray hill,40.75066,-73.9804,entire home/apt,190,1,5,2018-05-16,0.29,1,0
23001249,bright meatpacking studio,29074867,jasmine,manhattan,chelsea,40.74142,-74.0025,entire home/apt,150,2,4,2018-06-10,0.25,1,0
23002312,park ave apt in the heart of nyc,42677381,anna,manhattan,murray hill,40.74882,-73.97788,entire home/apt,250,3,9,2019-01-03,0.57,1,0
23005685,luxury tribeca,51536620,rafaela,manhattan,tribeca,40.71412,-74.00984,private room,110,3,1,2018-02-28,0.06,1,0
23006397,"spacious, private east village studio",14328715,asya,manhattan,east village,40.72957,-73.98724,entire home/apt,150,2,6,2018-03-04,0.35,1,0
23025738,spacious private room in williamsburg!,14097466,arjun,brooklyn,williamsburg,40.70849,-73.94535,private room,140,3,1,2018-10-02,0.11,1,0
23035911,spacious two bedroom apt near columbia university,4100176,sehee,manhattan,morningside heights,40.80557,-73.96441,entire home/apt,125,5,1,2018-03-14,0.06,1,0
23037039,bedstuy bedstay,25001097,keila,brooklyn,bedford-stuyvesant,40.68209,-73.92015,entire home/apt,50,5,9,2018-12-20,0.52,1,0
23047572,big apartment can make your vacation to be amazing,87399457,elior,brooklyn,crown heights,40.66896,-73.95347,entire home/apt,220,4,4,2019-05-08,0.24,1,0
23058686,sunny south williamsburg studio,4445657,max,brooklyn,williamsburg,40.71218,-73.96711,entire home/apt,75,7,2,2018-04-28,0.13,1,0
23072631,best 2br apartment you will get close to columbia,76428733,thomas,manhattan,morningside heights,40.8045,-73.96383,entire home/apt,150,6,1,2018-03-15,0.06,1,0
23091275,modern studio apartment,49258234,sophie,manhattan,midtown,40.7654,-73.98039,entire home/apt,160,2,3,2018-03-11,0.17,1,0
23094550,1br apartment in the heart of the east village,7269534,declan,manhattan,east village,40.72939,-73.98553,entire home/apt,100,4,5,2018-06-20,0.3,1,0
23122670,bright and spacious one bedroom near prospect park,10918472,penina,brooklyn,prospect heights,40.6752,-73.96385,entire home/apt,75,2,6,2018-07-14,0.37,1,0
23123189,sunny one bedroom in beautiful brownstone,101067646,jennifer,brooklyn,clinton hill,40.68206,-73.95998,entire home/apt,173,2,3,2018-12-29,0.26,1,0
23130144,private bedroom in astoria,11696537,allison,queens,astoria,40.7675,-73.90911,private room,100,1,3,2018-12-30,0.41,1,0
23142952,beautiful room in renovated manhattan apartment,6501039,geraldo,manhattan,washington heights,40.83416,-73.94375,private room,30,5,2,2018-07-07,0.14,1,0
23151066,"charming studio in the heart of ues, manhattan!",5640467,surani,manhattan,upper east side,40.77579,-73.95628,entire home/apt,117,5,1,2018-07-21,0.08,1,0
23158057,chic/industrial 1 bedroom near barclay's center,4023251,emily,brooklyn,gowanus,40.68293,-73.98849,entire home/apt,94,3,5,2018-12-29,0.3,1,0
23160162,large bright loft in williamsburg,71840935,cara,brooklyn,williamsburg,40.70569,-73.95301,private room,55,2,5,2018-09-07,0.3,1,0
23189933,high rise studio,38672377,christian,manhattan,harlem,40.82015,-73.95747,entire home/apt,100,6,5,2018-05-28,0.31,1,0
23190292,gorgeous studio apartment in the heart of manhatan,13900556,iryna,manhattan,upper east side,40.77226,-73.95631,entire home/apt,145,5,5,2019-04-09,0.3,1,0
23214729,"sunny + cozy studio in prospect heights, brooklyn",13133943,anthony,brooklyn,prospect heights,40.67616,-73.96466,entire home/apt,69,3,7,2018-11-04,0.41,1,0
23223028,"luxury apartment, best of brooklyn, mins from mh",7760617,nick,brooklyn,downtown brooklyn,40.69472,-73.98337,entire home/apt,133,3,2,2018-06-13,0.15,1,0
23249573,big new family friendly great location,83141620,martin,brooklyn,sunset park,40.65511,-74.001,entire home/apt,180,7,1,2018-08-12,0.09,1,0
23252588,no place like brooklyn.  no place like red hook,2536555,julian,brooklyn,red hook,40.67914,-74.0063,entire home/apt,125,3,1,2018-12-31,0.16,1,0
23256828,"sunny, spacious brooklyn room 1 block from train!",63943922,maxwell,brooklyn,bushwick,40.68705,-73.91425,private room,35,3,4,2018-07-01,0.24,1,0
23256946,cozy studio by the park,3732261,sidney,brooklyn,prospect-lefferts gardens,40.66179,-73.95879,entire home/apt,75,4,2,2019-01-17,0.12,1,0
23270879,"private floor w/private entrance, bath & rooftop",5516133,frederik,brooklyn,greenpoint,40.72291,-73.94781,private room,100,1,7,2019-01-21,0.46,1,0
23290041,live like a local in east williamsburg studio apt,32226468,melissa,brooklyn,williamsburg,40.70529,-73.93883,entire home/apt,37,4,2,2018-04-25,0.13,1,0
23290179,your own relaxing 1-bedroom in bushwick/bedstuy!,75982141,bingham,brooklyn,bushwick,40.69029,-73.92277,entire home/apt,60,3,8,2019-01-15,0.49,1,0
23294354,spacious and serene in manhattan!  2 beds,6239596,tanya,manhattan,washington heights,40.84664,-73.93977,entire home/apt,145,2,3,2018-05-20,0.2,1,0
23303297,"spacious rooms 10 minutes to lga , 15 min. to city",18554986,kimberly,queens,woodside,40.74371,-73.90877,private room,70,1,2,2018-06-18,0.15,1,0
23311374,the bungalow at bedford avenue (williamsburg),1119739,luke,brooklyn,williamsburg,40.71794,-73.9595,entire home/apt,125,6,11,2019-05-27,0.66,1,0
23312524,light filled cosy room is brooklyn,75748625,kosha,brooklyn,bedford-stuyvesant,40.69028,-73.95195,private room,45,1,2,2018-02-26,0.12,1,0
23320351,"private bdrm in huge apt mins to manhtn,jfk,lga!",70331348,nataly,queens,sunnyside,40.73739,-73.92397,private room,49,1,2,2019-01-01,0.31,1,0
23323530,private room in charming two bedroom apartment,75359775,sophia,manhattan,little italy,40.71848,-73.99756,private room,100,1,8,2018-05-05,0.49,1,0
23327138,"one stop from manhattan, great area, private bd/br",10826173,katya,queens,long island city,40.74825,-73.94095,private room,120,2,3,2018-05-10,0.21,1,0
23353909,room in crown heights,63801339,karina,brooklyn,crown heights,40.66916,-73.9371,private room,32,1,8,2018-03-29,0.48,1,0
23357789,king sized bedroom in soho,43488929,nini,manhattan,greenwich village,40.72774,-74.00161,private room,60,2,2,2018-03-15,0.12,1,0
23373453,"""grandma chic"" brooklyn apartment... williamsburg",23089194,katie,brooklyn,williamsburg,40.71536,-73.94058,private room,69,5,6,2019-01-02,0.51,1,0
23375874,designer's gem on ludlow street,38386349,tia,manhattan,lower east side,40.72257,-73.98884,entire home/apt,117,1,4,2018-03-27,0.24,1,0
23376943,crown heights greenroom,77938412,michael,brooklyn,crown heights,40.67641,-73.95736,private room,45,5,1,2018-02-21,0.06,1,0
23378803,tranquil morningside apartment,51369575,elena,manhattan,morningside heights,40.80405,-73.96375,private room,67,3,7,2018-05-03,0.43,1,0
23379996,all that you need. 1 bedroom in shared apt.,35475017,danielle,manhattan,chinatown,40.71473,-73.99091,private room,62,4,7,2019-01-03,0.43,1,0
23387463,hamilton heights gem,24738447,marianna,manhattan,harlem,40.81862,-73.95565,private room,60,2,5,2018-04-24,0.31,1,0
23389451,cozy bedroom - nearby fort greene park & dumbo,9041817,melissa,brooklyn,fort greene,40.69752,-73.97419,private room,47,1,1,2018-03-16,0.06,1,0
23392375,home away from home in cozy bk apartment,23625464,liz,brooklyn,bushwick,40.68831,-73.91866,private room,30,3,1,2018-07-28,0.09,1,0
23400115,cozy and bright east village apartment!,50297669,chloe,manhattan,east village,40.7265,-73.98878,entire home/apt,110,3,4,2018-04-19,0.25,1,0
23404901,large sun drenched bedroom minutes from manhattan,24715521,sarah,brooklyn,williamsburg,40.71033,-73.94921,private room,85,2,2,2018-03-10,0.12,1,0
23416448,private room with private bathroom in brooklyn,14079322,nada,brooklyn,bedford-stuyvesant,40.69205,-73.94334,private room,80,2,2,2018-12-10,0.17,1,0
23425584,"1 bedroom, entire apartment, in upper manhattan",31825530,keyonna,manhattan,washington heights,40.83229,-73.94339,entire home/apt,66,5,8,2018-12-27,0.48,1,0
23429757,peaceful bushwick apartment,41105459,stephanie,brooklyn,bushwick,40.69029,-73.90623,shared room,29,1,3,2018-04-01,0.18,1,0
23450541,"spacious room in astoria, 15 mins to manhattan",9494593,tammy,queens,astoria,40.76677,-73.9171,private room,75,2,4,2019-03-29,0.29,1,0
23453013,studio near times square,2416454,gen,manhattan,hell's kitchen,40.76,-73.98962,entire home/apt,175,3,4,2018-07-28,0.26,1,0
23464702,private bedroom in large chelsea apartment,3656871,holman,manhattan,chelsea,40.74233,-74.0002,private room,99,3,3,2018-04-23,0.19,1,0
23466034,cozy room available in brooklyn,28316764,zachary,brooklyn,williamsburg,40.71876,-73.94441,private room,52,2,4,2018-03-13,0.24,1,0
23524819,cat on a venue,15919854,benjamin,brooklyn,flatbush,40.65104,-73.96275,private room,42,5,1,2018-04-29,0.07,1,0
23541020,cozy furnished room in heart of crown heights 3br,53597648,bonnie,brooklyn,crown heights,40.67295,-73.95883,private room,40,1,2,2019-01-03,0.22,1,0
23556041,bright and modern apartment in williamsburg!,58114733,antonella,brooklyn,williamsburg,40.70923,-73.95205,entire home/apt,140,6,3,2019-06-07,0.19,1,0
23557996,cozy bushwick room :),16400151,henning,brooklyn,bushwick,40.70199,-73.92035,private room,45,2,10,2018-04-01,0.61,1,0
23560164,**spacious 47th-floor apt** convenient location,38202756,zihan,manhattan,chelsea,40.74968,-73.98951,entire home/apt,186,3,4,2018-04-01,0.24,1,0
23563112,easy street in brooklyn!,23891395,bess,brooklyn,park slope,40.67066,-73.98671,private room,55,2,5,2018-03-31,0.31,1,0
23576132,decent private bedroom in 3 bd apartment.,26953965,jen supang,brooklyn,williamsburg,40.71072,-73.94382,private room,39,7,4,2018-12-19,0.45,1,0
23580147,super cozy private room in artist's apartment,66865625,aiko,brooklyn,bay ridge,40.63164,-74.0292,private room,60,2,12,2018-10-29,0.73,1,0
23606434,"bright spacious 1bd w/ cat, minutes from manhattan",10284187,rich,brooklyn,williamsburg,40.71849,-73.95053,entire home/apt,175,4,2,2018-06-16,0.15,1,0
23607625,16 mins to city - entire 1 bedrm williamsburg apt,4602029,shireen,brooklyn,williamsburg,40.70644,-73.94339,entire home/apt,85,6,7,2018-10-21,0.43,1,0
23610982,brooklyn duplex w manhattan flare,91511951,libertad,brooklyn,prospect heights,40.6802,-73.96504,private room,250,3,3,2018-06-13,0.21,1,0
23612962,modern luxury studio in manhattan,15798930,sunil,manhattan,financial district,40.70438,-74.00856,entire home/apt,115,7,5,2018-07-08,0.32,1,0
23613174,quiet oasis. a nice break from city chaos.,3741154,esther,brooklyn,bushwick,40.68892,-73.90495,private room,55,2,1,2018-03-06,0.06,1,0
23630216,cozy studio apartment in east village,51969502,jenny,manhattan,east village,40.7289,-73.98865,private room,53,3,1,2018-03-16,0.06,1,0
23630582,peaceful apartment near prospect park,26557574,aurora,brooklyn,prospect heights,40.67905,-73.97238,entire home/apt,100,5,1,2018-03-24,0.06,1,0
23630829,"modern, comfortable and clean bushwick apartment",23220666,catherine,brooklyn,bushwick,40.69121,-73.92099,private room,65,2,9,2018-05-28,0.56,1,0
23631575,bright and spacious room two blocks from park!,2515199,marcie,brooklyn,flatbush,40.65232,-73.96208,private room,36,2,11,2018-06-17,0.68,1,0
23643300,brooklyn one-bedroom: steps from prospect park,38672932,meg,brooklyn,prospect-lefferts gardens,40.65609,-73.95781,entire home/apt,70,1,6,2019-05-12,0.39,1,0
23644644,"private, spacious 2br apt",52549310,melissa,queens,ditmars steinway,40.77462,-73.91021,private room,70,2,6,2018-08-05,0.38,1,0
23661749,neat room at great location,24595687,virginia,brooklyn,clinton hill,40.68303,-73.96317,private room,75,7,1,2018-06-27,0.08,1,0
23668381,"luxurious, sunny apartment overlooking park",1590148,tom,brooklyn,williamsburg,40.71813,-73.94931,entire home/apt,250,2,2,2019-01-20,0.31,1,0
23669140,beautiful 1 bd apt in upper west manhattan,43264429,דניאל,manhattan,morningside heights,40.80454,-73.9645,private room,120,1,2,2018-12-24,0.16,1,0
23683504,spacious private bedroom across from fulton center,51429969,nick,manhattan,financial district,40.71049,-74.00869,private room,100,3,3,2018-07-29,0.19,1,0
23700333,private room only 1 min from empire state building,18882408,rina,manhattan,midtown,40.74995,-73.98602,private room,108,3,7,2019-04-28,0.44,1,0
23702555,cozy les 1 bedroom!,10434360,stephen,manhattan,lower east side,40.72003,-73.98588,entire home/apt,92,2,12,2018-11-25,0.74,1,0
23708317,sunny and spacious artist's haven,17125526,elizabeth,queens,astoria,40.76119,-73.92379,private room,100,2,1,2018-08-26,0.09,1,0
23728251,private room in big classic williamsburg art space,9223263,eric,brooklyn,williamsburg,40.71665,-73.96269,private room,45,3,3,2018-04-11,0.19,1,0
23765629,luxury appartement!,17583134,déborah,brooklyn,williamsburg,40.71017,-73.941,entire home/apt,220,3,9,2018-12-29,0.59,1,0
23771352,cosy spacious loft in east williamsburg,25705033,agathe,brooklyn,williamsburg,40.70604,-73.93802,entire home/apt,190,2,1,2018-04-23,0.07,1,0
23772926,"spacious studio, centrally located to all of nyc",20333472,mitchell,manhattan,upper east side,40.76521,-73.96491,entire home/apt,166,2,2,2018-04-20,0.13,1,0
23805007,"large, sunny, private uptown apartment!",4335164,eva,manhattan,washington heights,40.83963,-73.93512,entire home/apt,50,1,12,2018-09-29,0.75,1,0
23810745,sunny room w/ private bath,62127615,sophia,brooklyn,greenpoint,40.72858,-73.95816,private room,48,7,2,2018-04-30,0.14,1,0
23841282,2 br apt in the heart of hell's kitchen - times sq,13873488,jesse,manhattan,hell's kitchen,40.76277,-73.99321,entire home/apt,196,3,7,2018-05-24,0.46,1,0
23849343,apartment in midtown east,90534522,lisa,manhattan,murray hill,40.74792,-73.97979,entire home/apt,240,3,6,2019-05-26,0.4,1,0
23852841,sun-filled room in a lovely house,9574706,luis,brooklyn,carroll gardens,40.67873,-73.99564,private room,45,5,2,2018-10-03,0.14,1,0
23856708,artist friendly: entire apt near prospect park,27703207,joey,brooklyn,prospect-lefferts gardens,40.65844,-73.94832,entire home/apt,45,5,3,2018-07-30,0.19,1,0
23857159,1br available in luxury building park slope,14476858,kola,brooklyn,sunset park,40.66307,-73.99482,private room,106,2,1,2018-03-19,0.06,1,0
23869761,cozy bedroom with queen size bed,29326392,ben,brooklyn,bushwick,40.69941,-73.93633,private room,31,2,1,2018-03-27,0.06,1,0
23871290,"bright, massive live/work space in park slope",3563802,katy,brooklyn,park slope,40.66799,-73.98162,private room,55,2,2,2019-04-14,0.13,1,0
23873057,sunny and spacious east williamsburg room,13754273,erin,brooklyn,williamsburg,40.71999,-73.9417,private room,60,2,6,2018-07-31,0.45,1,0
23882152,private apartment in basement of private home,2375125,nicole,brooklyn,east flatbush,40.63297,-73.93781,private room,40,2,1,2018-05-20,0.07,1,0
23882240,large studio in south williamsburg,10132406,michael,brooklyn,williamsburg,40.71015,-73.96591,entire home/apt,150,3,2,2018-08-27,0.14,1,0
23894403,chic bohemian 1 br in the heart of west village,15356183,daniel,manhattan,west village,40.73417,-74.00604,entire home/apt,250,2,5,2019-05-27,0.63,1,0
23895775,bright + spacious apartment 3 blocks from the l,29099312,erin,brooklyn,bushwick,40.69653,-73.9125,private room,60,1,3,2018-07-30,0.22,1,0
23900919,welcoming and beautiful bedroom in brooklyn.,20134221,jon,brooklyn,flatbush,40.6478,-73.96831,private room,40,3,10,2019-05-30,0.63,1,0
23905542,lush brownstone apartment in park slope,1630247,ben,brooklyn,park slope,40.6785,-73.98209,entire home/apt,95,2,9,2018-09-09,0.58,1,0
23916900,cozy apartment - try nyc living!,83967077,renata,queens,long island city,40.75955,-73.93293,entire home/apt,231,3,4,2018-06-03,0.27,1,0
23918528,serene central park getaway,20585393,allison,manhattan,upper west side,40.80091,-73.95912,private room,64,1,4,2018-05-28,0.26,1,0
23918586,"clean private room, 10 min from 2 subway lines.",22710535,ben,brooklyn,bedford-stuyvesant,40.68659,-73.92949,private room,150,1,1,2018-03-25,0.06,1,0
23919507,large sunny bedroom in 2 bedroom apt. near train,39531110,josseline,brooklyn,gravesend,40.60663,-73.9821,private room,29,2,1,2018-06-11,0.08,1,0
23937773,sunny artist bedroom in bedstuy,5628508,jessica,brooklyn,bedford-stuyvesant,40.68977,-73.93773,private room,45,2,7,2018-07-23,0.46,1,0
23943945,modern brooklyn luxury 1 bedroom,97964040,kristen,brooklyn,boerum hill,40.68417,-73.98215,entire home/apt,150,1,3,2018-05-10,0.2,1,0
23960224,cozy room in friendly bed-stuy apartment,17631089,katharina,brooklyn,bedford-stuyvesant,40.68437,-73.93518,private room,45,6,2,2018-10-15,0.15,1,0
23979192,"huge, bright 1 bed w/ priv yard in crown heights!",15538912,michelle,brooklyn,crown heights,40.67395,-73.94874,entire home/apt,77,3,3,2018-09-23,0.2,1,0
23979650,charming bedroom in luxury highrise w/ gym & sauna,50698186,tsilala,manhattan,financial district,40.70851,-74.0137,private room,80,2,4,2019-01-02,0.27,1,0
23990013,brookyln brownstone pied de terre,39865251,alexandra,brooklyn,clinton hill,40.68235,-73.96384,entire home/apt,225,2,1,2018-04-22,0.07,1,0
23990128,"long island city, shared 2 bedroom apartment",82834850,ben,queens,long island city,40.7546,-73.93643,private room,48,6,2,2018-05-02,0.13,1,0
23992731,"cozy studio in trendy bushwick, brooklyn",68350188,laurin,brooklyn,bushwick,40.70252,-73.91943,entire home/apt,99,4,10,2019-05-10,0.72,1,0
23992829,"room in nice apartment, astoria. great area!",20855056,jonathan,queens,ditmars steinway,40.77694,-73.90846,private room,35,4,5,2018-04-25,0.32,1,0
24019698,midtown east furnished studio apartment,100965471,melissa,manhattan,midtown,40.75247,-73.9695,entire home/apt,119,2,3,2018-04-26,0.2,1,0
24034853,spacious bedroom in prime brooklyn location,18168381,jessica,brooklyn,bedford-stuyvesant,40.69286,-73.93235,private room,45,3,7,2019-06-22,0.46,1,0
24036655,charming 1 bedroom apt at bayridge,49219601,alex,brooklyn,fort hamilton,40.62225,-74.03444,entire home/apt,70,1,2,2018-09-16,0.19,1,0
24044352,"cozy, quiet and spacious apt in astoria",5044922,riomar,queens,astoria,40.7637,-73.9268,entire home/apt,99,7,3,2019-01-04,0.27,1,0
24062588,upper west side nyc studio apartment,17132917,amelia,manhattan,upper west side,40.79719,-73.97097,entire home/apt,80,3,1,2018-05-04,0.07,1,0
24065918,one bedroom in brooklyn heights,35996743,scott,brooklyn,boerum hill,40.68958,-73.99141,entire home/apt,118,2,3,2018-11-12,0.21,1,0
24083340,your dream 1 bed apartment in the heart of soho,13460416,jeremie,manhattan,little italy,40.7193,-73.99782,entire home/apt,140,2,6,2019-07-02,0.41,1,0
24083746,cozy private room available from january 1st,32434287,david,manhattan,harlem,40.81787,-73.94286,private room,65,3,1,2018-05-08,0.07,1,0
24086178,2 bedroom astoria beautiful,6523823,louis,queens,ditmars steinway,40.77516,-73.91792,entire home/apt,103,5,1,2018-04-22,0.07,1,0
24116050,amazing room in super warm apt in prime bushwick !,14573346,nimo,brooklyn,bushwick,40.70575,-73.92075,private room,39,7,1,2019-04-27,0.41,1,0
24117765,spacious sanctuary in the heart of brooklyn,10642957,catherine,brooklyn,bedford-stuyvesant,40.68056,-73.94685,entire home/apt,130,3,2,2018-06-06,0.15,1,0
24130728,luxury apartment with amazing views!,11542546,matthew,manhattan,hell's kitchen,40.76125,-73.99859,entire home/apt,275,4,2,2018-06-08,0.13,1,0
24131817,modern & spacious 1br east village apartment,91332497,nikki,manhattan,soho,40.72256,-74.00018,private room,130,2,3,2019-01-21,0.48,1,0
24131843,"snug, sun flooded room in the upper west side",14742776,daniyal,manhattan,morningside heights,40.80466,-73.96529,private room,55,4,3,2018-04-13,0.2,1,0
24137279,prime dumbo location for a great price!,7199637,rafael,brooklyn,vinegar hill,40.70045,-73.98468,private room,46,3,4,2018-05-02,0.26,1,0
24137890,shabby chic ues,67785571,ellie,manhattan,upper east side,40.7682,-73.95323,entire home/apt,140,1,3,2018-07-08,0.2,1,0
24140556,elegant shabby chic upper east side studio,36818639,valerie,manhattan,upper east side,40.77023,-73.95212,entire home/apt,100,2,6,2018-04-26,0.39,1,0
24155415,light filled room in bedstuy!,26315450,sacha,brooklyn,bedford-stuyvesant,40.67941,-73.908,private room,56,2,8,2018-12-18,0.67,1,0
24156857,beautifully designed 2bd brooklyn apt +great views,3156480,margaret,brooklyn,boerum hill,40.68669,-73.98498,entire home/apt,172,5,4,2019-01-03,0.27,1,0
24161365,das bushwick haus,2497606,john,brooklyn,bushwick,40.68261,-73.90714,private room,45,6,1,2018-06-16,0.08,1,0
24172522,room with a view,72923342,farah,manhattan,upper west side,40.77101,-73.98481,entire home/apt,110,1,7,2018-04-28,0.46,1,0
24175236,private room in clinton hill,13929249,grainne,brooklyn,bedford-stuyvesant,40.69181,-73.95453,private room,72,1,2,2018-05-20,0.14,1,0
24183293,queen twin & futon ridgewood/bushwick w view & gym,48182426,emilio,queens,ridgewood,40.70077,-73.90793,private room,58,1,3,2018-04-15,0.2,1,0
24199400,washington heights,70162513,anaiya,manhattan,washington heights,40.83701,-73.94256,private room,52,1,3,2018-04-29,0.2,1,0
24203813,huge modern high end 3br apt prime location,51510730,lidor,brooklyn,fort greene,40.68884,-73.97738,entire home/apt,195,1,6,2018-11-23,0.49,1,0
24204341,sunny brooklyn home away from home,4127752,angela,brooklyn,bedford-stuyvesant,40.67951,-73.94426,private room,55,4,5,2019-01-18,0.35,1,0
24226102,class on wall street,34358062,rachel,manhattan,financial district,40.70399,-74.00827,private room,104,2,1,2018-04-07,0.07,1,0
24226955,spectacular 1-bedroom modern apartment in flatiron,7461066,santiago,manhattan,midtown,40.74383,-73.98387,entire home/apt,200,7,1,2019-01-02,0.16,1,0
24231655,humble abode in the bronx,37417547,raquel,bronx,mount eden,40.84197,-73.91292,private room,25,2,2,2018-05-19,0.14,1,0
24239222,little nook in astoria,74874485,ana,queens,ditmars steinway,40.77305,-73.9082,entire home/apt,70,3,2,2018-04-12,0.13,1,0
24243862,beautiful greenwich village loft apartment,5002183,kyra,manhattan,greenwich village,40.72705,-73.99904,entire home/apt,148,2,3,2018-07-18,0.24,1,0
24248735,hidden gem in heart of chinatown,24604504,jess,manhattan,chinatown,40.71394,-73.99843,private room,77,7,1,2018-04-29,0.07,1,0
24248741,minimal williamsburg space,2796906,austin,brooklyn,williamsburg,40.70833,-73.94898,private room,46,1,3,2018-04-13,0.2,1,0
24267383,room with private bathroom in renovated 2br2ba,13078961,marian,brooklyn,bedford-stuyvesant,40.69201,-73.94104,private room,60,3,1,2018-05-31,0.07,1,0
24279933,[priv rooftop] sunny-spacious priv bath bedroom,36632628,camilo,brooklyn,bedford-stuyvesant,40.68102,-73.93686,private room,45,4,6,2018-11-26,0.41,1,0
24281831,bright and modern new york apartment,38085094,preeya,manhattan,chelsea,40.75087,-73.9953,entire home/apt,250,2,3,2018-06-24,0.21,1,0
24283531,quiet railroad style apartment,11150363,lanee,queens,ridgewood,40.70642,-73.90554,entire home/apt,90,5,2,2018-05-20,0.14,1,0
24284162,"books, music and clinton hill",80793056,hazel,brooklyn,clinton hill,40.69289,-73.96865,private room,62,2,2,2018-05-07,0.14,1,0
24284701,heart williamsburg - private terrrace and bathroom,101457588,louis,brooklyn,williamsburg,40.70705,-73.94976,private room,70,5,1,2018-06-03,0.07,1,0
24286851,"sunny west village 1br: amazing location, spacious",54042,vicki,manhattan,west village,40.72969,-74.00697,entire home/apt,200,2,10,2019-06-21,0.68,1,0
24299542,prime luxury apartment,25093840,abinav,manhattan,murray hill,40.74766,-73.97601,private room,130,1,3,2018-05-30,0.21,1,0
24302356,sweet getaway in the hidden gem w/ backyard/patio,33067672,ivy,brooklyn,sunset park,40.65247,-74.00994,entire home/apt,120,2,1,2018-06-04,0.08,1,0
24312400,private room in cozy sunnyside apartment,22716889,paige,queens,sunnyside,40.73937,-73.91566,private room,46,1,9,2018-11-01,0.59,1,0
24324489,stop! rooftop terrace in the east village!,73885,jermaine,manhattan,east village,40.72328,-73.9843,private room,80,3,2,2018-05-18,0.14,1,0
24327546,cozy & warm private studio apartment in astoria,80885460,amy,queens,ditmars steinway,40.77467,-73.9094,entire home/apt,100,2,6,2019-06-16,0.42,1,0
24356861,cozy & beautiful 1bdrm in upper nyc,6517654,erin,manhattan,washington heights,40.8385,-73.94288,entire home/apt,125,3,6,2019-05-29,0.42,1,0
24357412,cozy 1bdr in the heart of upper east side,10711933,nodar,manhattan,upper east side,40.77021,-73.95173,entire home/apt,170,3,3,2019-05-24,0.21,1,0
24358122,brooklyn apartment living room for rent,30075148,yating,brooklyn,williamsburg,40.70695,-73.94524,private room,50,7,1,2018-04-27,0.07,1,0
24370692,bright room in artist's loft,8973065,rachel,brooklyn,williamsburg,40.70343,-73.93412,private room,45,5,5,2018-11-26,0.35,1,0
24374487,lex place,33587458,liron,brooklyn,bedford-stuyvesant,40.69138,-73.92617,entire home/apt,123,3,6,2019-06-24,0.53,1,0
24376295,studio apartment in bed stuy!,25741946,ellie,brooklyn,bedford-stuyvesant,40.68073,-73.92804,entire home/apt,110,1,2,2018-12-31,0.19,1,0
24377683,sunny bedroom at union square,21410546,hong ngoc,manhattan,chelsea,40.737,-73.99407,private room,85,2,4,2018-06-10,0.27,1,0
24378806,cozy brooklyn witchy apartment (pet friendly),27923193,elisabeth,brooklyn,crown heights,40.67085,-73.92316,private room,47,1,9,2018-11-03,0.61,1,0
24387380,spacious private room close to lots of cool spots,30523475,michael daae,brooklyn,williamsburg,40.71008,-73.96175,private room,70,5,3,2018-05-07,0.2,1,0
24392856,sunny crown heights studio,55924743,hannah,brooklyn,crown heights,40.67673,-73.9447,entire home/apt,150,2,3,2018-05-28,0.2,1,0
24395331,"comfortable king bedroom, office, and kids' room",6059987,andrew,brooklyn,crown heights,40.67718,-73.95566,private room,95,1,2,2018-07-20,0.17,1,0
24426350,central harlem modern oasis,16908803,brittany,manhattan,harlem,40.81448,-73.93714,entire home/apt,130,6,2,2018-06-19,0.14,1,0
24431205,"a cozy private room, close to columbia!",20267412,minami,manhattan,morningside heights,40.80868,-73.95801,private room,55,4,2,2018-08-17,0.16,1,0
24448560,room in hamilton heights apr 20-may 20 (flexible),76409499,kelly,manhattan,harlem,40.82502,-73.95155,private room,45,7,1,2018-05-23,0.07,1,0
24452770,cozy brooklyn studio with lots of light,212420,armine,brooklyn,boerum hill,40.68944,-73.98904,entire home/apt,125,3,3,2019-01-02,0.21,1,0
24474325,25 min to midtown  manhattan with 7 train.,66808561,serdar,queens,woodside,40.74579,-73.8997,private room,60,2,6,2019-06-02,0.43,1,0
24518005,brooklyn beautiful private room!!,4576234,nami,brooklyn,crown heights,40.67535,-73.94992,private room,65,2,1,2018-12-31,0.16,1,0
24522061,private space in luxury apartment with river view,63189852,marshall,manhattan,roosevelt island,40.76811,-73.94483,private room,50,7,3,2018-08-04,0.23,1,0
24532484,"1 bedroom, blocks from central park and subways.",14405060,corinne,manhattan,upper east side,40.77359,-73.95143,entire home/apt,117,3,7,2018-08-15,0.5,1,0
24558117,modern & funky brooklyn nook,894712,allison,brooklyn,crown heights,40.67868,-73.95541,entire home/apt,119,2,2,2018-08-05,0.15,1,0
24561063,charming bushwick studio,1508253,matt,brooklyn,bushwick,40.69403,-73.92673,entire home/apt,86,4,4,2018-07-29,0.3,1,0
24576230,cozy 1br in historic harlem,24046704,hunter,manhattan,harlem,40.816,-73.94127,entire home/apt,100,3,3,2018-10-14,0.23,1,0
24596296,cozy bed-stuy getaway!,20633674,karli,brooklyn,bedford-stuyvesant,40.69199,-73.94426,private room,46,3,6,2019-03-16,0.72,1,0
24608922,skyscraper view - loving it!,84862540,christelle,manhattan,financial district,40.7069,-74.01388,private room,95,2,6,2018-08-26,0.41,1,0
24626439,private room in spacious tribeca loft,5922211,karan,manhattan,tribeca,40.71554,-74.00645,private room,120,2,2,2018-05-29,0.14,1,0
24627684,quaint nyc studio- tree lined st.- great location!,47895481,omar,manhattan,midtown,40.7446,-73.98399,entire home/apt,175,1,2,2018-07-02,0.16,1,0
24630272,private room in huge tribeca loft,23971160,josh,manhattan,civic center,40.71313,-74.00681,private room,90,2,3,2018-06-01,0.21,1,0
24652644,comfy cozy - 12 minutes from manhattan,31789510,raisa,queens,woodside,40.74667,-73.90202,entire home/apt,100,3,8,2019-01-01,0.55,1,0
24677845,"sunny brooklyn room in new apt, 4 min to subway!",70237937,flora,brooklyn,bedford-stuyvesant,40.68133,-73.95433,private room,80,6,1,2018-05-28,0.07,1,0
24698043,your best ny location,14710145,sabrina,manhattan,east village,40.7232,-73.98758,private room,150,2,3,2018-05-28,0.21,1,0
24699823,a spacious 1 bdrm park apartment to yourself,4607848,nathan,manhattan,inwood,40.8622,-73.93039,entire home/apt,71,6,2,2018-05-30,0.14,1,0
24700984,contemporary home in the heart of bed-stuy,52575889,elissa,brooklyn,bedford-stuyvesant,40.68957,-73.94445,entire home/apt,115,3,9,2019-01-30,0.63,1,0
24714264,trendy stylish chic loft in greenpoint!,46594096,michael,brooklyn,greenpoint,40.72672,-73.94054,shared room,125,3,4,2018-07-05,0.28,1,0
24715821,cozy and clean private room in  east williamsburg,20994908,gabriel,brooklyn,williamsburg,40.70666,-73.94379,private room,60,4,4,2019-03-16,0.29,1,0
24715838,beautiful modern and cosy 1br in chelsea,5861197,benoit,manhattan,chelsea,40.75254,-73.99471,entire home/apt,190,3,2,2018-09-22,0.15,1,0
24715968,clean comfy couch -2 blocks from train station,6606533,briane,brooklyn,east flatbush,40.63654,-73.94862,shared room,60,1,1,2018-09-02,0.1,1,0
24718788,studio with a view,11966882,svetlana,manhattan,kips bay,40.73807,-73.98091,entire home/apt,119,4,2,2018-09-30,0.15,1,0
24728012,beautiful apartment,77534743,fabiola,brooklyn,bedford-stuyvesant,40.68622,-73.9395,private room,42,2,4,2018-06-19,0.28,1,0
24733038,hamilton heights home,55325859,stephanie,manhattan,harlem,40.8241,-73.94522,entire home/apt,120,1,4,2018-12-31,0.31,1,0
24735077,studio of your own with a yard - pet friendly!,87328,danielle,brooklyn,park slope,40.67917,-73.97951,entire home/apt,120,5,1,2018-05-15,0.07,1,0
24735773,sunny room in cozy bushwick apartment,66754355,phoebe,brooklyn,bushwick,40.70792,-73.91986,private room,45,3,1,2018-05-13,0.07,1,0
24746840,cozy gem in bushwick/bed-stuy,63671528,patricia,brooklyn,bedford-stuyvesant,40.69475,-73.93586,private room,40,7,1,2018-05-27,0.07,1,0
24748187,"modern, private room in heart of east village",7656338,conor,manhattan,east village,40.72191,-73.98124,private room,80,2,9,2018-09-17,0.66,1,0
24755230,west village walk-up.,22824452,jacqueline,manhattan,west village,40.73272,-74.00623,entire home/apt,165,5,4,2019-03-20,0.3,1,0
24756445,spacious one bedroom in the heart of brooklyn,4426154,haley,brooklyn,prospect-lefferts gardens,40.65854,-73.962,entire home/apt,75,2,2,2018-08-05,0.15,1,0
24757844,sunlit room with kitchen near manhattan and lga,39074591,shoshana,queens,woodside,40.74699,-73.90844,private room,46,1,2,2019-06-19,0.15,1,0
24758343,large 1 bedroom upper east apartment,25146744,dana,manhattan,upper east side,40.77181,-73.95097,entire home/apt,199,5,1,2018-08-05,0.09,1,0
24777719,cosy room in bushwick collective near jmz trains,27163168,hanna,brooklyn,bushwick,40.69639,-73.93246,private room,50,3,1,2018-05-08,0.07,1,0
24799677,1 bedroom available in a four bedroom house,25109819,stefanos,queens,astoria,40.75989,-73.91571,private room,40,1,5,2018-05-30,0.35,1,0
24810452,williamsburg gem in bk! queen br in luxury apt,1799439,sean,brooklyn,williamsburg,40.71543,-73.94278,private room,99,2,7,2018-09-18,0.54,1,0
24834823,"sunny, spacious upper west side studio",15220605,tommy and sarah,manhattan,upper west side,40.80389,-73.96859,entire home/apt,100,3,1,2018-06-18,0.08,1,0
24853655,luxury 1br close to columbus circle/central park,102351927,jon,manhattan,hell's kitchen,40.76482,-73.98674,entire home/apt,224,7,10,2019-07-06,0.74,1,0
24855248,"1st fl studio on upper east, close to central park",37421312,nikki,manhattan,upper east side,40.77096,-73.95334,entire home/apt,125,7,3,2018-05-31,0.21,1,0
24863288,cozy 1-bedroom apartment in harlem,29026712,haydenn,manhattan,harlem,40.81717,-73.93918,entire home/apt,70,2,2,2018-06-04,0.15,1,0
24867995,暑假短租,78823148,adelle,manhattan,kips bay,40.74235,-73.97971,private room,150,5,1,2018-05-18,0.07,1,0
24871779,lovely lincoln center studio,3033697,navid,manhattan,upper west side,40.78054,-73.984,entire home/apt,137,6,5,2019-05-21,0.37,1,0
24892670,harlem vibes,58964906,louis,manhattan,harlem,40.82331,-73.94403,private room,50,5,1,2018-05-07,0.07,1,0
24911227,1-bed apt on east river - 1 stop from manhattan!,17005953,cassondra,queens,long island city,40.74462,-73.94913,entire home/apt,110,1,3,2018-07-03,0.23,1,0
24912783,brooklyn park slope oasis,7065881,zina,brooklyn,park slope,40.67691,-73.98163,entire home/apt,139,4,3,2019-05-27,0.24,1,0
24916951,amazing bedroom in fantastic apartment in brooklyn,8629268,juan,brooklyn,bedford-stuyvesant,40.68037,-73.93821,private room,44,3,4,2018-07-29,0.28,1,0
24922519,beautiful brownstone garden apt. w/outdoor,25347213,hili,brooklyn,bedford-stuyvesant,40.68432,-73.9515,entire home/apt,110,2,3,2018-06-23,0.23,1,0
24940507,"massive, sunny williamsburg apartment w/ backyard",10777921,johnny & hala,brooklyn,williamsburg,40.71269,-73.94772,entire home/apt,129,2,8,2019-06-14,0.57,1,0
24942474,"ideal brooklyn room, spacious apartment w/garden",45376603,carolyn,brooklyn,bushwick,40.69495,-73.92075,private room,41,2,9,2018-09-20,0.64,1,0
24946871,"beautiful, spacious & well-lit 1br (astoria, qns)",6636303,alexander,queens,astoria,40.7596,-73.92368,entire home/apt,125,3,3,2019-06-25,0.26,1,0
24961004,brand new studio in the east village with roofdeck,1562990,natalie,manhattan,east village,40.72249,-73.982,entire home/apt,175,7,4,2019-01-03,0.38,1,0
24963166,huge room in the middle of bushwick,94860592,kayleigh,brooklyn,bushwick,40.69992,-73.92235,private room,62,2,5,2018-09-23,0.36,1,0
24968602,brooklyn room in the perfect location.,7894144,anthony,brooklyn,williamsburg,40.71486,-73.95705,private room,75,2,8,2018-06-25,0.58,1,0
24970373,studio apartment; close to tourist attractions,58391499,sia,manhattan,civic center,40.71175,-74.00763,entire home/apt,200,2,4,2018-12-31,0.45,1,0
24978091,"cozy, newly furnished apartment in the heart of ny",14759219,alexandra,manhattan,murray hill,40.74793,-73.97958,entire home/apt,120,5,2,2018-06-04,0.15,1,0
24978251,cozy private room in luxury apartment,3673226,linda,manhattan,east harlem,40.78723,-73.94949,private room,90,3,5,2019-03-25,0.37,1,0
24992558,entire spacious brownstone apartment (unfurnished),12633660,benjamin,brooklyn,carroll gardens,40.67899,-74.00089,entire home/apt,50,3,5,2019-05-31,0.63,1,0
24993713,"stylish, clean & quiet 1 bdr apt in manhattan",27793336,helen maria,manhattan,east harlem,40.78877,-73.94647,private room,170,2,5,2018-09-24,0.5,1,0
25013656,stylish downtown apt. (between nolita + les.),4552628,umber,manhattan,chinatown,40.71329,-73.99602,entire home/apt,162,2,4,2018-06-24,0.28,1,0
25026993,single room in clinton hill brownstone,64426364,micaela,brooklyn,bedford-stuyvesant,40.68593,-73.95702,private room,48,7,6,2019-06-23,0.45,1,0
25031182,comfy bedroom in heart of lower east side,2830216,drew,manhattan,lower east side,40.71937,-73.99202,private room,65,7,9,2018-11-17,0.71,1,0
25031344,"cozy studio in east village, close to everything",28660089,john,manhattan,east village,40.72547,-73.98401,entire home/apt,170,2,7,2019-05-12,0.52,1,0
25031793,east village penthouse,1273920,tashi,manhattan,east village,40.72606,-73.97913,entire home/apt,175,3,2,2018-10-07,0.15,1,0
25048895,spacious beautiful bed stuy duplex with garden,8901437,jerome,brooklyn,bedford-stuyvesant,40.68441,-73.9401,entire home/apt,99,4,3,2019-01-23,0.23,1,0
25057086,beautiful 1-bedroom apartment in the west village,19430913,isabell,manhattan,west village,40.73058,-74.0021,entire home/apt,200,3,6,2018-11-27,0.45,1,0
25069823,riverside drive condo with a view,69866875,georgina,manhattan,harlem,40.83298,-73.948,private room,100,7,1,2018-05-15,0.07,1,0
25074008,bdrm 5 mins from train w/ big backyard + laundry,80465615,kenya,brooklyn,crown heights,40.67208,-73.94071,private room,52,1,2,2018-08-07,0.16,1,0
25075209,bright new apt in heart of williamsburg!,31906423,mike,brooklyn,williamsburg,40.71869,-73.95487,entire home/apt,129,2,5,2018-07-29,0.36,1,0
25085133,the dreamed aparment- world trade center area,704043,claudia,manhattan,financial district,40.70907,-74.01371,private room,89,3,5,2018-09-11,0.38,1,0
25098701,spacious studio in financial district,20797353,alexandria,manhattan,financial district,40.70791,-74.00529,entire home/apt,130,3,2,2018-07-22,0.17,1,0
25110602,oak st. gem.,3938536,jessica,brooklyn,greenpoint,40.72717,-73.95688,private room,100,4,1,2018-06-05,0.08,1,0
25132414,bedstuyvesant apartment,81087558,eric,brooklyn,bedford-stuyvesant,40.68423,-73.94125,entire home/apt,75,3,3,2018-11-05,0.22,1,0
25132598,"cozy, bright morningside apartment!",18691064,brendan,manhattan,upper west side,40.80343,-73.96796,private room,120,4,2,2018-06-09,0.15,1,0
25132635,"modern, bright 1 br brooklyn apt - great location!",2300343,dafna,brooklyn,bedford-stuyvesant,40.68686,-73.95426,entire home/apt,80,2,8,2019-02-28,0.73,1,0
25135607,"quiet, sunny greenpoint apartment perfect for 4",31612339,julia,brooklyn,greenpoint,40.73675,-73.95443,entire home/apt,150,5,6,2018-08-29,0.49,1,0
25155302,spacious flatbush studio,46200692,kathryn,brooklyn,east flatbush,40.65467,-73.94967,entire home/apt,50,2,8,2018-11-11,0.61,1,0
25156498,charming loft apartment with great light!,54469570,trina,manhattan,chelsea,40.749,-73.99466,private room,75,2,2,2018-06-05,0.15,1,0
25161052,~ brooklyn haven of magic ~,3593395,aviva,brooklyn,bedford-stuyvesant,40.68813,-73.94045,private room,47,2,4,2019-01-01,0.31,1,0
25168678,cozy room near lincoln center,22029264,yangbing,manhattan,upper west side,40.77419,-73.9872,private room,86,2,1,2018-06-15,0.08,1,0
25184077,charming apartment in the heart of east village,14654770,mariaval,manhattan,east village,40.72759,-73.98047,private room,97,3,6,2018-07-15,0.44,1,0
25187314,large 1 bedroom 2 blocks from central park,65633521,adam,manhattan,harlem,40.80142,-73.9575,entire home/apt,100,2,9,2019-02-20,0.66,1,0
25193004,spacious room with a hammock near prospect park,6387541,julia,brooklyn,flatbush,40.6509,-73.96266,private room,95,1,9,2019-06-03,0.73,1,0
25205932,weekend astoria charmer,52532097,maegan,queens,long island city,40.75533,-73.91936,shared room,45,1,5,2018-06-24,0.37,1,0
25206790,heart of bay ridge brooklyn,41762539,maria,brooklyn,fort hamilton,40.62139,-74.0319,entire home/apt,125,1,1,2018-07-26,0.09,1,0
25209144,modern apartment in hamilton heights,79168536,james,manhattan,harlem,40.825,-73.95181,private room,90,3,2,2018-08-06,0.16,1,0
25211991,brooklyn take me in,4052765,alex,brooklyn,bushwick,40.69394,-73.92972,private room,46,3,1,2018-06-08,0.08,1,0
25222993,[entire apt] large designer 1 bd apt in manhattan,9414337,garvey,manhattan,harlem,40.81759,-73.94385,entire home/apt,150,5,1,2018-07-05,0.08,1,0
25231699,lovely room in bushwick 2 bd with a huge backyard,9430106,cortney,brooklyn,bushwick,40.70238,-73.92886,private room,70,7,1,2018-06-30,0.08,1,0
25232501,modern luxury apartment 15 mins to central park!,7228086,john,queens,long island city,40.75178,-73.93973,entire home/apt,200,2,4,2018-10-25,0.33,1,0
25248774,charming east village bedroom,7425016,di,manhattan,east village,40.72967,-73.98668,private room,74,2,2,2018-07-22,0.15,1,0
25263845,private room with a majestic view,22825646,dmitriy,manhattan,washington heights,40.84959,-73.93911,private room,75,2,4,2018-09-23,0.34,1,0
25280641,charming 1br apartment in the heart of the village,10240682,tiffany,manhattan,greenwich village,40.72938,-74.00027,entire home/apt,197,3,6,2019-06-16,0.48,1,0
25287087,room in beautiful light- & plant-filled apartment,5043049,hilary,brooklyn,bedford-stuyvesant,40.69217,-73.95823,private room,80,1,1,2018-06-17,0.08,1,0
25289487,sunny nice studio,10659899,marija,brooklyn,crown heights,40.67128,-73.93664,entire home/apt,60,7,2,2018-08-29,0.18,1,0
25289848,nice 2 bedrooms apartment in bed-stuy,785940,adriana,brooklyn,bedford-stuyvesant,40.68408,-73.95659,entire home/apt,150,1,4,2019-02-17,0.3,1,0
25290749,studio-central location 5 min walk to times square,17988586,jeffree,manhattan,hell's kitchen,40.76235,-73.98759,entire home/apt,175,4,7,2019-03-24,0.52,1,0
25292558,sunny and zen room in chelsea,15668272,pedro,manhattan,chelsea,40.74194,-73.99914,private room,100,2,1,2018-06-25,0.08,1,0
25293994,upper east side one bedroom in elevator building,44539148,kaitlyn,manhattan,upper east side,40.76931,-73.95336,entire home/apt,140,3,6,2018-09-18,0.51,1,0
25312773,sunny 1 bed apartment - south williamsburg,14993592,katie,brooklyn,williamsburg,40.70691,-73.95104,entire home/apt,95,4,3,2019-03-17,0.24,1,0
25314051,large boerum hill 2 bedroom,20520488,laura,brooklyn,gowanus,40.68075,-73.98181,entire home/apt,240,3,4,2018-10-21,0.31,1,0
25336605,luxury apartment july 4th wkend -fireworks view,69825290,colin,queens,long island city,40.75332,-73.94159,entire home/apt,150,1,1,2019-01-02,0.16,1,0
25428063,1br apartment on prettiest block in west village!,3623796,richard,manhattan,west village,40.73788,-74.00183,entire home/apt,170,3,2,2018-10-28,0.16,1,0
25469769,fort greene sanctuary,6436957,dylan,brooklyn,clinton hill,40.69127,-73.96873,entire home/apt,125,4,1,2018-07-26,0.09,1,0
25484150,spacious bedroom in east willyb!,16121141,afshan,brooklyn,williamsburg,40.71074,-73.9443,private room,80,2,3,2018-06-17,0.22,1,0
25484398,bright & airy apartment in greenpoint,8063576,alex,brooklyn,greenpoint,40.72724,-73.94843,entire home/apt,85,7,2,2018-10-02,0.17,1,0
25485201,west village pied-à-terre,8050394,robert,manhattan,west village,40.73308,-74.00456,entire home/apt,157,2,4,2018-09-09,0.3,1,0
25488542,private bedroom in washington heights,80926401,jenna,manhattan,washington heights,40.84501,-73.93861,private room,40,2,6,2018-12-28,0.47,1,0
25503149,peaceful apartment for 2,57783233,maia,queens,east elmhurst,40.75767,-73.89299,entire home/apt,50,1,2,2018-08-04,0.16,1,0
25506360,cozy zen master bedroom minutes from manhattan.,37322613,diana,queens,woodside,40.74422,-73.90285,private room,60,3,3,2018-08-27,0.23,1,0
25510480,big sunny lovely room central park,38863621,william,manhattan,harlem,40.80025,-73.95268,private room,85,2,3,2018-06-21,0.23,1,0
25515325,west village one bedroom with views,4821730,jessica,manhattan,west village,40.73265,-74.00252,entire home/apt,175,3,4,2019-04-28,0.38,1,0
25518930,luxury 1 bedroom in williamsburg with a view!,31410956,simon,brooklyn,williamsburg,40.71837,-73.94336,entire home/apt,80,2,9,2018-09-18,0.68,1,0
25540851,modern park slope duplex 4 bedrooms,1418307,gal,brooklyn,park slope,40.67133,-73.98714,entire home/apt,200,1,1,2018-06-09,0.08,1,0
25550429,"new listing! sunny, spacious, park slope apt.",17714108,ali & guillaume,brooklyn,park slope,40.67787,-73.98169,entire home/apt,129,5,8,2019-05-25,0.61,1,0
25580283,bright room in beautiful park slope apartment,20867842,sarah,brooklyn,sunset park,40.65877,-73.98974,private room,60,3,3,2018-06-23,0.23,1,0
25582365,lovely 1 bedroom in washington heights!,4463195,lenny,manhattan,washington heights,40.8522,-73.93456,entire home/apt,100,1,1,2018-06-03,0.07,1,0
25589726,comfy brownstone 1br with backyard,75569180,joachim,brooklyn,bedford-stuyvesant,40.68473,-73.92725,entire home/apt,130,4,2,2018-06-17,0.15,1,0
25710052,cozy bedroom in bushwick!,45859780,alexandria,brooklyn,bushwick,40.68785,-73.91361,private room,60,1,5,2018-10-01,0.39,1,0
25716221,spacious & minimal pre-war apartment,2736762,emelie,manhattan,chelsea,40.7406,-74.00433,entire home/apt,225,3,3,2018-10-08,0.24,1,0
25719757,"huge, spacious, chic gramercy 1 bedroom",1741498,eve,manhattan,gramercy,40.73748,-73.98354,entire home/apt,200,2,3,2018-08-12,0.24,1,0
25739275,real brownstone brooklyn living on subway line,18139709,cal,brooklyn,east flatbush,40.65239,-73.94824,entire home/apt,190,3,1,2018-06-24,0.08,1,0
25742944,bright beautiful studio with skyline views!,17254282,kendall,manhattan,upper east side,40.78133,-73.95198,entire home/apt,220,2,3,2018-11-25,0.23,1,0
25752683,chelsea studio apt,37239193,ido,manhattan,chelsea,40.74016,-73.99902,entire home/apt,199,2,1,2018-08-30,0.1,1,0
25772890,"rustic room in beautiful, naturesque fort greene",71987360,brendan,brooklyn,clinton hill,40.6943,-73.96917,shared room,45,2,4,2018-08-13,0.31,1,0
25775969,private room for two in harlem apartment!,18886157,alexandra,manhattan,harlem,40.80018,-73.95379,private room,70,6,2,2019-06-30,0.32,1,0
25780292,cozy 2 bedroom in murray hill!,15372962,christian,manhattan,kips bay,40.74493,-73.97743,entire home/apt,275,3,1,2018-08-09,0.09,1,0
25783309,1 bdrm in beautiful brownstone filled with light,7185380,lucia,brooklyn,bedford-stuyvesant,40.68332,-73.93627,private room,60,3,7,2018-12-16,0.54,1,0
25798995,artist space,850526,fallon,brooklyn,bushwick,40.69133,-73.90538,private room,45,4,6,2018-09-22,0.47,1,0
25803113,"upper manhattan, beautiful sunlit space",69563112,zahra,manhattan,harlem,40.81279,-73.95208,private room,80,3,1,2018-06-20,0.08,1,0
25804337,one bedroom bed-stuy walk-up,6328069,mackenzie,brooklyn,bedford-stuyvesant,40.69382,-73.95072,entire home/apt,100,2,5,2018-08-25,0.43,1,0
25805051,"clean, peaceful, and bright apartment in brooklyn",51535263,ricardo,brooklyn,bushwick,40.69966,-73.93883,entire home/apt,60,1,8,2019-03-23,0.73,1,0
25812723,sunny 2 bdrm / 2 bath top floor brownstone,3245072,brooke,brooklyn,bedford-stuyvesant,40.68905,-73.95242,entire home/apt,175,2,5,2019-06-23,0.45,1,0
25813702,"bright, cheery and real nyc",3713535,laura,manhattan,lower east side,40.71826,-73.99079,entire home/apt,230,5,6,2019-01-01,0.47,1,0
25832499,summer downtown w/ terrace,2412677,jenny,manhattan,chinatown,40.71463,-73.99216,private room,100,2,1,2018-06-17,0.08,1,0
25842535,the perfect williamsburg apartment,35967771,aurelio,brooklyn,williamsburg,40.72021,-73.95949,entire home/apt,180,2,3,2019-03-11,0.29,1,0
25844166,"last minute pricing! quiet street, heart of soho",7266843,asaf,manhattan,soho,40.7258,-74.0015,private room,45,6,2,2019-03-03,0.17,1,0
25844697,studio in prospect park south,91099303,aneta,brooklyn,flatbush,40.64487,-73.96233,entire home/apt,59,5,3,2019-05-26,0.4,1,0
25870840,cozy ues apartment by the central park,48414103,yulia,manhattan,upper east side,40.7814,-73.95541,entire home/apt,120,2,2,2019-04-13,0.64,1,0
25871075,2 story apartment in greenwich village,17170106,taylor,manhattan,greenwich village,40.73416,-73.99446,entire home/apt,250,2,3,2018-10-22,0.24,1,0
25887161,small 1-bedroom in east harlem,3391251,signe,manhattan,east harlem,40.7942,-73.94532,entire home/apt,110,4,4,2019-06-20,0.37,1,0
25889683,riverside apartment room,28996758,俞,manhattan,upper west side,40.79811,-73.97186,private room,72,1,5,2018-07-08,0.38,1,0
25891110,light filled brooklyn apartment with deck!,392929,jeremiah,brooklyn,park slope,40.66775,-73.97738,entire home/apt,195,4,5,2018-11-24,0.4,1,0
25892102,spacious room in unique loft,20065291,stefan,brooklyn,bedford-stuyvesant,40.68983,-73.95626,private room,45,2,1,2018-11-04,0.12,1,0
25895230,private bedroom in midtown west with river view,18567068,evelyn,manhattan,hell's kitchen,40.76201,-73.99876,private room,150,3,4,2018-07-09,0.31,1,0
25941089,bed stuy brownstone charm,38003941,damira,brooklyn,bedford-stuyvesant,40.68847,-73.93054,private room,80,2,9,2018-10-29,0.71,1,0
25971425,"big, beautiful, sunny room in hamilton heights",54369863,genevieve,manhattan,harlem,40.82567,-73.95261,private room,70,1,1,2018-07-16,0.08,1,0
25972171,huge washington heights room,90689056,maddie,manhattan,washington heights,40.84813,-73.94349,private room,55,5,1,2018-06-13,0.08,1,0
26009952,historic building on a tree-lined street,39535251,tammen,brooklyn,boerum hill,40.68696,-73.98174,entire home/apt,103,2,5,2019-01-05,0.4,1,0
26011175,cozy bedroom in les apartment,8473523,alexandra,manhattan,lower east side,40.71857,-73.98867,private room,75,1,7,2019-06-19,0.55,1,0
26014444,studio apartment in upper east side,5445262,steven,manhattan,upper east side,40.77844,-73.94728,entire home/apt,125,3,8,2019-01-01,0.63,1,0
26038936,"great location, the heart of the uws!",6918093,carinne,manhattan,upper west side,40.78883,-73.98068,private room,90,3,8,2018-12-27,0.62,1,0
26054026,awesome bedroom in upper manhattan,40044041,rocio,manhattan,washington heights,40.84367,-73.93566,private room,59,2,5,2019-01-02,0.43,1,0
26057084,spacious 1 bd. duplex apt. in brownstone,36440514,sarah,brooklyn,clinton hill,40.68553,-73.96314,entire home/apt,150,3,5,2018-12-31,0.39,1,0
26058074,airy crown heights loft,758520,rowan,brooklyn,crown heights,40.67621,-73.95052,entire home/apt,99,3,3,2019-01-12,0.26,1,0
26063353,"designer dumbo loft, 2br",8161684,corey,brooklyn,vinegar hill,40.70139,-73.98351,entire home/apt,250,4,5,2018-12-29,0.49,1,0
26085355,house,37001535,daitao,brooklyn,fort greene,40.69223,-73.98165,entire home/apt,130,3,1,2019-01-19,0.18,1,0
26121109,boho haven with private balcony in bushwick,33592161,dakota,brooklyn,bushwick,40.69777,-73.92252,entire home/apt,95,3,5,2019-04-27,0.39,1,0
26121733,modern apartment in the heart of brooklyn,24545739,ewa,brooklyn,bedford-stuyvesant,40.68824,-73.92377,private room,65,4,5,2018-11-26,0.39,1,0
26125349,beautiful apartment in greenpoint,502897,malu,brooklyn,greenpoint,40.72791,-73.95689,entire home/apt,150,5,1,2018-06-20,0.08,1,0
26134638,beautiful 1 bdrm w/ large private patio,20659309,emily,brooklyn,williamsburg,40.70901,-73.95471,entire home/apt,168,2,5,2018-11-04,0.39,1,0
26136583,newly renovated cozy apartment,6171984,deanna,queens,woodside,40.74789,-73.89752,entire home/apt,156,1,2,2018-07-05,0.16,1,0
26138483,manhattan mid-town time square cozy bedroom,20630497,槟利,manhattan,hell's kitchen,40.76418,-73.99448,private room,70,2,2,2018-07-30,0.17,1,0
26138702,clean and big bedroom close to manhattan,18260424,tevfik,queens,sunnyside,40.74304,-73.91699,private room,73,1,1,2018-07-30,0.09,1,0
26155827,greenpoint room,5213686,charlotte,brooklyn,greenpoint,40.73442,-73.95854,private room,70,5,2,2018-08-09,0.16,1,0
26166442,big bright room near iconic red hook hangouts,10448798,kit,brooklyn,red hook,40.67498,-74.01214,private room,75,2,6,2018-10-27,0.5,1,0
26192545,"williamsburg bedroom with tv, ac, wifi & library",19665329,patrick,brooklyn,williamsburg,40.71045,-73.9441,private room,40,5,3,2018-11-02,0.27,1,0
26194019,cozy 1-bedroom apartment 2 blocks from the subway,66196101,francesco,brooklyn,bay ridge,40.62991,-74.02458,entire home/apt,95,2,6,2018-08-04,0.48,1,0
26232008,large private room btwn central/riverside parks,28071093,kathleen,manhattan,upper west side,40.79973,-73.9656,private room,60,2,5,2018-09-25,0.45,1,0
26232656,"bright, spacious 1bd apt near 30th ave in astoria",46592613,julie,queens,astoria,40.76945,-73.92485,entire home/apt,100,5,5,2019-06-29,0.57,1,0
26251408,sunny bedstuy brooklyn apartment,17673366,shayna,brooklyn,bedford-stuyvesant,40.69397,-73.93124,private room,60,1,1,2018-09-27,0.11,1,0
26255895,furnished room w/ ac in crown heights/clinton hill,9478555,alex,brooklyn,crown heights,40.67911,-73.96012,private room,35,2,2,2018-07-05,0.16,1,0
26270554,spacious & primely-located brooklyn apartment,28186801,kate,brooklyn,williamsburg,40.71882,-73.94943,entire home/apt,260,2,1,2018-06-28,0.08,1,0
26272989,lovely prospect heights duplex with private patio,19562,putri,brooklyn,crown heights,40.68054,-73.96278,entire home/apt,190,2,1,2018-08-10,0.09,1,0
26278431,huge private bedroom in midtown manhattan!,42624482,param,manhattan,midtown,40.74897,-73.98642,private room,120,3,2,2019-06-05,0.32,1,0
26279108,spacious sun-drenched room in manhattan,39872420,elizabeth,manhattan,inwood,40.86347,-73.92287,private room,50,1,1,2018-07-01,0.08,1,0
26335893,natural light - airy and large apartment,36644104,jack,manhattan,midtown,40.75786,-73.96679,entire home/apt,200,7,8,2018-12-04,0.76,1,0
26336898,nyc cozy room in upper east side,16485294,tom,manhattan,upper east side,40.78351,-73.94709,private room,75,1,6,2019-06-23,0.66,1,0
26338609,room in modern bushwick townhouse,23272375,amber,brooklyn,bushwick,40.69825,-73.93725,private room,46,7,3,2018-07-15,0.25,1,0
26351621,modern home on the park,4292600,owen,brooklyn,fort greene,40.68803,-73.9733,entire home/apt,120,3,9,2019-06-14,0.75,1,0
26355413,stunning apartment in heart of williamsburg,46370836,joey,brooklyn,williamsburg,40.7197,-73.95745,entire home/apt,209,3,3,2018-10-03,0.24,1,0
26370425,amazing 1b1b in luxury building near empire state,52529356,zhaoyun,manhattan,midtown,40.74843,-73.98259,entire home/apt,150,2,2,2018-08-11,0.17,1,0
26383523,bright artist's loft on the lower east side,18252465,liza,manhattan,lower east side,40.71452,-73.98201,entire home/apt,225,4,2,2019-01-02,0.29,1,0
26386244,cozy private room in sunny brooklyn apartment,72299995,jennifer,brooklyn,flatbush,40.65195,-73.95645,private room,65,1,7,2019-04-24,0.59,1,0
26387779,perfect apartment for your nyc stay,12302238,brett-michael,brooklyn,bedford-stuyvesant,40.68812,-73.92353,private room,115,3,2,2018-08-03,0.17,1,0
26390150,large private bedroom w/private bath in shared apt,7090327,niccolo,brooklyn,dumbo,40.70328,-73.9899,private room,150,1,1,2018-06-30,0.08,1,0
26390806,cosy and spacious new york apartment,75479380,maria ivy,queens,long island city,40.75192,-73.94074,entire home/apt,125,2,6,2019-01-03,0.7,1,0
26391060,privet room and bathroom in luxurious apartment.,68074387,emma,manhattan,harlem,40.81186,-73.93922,private room,125,3,6,2019-06-23,0.52,1,0
26397444,"sunny, central williamsburg room with rooftop",20237617,samantha,brooklyn,williamsburg,40.71446,-73.95992,private room,50,1,4,2018-08-13,0.33,1,0
26420017,charming 1 bedroom in ideal location,66757117,laural,manhattan,gramercy,40.73557,-73.98038,entire home/apt,150,3,1,2018-07-15,0.08,1,0
26425700,private room in ridgewood with rooftop access!,38714592,catherine,queens,ridgewood,40.70254,-73.90679,private room,34,2,2,2018-07-27,0.17,1,0
26425943,sunny williamsburg 1 br near peter luger's,50361964,rikki,brooklyn,williamsburg,40.7108,-73.9618,entire home/apt,225,1,3,2018-11-04,0.33,1,0
26440780,loft in downtown brooklyn - entire apartment,16753104,robert,brooklyn,downtown brooklyn,40.69206,-73.98445,entire home/apt,160,4,5,2019-01-01,0.44,1,0
26443376,big 1br in prime bushwick! 2 blocks to l train!,6293227,nish,brooklyn,bushwick,40.70148,-73.91834,entire home/apt,90,3,9,2019-06-01,0.74,1,0
26458835,cozy one bed room only girls,7970340,dian,manhattan,stuyvesant town,40.73391,-73.97857,private room,55,4,1,2018-07-06,0.08,1,0
26473275,large 1 bedroom apartment near prospect park,749126,stacey,brooklyn,south slope,40.66501,-73.98112,entire home/apt,145,2,8,2019-05-13,0.66,1,0
26494242,sunny one bedroom heart of lower east side,10577999,barak,manhattan,lower east side,40.72135,-73.98391,entire home/apt,200,4,3,2019-01-01,0.25,1,0
26494876,sunny & spacious 2 bdrm apt,1473755,regina,brooklyn,williamsburg,40.71906,-73.94039,entire home/apt,125,4,2,2018-07-02,0.16,1,0
26496330,cozy brooklyn bedroom,24079691,mercedes,brooklyn,crown heights,40.67863,-73.95859,private room,70,1,2,2018-09-30,0.17,1,0
26520216,beautiful 1 bedroom in south midtown manhattan,11541034,william,manhattan,midtown,40.7523,-73.99024,entire home/apt,210,5,7,2019-01-03,0.63,1,0
26523155,hip master bedroom with a private bathroom in nyc,28325192,brian,manhattan,roosevelt island,40.764,-73.94741,private room,150,3,2,2018-08-07,0.17,1,0
26526269,roosevelt island - hidden gem of new york,41655831,justin,manhattan,roosevelt island,40.76506,-73.94662,private room,99,1,2,2018-07-21,0.16,1,0
26534838,large studio in the heart of west village,5225042,kai,manhattan,west village,40.73429,-74.00487,entire home/apt,150,3,6,2019-03-25,0.52,1,0
26538746,studio in ues (7mins from central park/the met),51783601,gursharan,manhattan,upper east side,40.77537,-73.95556,entire home/apt,120,5,1,2018-07-03,0.08,1,0
26538883,charming sunny studio lower east side.,77303930,cecilia,manhattan,lower east side,40.72235,-73.98766,entire home/apt,125,3,1,2018-07-27,0.09,1,0
26555992,new - big brooklyn apt in bushwick,552288,charles,brooklyn,bushwick,40.69949,-73.92383,entire home/apt,65,2,6,2019-06-26,0.54,1,0
26560973,one bedroom apt with private yard in williamsburg,23342828,peggy,brooklyn,williamsburg,40.70807,-73.95565,entire home/apt,125,3,6,2018-10-01,0.54,1,0
26594677,wyndham midtown 45 @ nyc,46555645,jennifer,manhattan,midtown,40.75357,-73.97313,private room,181,3,1,2018-11-05,0.12,1,0
26594746,modern williamsburg apartment with manhattan views,9685952,ari,brooklyn,williamsburg,40.71414,-73.96334,entire home/apt,180,2,3,2018-08-05,0.25,1,0
26604019,home away from home,40398107,joey,brooklyn,midwood,40.61615,-73.95997,entire home/apt,70,1,1,2018-07-17,0.08,1,0
26607493,les - lower east side,73269245,borna,manhattan,chinatown,40.71443,-73.99348,private room,55,7,1,2018-08-15,0.09,1,0
26622664,the house of tranquility,17768644,ankeen,brooklyn,flatbush,40.6533,-73.95534,entire home/apt,65,2,1,2018-07-21,0.08,1,0
26635476,newly renovated apartment in upper manhattan!,57322447,matthew,manhattan,inwood,40.86159,-73.92616,entire home/apt,100,4,3,2018-10-31,0.26,1,0
26641303,chic designer lower east side studio,7612089,daniella,manhattan,lower east side,40.71769,-73.99148,entire home/apt,222,1,3,2018-12-30,0.26,1,0
26662711,cozy studio near hudson river & central park,104117770,dara,manhattan,hell's kitchen,40.7686,-73.98951,entire home/apt,130,4,7,2019-03-24,0.59,1,0
26666333,williamsburg sunny bedroom,9034275,arnaud,brooklyn,williamsburg,40.71674,-73.95825,private room,75,3,2,2019-03-04,0.19,1,0
26679556,very sunny apt on uws,4231845,yann,manhattan,morningside heights,40.80494,-73.96426,entire home/apt,95,2,2,2018-08-15,0.18,1,0
26683178,garden level brooklyn apartment,13093738,alex,brooklyn,boerum hill,40.68563,-73.98796,entire home/apt,165,4,2,2018-12-20,0.19,1,0
26691677,small 3rd story room off brklyn-queens expressway,56616801,james,brooklyn,greenpoint,40.72414,-73.93967,private room,25,1,4,2018-10-29,0.34,1,0
26717112,modern brooklyn loft in full-service elev bldg,83076690,stacie,brooklyn,prospect heights,40.68219,-73.97259,entire home/apt,220,3,6,2019-07-01,0.52,1,0
26735765,bright room in beautiful park slope apartment,15500498,tiffany,brooklyn,sunset park,40.65828,-73.98983,private room,55,2,7,2018-11-04,0.58,1,0
26750369,lovely private room in heart of prospect heights!,4537638,rachel,brooklyn,prospect heights,40.67762,-73.96539,private room,75,2,4,2018-09-01,0.37,1,0
26750461,manhattan view from queens- 15 min from nyc & bk,40643524,mary,queens,sunnyside,40.73758,-73.92821,shared room,79,2,1,2018-07-22,0.09,1,0
26769087,chic upper west side living.,647918,rohan,manhattan,upper west side,40.77782,-73.98762,private room,150,1,4,2019-02-03,0.38,1,0
26786123,comfy brand new designer duplex 2 min from l train,1809268,célestine,brooklyn,bushwick,40.69433,-73.90649,private room,60,3,5,2018-12-02,0.43,1,0
26814362,modern condo in sunset park w/washer and dryer,4622765,gail and yordanis,brooklyn,sunset park,40.64538,-74.01624,entire home/apt,180,7,2,2019-04-25,0.71,1,0
26837124,williamsburg apartment,8325079,leila,brooklyn,williamsburg,40.71612,-73.94468,entire home/apt,115,6,1,2018-08-20,0.09,1,0
26847614,cozy apartment on franklin ave,48498020,anwar,brooklyn,crown heights,40.67434,-73.95549,private room,40,7,3,2018-08-25,0.25,1,0
26864429,big bright beautiful home in prime williamsburg,26030112,tatiana,brooklyn,williamsburg,40.71714,-73.95783,private room,190,2,3,2019-01-02,0.36,1,0
26865113,cozy 2br apt in center of brooklyn (female please),7342104,audrey,brooklyn,gowanus,40.68071,-73.98201,private room,66,3,3,2018-11-13,0.33,1,0
26867963,midtown apartment- very convenient location!,3710483,jennifer,manhattan,hell's kitchen,40.75566,-73.99917,entire home/apt,200,2,3,2018-08-31,0.26,1,0
26892245,cozy brooklyn room,3552356,griffin,brooklyn,bushwick,40.69995,-73.91802,private room,35,5,2,2018-08-16,0.18,1,0
26894016,spacious & comfy in hip area,5778935,drew,brooklyn,clinton hill,40.69239,-73.96538,entire home/apt,135,2,4,2019-07-01,0.36,1,0
26946697,new york multi-unit building in williamsburg br,32165430,marcia,brooklyn,williamsburg,40.7045,-73.937,private room,60,3,1,2018-08-08,0.09,1,0
26957225,beautiful studio apt. yoga vibes & love,11453805,helen,manhattan,lower east side,40.72078,-73.98762,entire home/apt,207,2,3,2018-10-29,0.26,1,0
26960958,big room & perfect brooklyn location! 15 min nyc,29101658,manuel,brooklyn,boerum hill,40.68684,-73.98167,private room,80,2,6,2019-03-06,0.53,1,0
26983183,steps from waterfront - 1 bedroom apartment,12512629,kreshnik,queens,long island city,40.74427,-73.95477,entire home/apt,125,5,1,2018-08-20,0.09,1,0
26988903,sunny+ modern brooklyn apartment,1459377,stefania,brooklyn,williamsburg,40.71998,-73.94216,entire home/apt,145,3,3,2018-09-21,0.26,1,0
26989977,beautiful clinton hill 1-br in luxury building,24822059,jessica,brooklyn,clinton hill,40.68214,-73.96536,entire home/apt,119,6,2,2018-08-29,0.18,1,0
27014758,private room,34883773,cansu,brooklyn,bedford-stuyvesant,40.68944,-73.95089,private room,50,7,1,2018-11-10,0.12,1,0
27016704,1 bedroom loft space in the heart of williamsburg,16779679,chris,brooklyn,williamsburg,40.71171,-73.963,entire home/apt,200,4,3,2018-10-05,0.31,1,0
27053726,windsor terrace garden apartment,33526253,nicki,brooklyn,windsor terrace,40.65639,-73.98242,entire home/apt,250,1,2,2018-08-18,0.18,1,0
27055058,spacious apt in heart of downtown!,13412408,brendan,manhattan,greenwich village,40.72848,-74.00116,private room,200,1,5,2019-04-22,0.47,1,0
27060026,wburg priv room. great transport & local amenities,63260355,spencer,brooklyn,williamsburg,40.70975,-73.95651,private room,80,1,2,2018-08-27,0.19,1,0
27061895,sunlit studio in modern brownstone,12460642,tile,brooklyn,bedford-stuyvesant,40.68345,-73.93874,entire home/apt,95,3,6,2019-07-06,0.54,1,0
27065834,sunny one bedroom in the friends building,83856521,casey,manhattan,west village,40.73264,-74.0062,entire home/apt,275,1,3,2018-08-31,0.26,1,0
27103785,beautiful 1 bd nyc home with a view,2849280,benjamin,manhattan,financial district,40.70617,-74.00948,entire home/apt,200,7,5,2019-01-01,0.46,1,0
27104485,classic chic west village getaway,18416371,tori,manhattan,west village,40.73144,-74.00523,entire home/apt,250,3,4,2019-01-03,0.39,1,0
27107511,la cantina + room in bed-stuy,10260340,anna,brooklyn,bedford-stuyvesant,40.69088,-73.94499,private room,70,1,4,2019-07-01,0.4,1,0
27136219,cozy eclectic bedroom in the heart of bushwick,19923039,justin,brooklyn,bushwick,40.70144,-73.92094,private room,35,5,3,2019-01-06,0.27,1,0
27137301,"bright, modern duplex w/ rooftop deck  & balcony",9736367,katie,brooklyn,bedford-stuyvesant,40.68652,-73.94848,private room,46,3,5,2019-04-22,0.47,1,0
27138925,family friendly apartment near prospect park,3388510,laura,brooklyn,flatbush,40.64599,-73.96079,entire home/apt,100,2,5,2019-03-31,0.46,1,0
27142225,lovely brownstone in brooklyn heights,624101,zak,brooklyn,brooklyn heights,40.69176,-73.99336,entire home/apt,132,3,6,2019-05-27,0.55,1,0
27157649,spacious bedroom with private bathroom & roof,22264156,raghav,brooklyn,clinton hill,40.69456,-73.96439,private room,120,1,3,2019-05-30,0.63,1,0
27159664,beautiful sunny private bedroom in brooklyn (jmz),53365451,brigid,brooklyn,bedford-stuyvesant,40.6939,-73.93239,private room,50,6,2,2019-01-01,0.18,1,0
27160938,gorgeous light filled brooklyn brownstone,12337810,praise,brooklyn,bedford-stuyvesant,40.68625,-73.94045,entire home/apt,192,1,2,2018-08-27,0.17,1,0
27166904,private apartment in doorman building,94832914,john,manhattan,financial district,40.70571,-74.00675,entire home/apt,139,3,1,2019-03-18,0.27,1,0
27168097,prime williamsburg location! high ceilings!,54541149,j,brooklyn,williamsburg,40.7159,-73.95905,private room,75,2,1,2018-07-29,0.09,1,0
27173844,midtown (near korean town) spacious private room,74529394,siyu,manhattan,midtown,40.74832,-73.98423,private room,80,5,2,2018-08-31,0.17,1,0
27199508,chelsea studio (450 sq. feet) with balcony!,52602302,daniel,manhattan,chelsea,40.74312,-73.99573,entire home/apt,149,5,5,2019-06-27,0.45,1,0
27201540,brooklyn / bed stuy :: brownstone garden-floor apt,257904,david,brooklyn,bedford-stuyvesant,40.68518,-73.93517,entire home/apt,150,5,5,2018-11-15,0.48,1,0
27225784,furnished upper east side large studio,10573806,masha,manhattan,upper east side,40.77168,-73.95393,entire home/apt,140,2,5,2018-10-28,0.55,1,0
27263672,massive room seconds from bushwick graffiti,26302195,michael,brooklyn,williamsburg,40.70562,-73.92734,private room,65,1,2,2019-02-24,0.44,1,0
27277843,"cute, comfy room in the heart of bedstuy",28943965,daniel,brooklyn,bedford-stuyvesant,40.68593,-73.94628,private room,55,2,3,2018-10-14,0.29,1,0
27287076,clementine's room,35645017,clara,manhattan,east harlem,40.7962,-73.94894,private room,85,1,6,2018-08-27,0.53,1,0
27313587,cozy and clean 1 bedroom in luxury apartment,36494687,esther,manhattan,east village,40.72071,-73.97822,private room,55,5,2,2018-08-20,0.18,1,0
27337533,private room in a lovely apartment,21621071,ala,brooklyn,bedford-stuyvesant,40.69156,-73.94846,private room,30,4,3,2019-04-02,0.27,1,0
27357537,stylish south williamsburg + waterfront terrace,28380119,johnny,brooklyn,williamsburg,40.71133,-73.96806,entire home/apt,250,4,4,2018-12-10,0.38,1,0
27380062,room for rent in spacious brooklyn appartment,8346419,yana,brooklyn,bushwick,40.70296,-73.91755,private room,47,7,2,2018-12-30,0.18,1,0
27384075,"comfortable private room in astoria, queens",68170006,charles,queens,astoria,40.75519,-73.91582,private room,54,2,2,2018-09-09,0.2,1,0
27408243,"sunny room in bushwick
queen size j/m/z/l",7638718,gil,brooklyn,bushwick,40.70048,-73.9295,private room,54,7,8,2019-05-25,0.75,1,0
27425371,bright+cozy apartment w/ balcony,14812962,domitille,brooklyn,crown heights,40.67321,-73.95386,entire home/apt,93,5,3,2018-09-01,0.28,1,0
27436322,king sized room; bay ridge,84155085,ridhima,brooklyn,bay ridge,40.63145,-74.02375,private room,50,2,1,2018-08-27,0.09,1,0
27466393,sunny bdr w stunning view in prime williamsburg!!!,8879096,cristina,brooklyn,williamsburg,40.71688,-73.95107,private room,65,3,6,2019-04-11,0.54,1,0
27470574,bright private room with high ceilings near subway,35328956,mansimran,brooklyn,bedford-stuyvesant,40.6905,-73.95906,private room,57,2,2,2019-03-01,0.32,1,0
27480436,"luxury penthouse with stunning views, very quiet",52676179,kathy,manhattan,hell's kitchen,40.76213,-74.00126,entire home/apt,144,2,2,2019-01-03,0.18,1,0
27482124,"large, bright studio for rent",20398684,heather,manhattan,midtown,40.75135,-73.97197,entire home/apt,120,2,6,2019-04-15,0.62,1,0
27482592,"cute, clean and sunny one bedroom with character",52644225,alex and tatiana,queens,sunnyside,40.74245,-73.92587,entire home/apt,77,2,3,2018-09-10,0.29,1,0
27484611,apartment in tribeca with huge private terrace,64971854,ana sophia,manhattan,tribeca,40.71793,-74.00594,entire home/apt,160,1,8,2019-04-21,0.73,1,0
27494734,new york - columbia/harlem big apartment,22896813,jacqueline,manhattan,morningside heights,40.81382,-73.95939,private room,100,3,1,2018-08-12,0.09,1,0
27501755,"spacious, sunny 1-bedroom by the park",557166,jonathan,manhattan,upper west side,40.79287,-73.97333,entire home/apt,150,5,2,2018-09-01,0.18,1,0
27502928,sunny east village apt,25357997,andrew,manhattan,east village,40.72691,-73.98423,entire home/apt,149,2,1,2018-08-08,0.09,1,0
27504048,"quiet & cheap, 15 minutes to manhattan",63199008,sophia yi,queens,elmhurst,40.74586,-73.89048,private room,39,3,1,2018-08-20,0.09,1,0
27506095,"room in bedstuy! exposed brick, subways are close",38635971,eitan,brooklyn,bedford-stuyvesant,40.68299,-73.92713,private room,60,1,4,2018-08-15,0.36,1,0
27506443,modern loft in the best part of bushwick.,52190465,sobe,brooklyn,bushwick,40.70474,-73.9162,entire home/apt,100,2,1,2018-08-14,0.09,1,0
27507299,sun-filled studio apt in clinton hill brownstone,1639484,megan,brooklyn,prospect heights,40.6814,-73.96584,entire home/apt,91,5,2,2019-05-16,0.21,1,0
27507561,"bright, modern, king size 1-bedroom in chelsea!",6344971,sharat,manhattan,chelsea,40.7444,-73.99604,entire home/apt,240,2,8,2019-03-30,0.71,1,0
27508803,beautiful sunlit room in bushwick,11381575,sydney,brooklyn,bushwick,40.70548,-73.92671,private room,59,2,8,2019-01-01,0.73,1,0
27519772,cute bushwick room,82891189,veronica,brooklyn,bushwick,40.69449,-73.91987,private room,50,2,2,2019-01-01,0.18,1,0
27521990,loft-style bedroom in the heart of bushwick,22550591,foteinos,brooklyn,bushwick,40.70844,-73.92274,private room,100,2,5,2018-10-31,0.52,1,0
27529458,nolita one bedroom with view,33389621,maura,manhattan,little italy,40.71843,-73.99817,entire home/apt,124,2,5,2019-03-31,0.46,1,0
27543590,manhattan home steps away from central park!,104064206,faateh,manhattan,east harlem,40.79574,-73.94684,private room,85,1,6,2018-10-08,0.55,1,0
27552717,spacious flat in the heart of greenwich village,9060287,priya,manhattan,greenwich village,40.73021,-74.00091,private room,111,3,7,2018-10-22,0.63,1,0
27555063,brooklyn heights with a breathtaking terrace,63338955,michael,brooklyn,brooklyn heights,40.6932,-73.9945,entire home/apt,200,3,4,2019-01-05,0.37,1,0
27573704,beautiful private room in luxury building,44514753,jonathan,brooklyn,williamsburg,40.71239,-73.95271,private room,65,4,2,2018-09-08,0.19,1,0
27581615,"large private 1 bed room apartment, hell's kitchen",71299428,andy,manhattan,hell's kitchen,40.75906,-73.99321,entire home/apt,159,2,3,2018-12-30,0.31,1,0
27602303,"private spacious studio apartment,  rooftop access",6663544,donna,manhattan,harlem,40.81756,-73.94099,entire home/apt,86,4,3,2018-09-23,0.28,1,0
27623260,upper east side creative sanctuary apartment,17898332,zizi,manhattan,upper east side,40.78497,-73.95201,entire home/apt,150,4,7,2019-06-24,0.69,1,0
27663483,lux apartment across hudson river - city view,77829151,cal,manhattan,hell's kitchen,40.76164,-73.99804,entire home/apt,239,4,2,2019-01-02,0.21,1,0
27699052,cozy brooklyn room with private bathroom,8855004,peach,brooklyn,bedford-stuyvesant,40.68891,-73.95164,private room,65,1,1,2018-08-20,0.09,1,0
27700366,huge apartment midtown manhattan empire state bldg,89332421,mohit,manhattan,kips bay,40.74462,-73.97838,entire home/apt,187,3,4,2019-03-25,0.53,1,0
27707196,harlem gem,12672916,erica,manhattan,east harlem,40.80147,-73.94432,entire home/apt,275,3,2,2018-12-10,0.19,1,0
27728631,spacious & cozy 1br opposite prospect park lake,97012192,sultan,brooklyn,prospect-lefferts gardens,40.65661,-73.96065,entire home/apt,100,2,6,2019-04-21,0.58,1,0
27733542,spacious room in awesome bushwick townhouse,6591232,sebastien,brooklyn,bushwick,40.69194,-73.92352,private room,40,3,1,2018-08-29,0.1,1,0
27746387,gorgeous bright spacious loft apt in brooklyn,27780735,susan,brooklyn,bushwick,40.69815,-73.92841,entire home/apt,110,1,2,2018-12-23,0.19,1,0
27751020,"bedroom in brooklyn apt, close to prospect park!",74569188,luz carime,brooklyn,flatbush,40.64815,-73.96862,private room,60,2,3,2018-11-06,0.32,1,0
27760207,"bright, airy west village retreat!great location!",23463422,amit,manhattan,west village,40.73384,-74.00011,entire home/apt,175,3,7,2019-01-01,0.7,1,0
27810474,sunny third-floor fort greene apartment,37820632,moira,brooklyn,fort greene,40.68912,-73.97514,entire home/apt,275,2,2,2018-12-18,0.19,1,0
27815089,morningside heights cozy & clean modern apt.,31659721,krystalee,manhattan,harlem,40.80624,-73.95622,private room,110,1,1,2018-08-31,0.1,1,0
27825381,"dream private loft in williamsburg, brooklyn",53481649,lucy,brooklyn,williamsburg,40.71493,-73.96089,private room,90,2,2,2018-09-25,0.19,1,0
27849036,"charming, sunny west village 1br - prime location!",3598494,jenna,manhattan,west village,40.73641,-73.99929,entire home/apt,250,2,3,2019-04-23,0.34,1,0
27853549,nyc chelsea luxury modern studio,5064974,alice,manhattan,chelsea,40.73918,-73.99753,entire home/apt,180,6,5,2018-12-31,0.56,1,0
27855899,"large, stylish, airy east village loft apartment!",3809729,yemisi,manhattan,east village,40.72307,-73.98369,entire home/apt,199,3,7,2019-05-05,0.69,1,0
27876063,charming private room in apt share- astoria ny,110930,linda,queens,astoria,40.76305,-73.91874,private room,40,5,1,2018-09-08,0.1,1,0
27901436,cozy apartment in midtown east,61009334,tyler,manhattan,midtown,40.75142,-73.97049,entire home/apt,210,2,7,2019-03-04,0.68,1,0
27904745,stuytown apartment,1142553,brittany,manhattan,stuyvesant town,40.72957,-73.97715,entire home/apt,189,2,5,2018-11-05,0.48,1,0
27906663,plant-filled colorful bushwick bedroom!,41942577,olive,brooklyn,bushwick,40.69247,-73.91196,private room,46,5,1,2018-10-09,0.11,1,0
27914324,"spacious, convenient williamsburg apartment",26822598,jesus,brooklyn,williamsburg,40.71388,-73.94999,private room,80,5,3,2018-09-30,0.29,1,0
27920036,penthouse 1 bedroom in lic,32604201,cherie,queens,long island city,40.75094,-73.93806,entire home/apt,107,3,4,2018-11-25,0.38,1,0
27930328,cozy and affordable room in nyc,20071733,carolina,manhattan,east harlem,40.79329,-73.94725,private room,73,5,5,2018-11-24,0.47,1,0
27930717,charming and cozy bedroom - close to manhattan,34817471,maxime,queens,long island city,40.7583,-73.93294,private room,70,4,3,2018-09-24,0.29,1,0
27935369,cozy super private room in brooklyn!,2510754,marina,brooklyn,crown heights,40.67508,-73.94242,private room,44,5,2,2018-12-02,0.2,1,0
27936628,beautiful room in east harlem!,52125790,daniela,manhattan,east harlem,40.793,-73.94125,private room,120,3,5,2019-04-28,0.47,1,0
27988835,huge west village loft in luxury building,3330784,dylan,manhattan,west village,40.73241,-74.00722,entire home/apt,180,6,2,2018-12-30,0.2,1,0
27993666,sunny room in park slope with air mattress,50407407,nicole,brooklyn,park slope,40.6715,-73.98451,private room,70,1,1,2018-09-15,0.1,1,0
28001862,garden oasis,8056254,lou,manhattan,east village,40.72795,-73.97768,entire home/apt,225,2,2,2019-01-02,0.22,1,0
28004429,ideal new york apartment,57287101,stephanie,manhattan,east village,40.7249,-73.98026,entire home/apt,250,2,5,2019-06-11,0.48,1,0
28014366,"private, spacious home in central brooklyn!",37697640,sarah,brooklyn,crown heights,40.67672,-73.94934,entire home/apt,99,2,3,2018-12-28,0.3,1,0
28045724,heart of bushwick! women only,9594567,clarissa,brooklyn,bushwick,40.70463,-73.92026,private room,50,5,1,2018-09-04,0.1,1,0
28047011,"huge room in great area, 25 minutes from manhattan",70260514,daphna,queens,woodside,40.74588,-73.89721,private room,45,4,4,2018-12-14,0.43,1,0
28047046,west village mid century studio perfect for two,16204937,jose,manhattan,west village,40.73861,-74.00467,entire home/apt,215,3,7,2018-11-24,0.68,1,0
28050688,exposed brick bushwick bedroom,45000778,jordan,brooklyn,williamsburg,40.70612,-73.92725,private room,75,2,6,2019-05-19,0.61,1,0
28054489,creative open floor studio,42623736,ashley,brooklyn,bedford-stuyvesant,40.68476,-73.9548,entire home/apt,130,3,2,2019-01-14,0.28,1,0
28081940,large private bedroom 15 mins from central park,48898267,julien,manhattan,harlem,40.81695,-73.94335,private room,79,2,3,2018-11-11,0.29,1,0
28101132,1.5 brooklyn apartment w/ private backyard,44174247,chloe,brooklyn,clinton hill,40.69343,-73.96387,entire home/apt,119,1,3,2018-10-09,0.3,1,0
28121788,beautiful & bright one-bedroom in hells kitchen,1680013,michael,manhattan,hell's kitchen,40.76596,-73.98846,entire home/apt,165,7,5,2019-04-19,0.53,1,0
28128130,astoria cozy 2 bedrooms apartment,83342221,edgard,queens,astoria,40.76317,-73.91124,entire home/apt,200,5,1,2018-09-30,0.11,1,0
28128620,room in brooklyn,4463170,yordanos,brooklyn,bushwick,40.69748,-73.92319,private room,37,2,2,2018-09-10,0.19,1,0
28135177,west village dream - sunny bedroom,22508819,camille,manhattan,west village,40.73039,-74.00208,private room,140,5,4,2019-05-13,0.39,1,0
28214275,quiet room in beautiful historic bed stuy,1337630,bobbi,brooklyn,bedford-stuyvesant,40.68673,-73.9248,private room,100,3,1,2018-09-25,0.1,1,0
28228445,2 bedroom upper westside apartment,7835900,lyndon & christine,manhattan,upper west side,40.7838,-73.97858,entire home/apt,250,3,1,2018-10-23,0.12,1,0
28250228,private room in shared lovely apartment,70640922,enzo,manhattan,gramercy,40.73314,-73.9838,private room,115,3,6,2018-12-16,0.59,1,0
28253482,artsy brooklyn apartment,4601788,heather marie,brooklyn,flatbush,40.64402,-73.96489,private room,50,1,5,2018-12-02,0.53,1,0
28254842,room in astoria - 20min to  manhattan,6944101,olivier & priscilla,queens,ditmars steinway,40.77033,-73.91008,private room,50,2,5,2019-05-31,0.53,1,0
28261459,cozy apartment 15 minutes from midtown!,103049729,julia,queens,sunnyside,40.74314,-73.92389,entire home/apt,78,2,4,2018-12-02,0.44,1,0
28261992,cute room in bushwick!,44545038,oliver,brooklyn,bushwick,40.6951,-73.92981,private room,48,3,5,2018-09-17,0.49,1,0
28270998,"charming, bright and brand new bed-stuy home",647528,caterina,brooklyn,bedford-stuyvesant,40.69508,-73.95164,entire home/apt,10,3,5,2019-07-02,0.51,1,0
28273584,sunlit bedroom in prime neighbourhood + rooftop,17464499,meenakshi,manhattan,chinatown,40.71789,-73.99581,private room,75,2,3,2019-01-16,0.3,1,0
28273699,"bright, spacious bk gem",26784906,sam,brooklyn,bedford-stuyvesant,40.67987,-73.91931,entire home/apt,250,2,2,2018-09-23,0.2,1,0
28313356,private room in williamsburg apartment,66711185,oliver,brooklyn,williamsburg,40.71151,-73.94396,private room,63,3,1,2018-12-04,0.14,1,0
28334679,astoria apartment,29514176,meghann,queens,astoria,40.76642,-73.91637,entire home/apt,125,3,4,2018-11-25,0.42,1,0
28338110,huge western room on the top floor of a townhouse,17260320,jon,brooklyn,bedford-stuyvesant,40.6866,-73.9532,private room,75,3,7,2019-01-18,0.72,1,0
28339611,"cute, book-filled, apartment in williamsburg",25300542,samridhi,brooklyn,williamsburg,40.71019,-73.95684,entire home/apt,125,5,2,2019-01-04,0.21,1,0
28340606,large room with private bathroom! best nyc rooftop,696141,michael dan,manhattan,financial district,40.706,-74.0077,private room,115,4,6,2019-04-20,0.61,1,0
28345804,les light filled large bedroom,86274028,francesca,manhattan,east village,40.72803,-73.97961,private room,100,1,1,2018-09-18,0.1,1,0
28354720,oversized studio right in the heart of kips bay,6744445,steph,manhattan,kips bay,40.7436,-73.98122,entire home/apt,165,1,4,2019-01-01,0.42,1,0
28366864,sunny astoria room in ideal location!,49487260,brittanie,queens,astoria,40.77089,-73.93036,private room,100,1,3,2018-10-10,0.3,1,0
28409021,artist’s retreat,97658205,john drue,brooklyn,bushwick,40.70023,-73.92487,private room,35,1,5,2018-10-05,0.53,1,0
28437669,two-story 2br/2ba east village apartment!,3964276,steve,manhattan,east village,40.72447,-73.98821,entire home/apt,255,3,6,2018-12-30,0.65,1,0
28440683,modern guest suite in historic home,60787,greg,brooklyn,bedford-stuyvesant,40.6816,-73.93282,entire home/apt,75,5,4,2019-04-03,0.44,1,0
28459032,modern alcove apartment,139135,lisa,manhattan,kips bay,40.74197,-73.98012,entire home/apt,145,7,2,2018-12-28,0.29,1,0
28459635,huge brooklyn bedroom,3771945,lindsay,brooklyn,bedford-stuyvesant,40.69585,-73.93335,private room,50,2,3,2019-05-04,0.32,1,0
28461316,2 bedroom/1 bathroom next to columbia university,82736848,courtney,manhattan,morningside heights,40.81214,-73.96488,entire home/apt,150,2,2,2019-01-01,0.21,1,0
28484811,spacious brooklyn oasis,1327520,christa,brooklyn,bedford-stuyvesant,40.69357,-73.94971,entire home/apt,200,1,3,2018-09-29,0.3,1,0
28487528,large sunny private queen bedroom - s williamsburg,50921439,patrick,brooklyn,williamsburg,40.70985,-73.96435,private room,75,4,3,2019-01-02,0.32,1,0
28493933,prime location private room in a williamsburg,61330869,carine,brooklyn,williamsburg,40.70803,-73.96142,private room,95,1,6,2019-05-05,0.62,1,0
28513148,"lovely studio - heart of carroll gardens, brooklyn",1381000,diana,brooklyn,gowanus,40.68077,-73.98983,entire home/apt,125,2,2,2019-05-12,0.23,1,0
28520183,"large, brand new williamsburg apt. w/ prvt outdoor",1755123,franco,brooklyn,williamsburg,40.71543,-73.95421,entire home/apt,70,2,4,2019-05-03,0.5,1,0
28538946,spacious & bright 1 bedroom refuge in the big city,904138,paul,queens,astoria,40.76214,-73.92148,entire home/apt,150,6,1,2019-04-07,0.32,1,0
28558930,cosy home in bushwick..25 minutes into manhattan!,44753370,sanjeev,brooklyn,bushwick,40.70543,-73.91935,private room,50,6,1,2018-09-16,0.1,1,0
28560196,good 2-bedroom in bushwick!,14383179,dan,brooklyn,bushwick,40.70037,-73.92408,entire home/apt,90,5,4,2019-04-24,0.44,1,0
28584877,cozy bedroom available in best area of brooklyn!,92733485,vitaly,brooklyn,downtown brooklyn,40.69164,-73.99055,private room,50,1,5,2018-10-16,0.54,1,0
28606263,gorgeous 1 bedroom on the park,22154340,rachele,brooklyn,fort greene,40.68892,-73.97329,entire home/apt,195,3,1,2019-02-04,0.19,1,0
28614707,"artist's nest, in the heart of the east village",20745804,guy,manhattan,east village,40.72707,-73.9853,entire home/apt,240,3,2,2018-11-26,0.24,1,0
28634470,beautiful garden apt in prime bushwick,25617559,erin,brooklyn,bushwick,40.7042,-73.9259,entire home/apt,89,4,6,2019-01-05,0.73,1,0
28642786,excellent loc best value midtown studio/nearmacy’s,9698896,sanyam,manhattan,midtown,40.74971,-73.98682,entire home/apt,108,2,6,2019-05-29,0.62,1,0
28668879,lefferts garden! real brooklyn flavor!,330123,nicole and adrian,brooklyn,flatbush,40.65458,-73.95677,entire home/apt,80,5,3,2018-10-25,0.33,1,0
28687609,studio apartment with bridge and river views,11160056,selena,manhattan,two bridges,40.71079,-73.99304,entire home/apt,135,2,4,2019-03-01,0.41,1,0
28696741,exclusive modern penthouse apartment,48483287,bronica,manhattan,east harlem,40.80655,-73.93872,entire home/apt,175,1,7,2018-12-26,0.76,1,0
28709382,huge bedroom with private half bath prime location,22992959,eric,brooklyn,bushwick,40.70012,-73.92777,private room,80,2,3,2019-01-03,0.33,1,0
28734438,new york chelsea apartment,545355,kevin,manhattan,chelsea,40.74497,-74.00571,entire home/apt,225,3,2,2019-01-01,0.26,1,0
28759953,soho 1br apartment,38042569,michael,manhattan,soho,40.72301,-74.0049,entire home/apt,150,7,1,2018-10-26,0.12,1,0
28775021,industrial apartment in the heart of bushwick,3180546,monica,brooklyn,bushwick,40.69943,-73.93292,entire home/apt,150,3,3,2018-12-07,0.39,1,0
28778501,big room/basement on three bedroom apt,13642781,carlos a.,brooklyn,williamsburg,40.71259,-73.94163,private room,100,1,1,2018-09-25,0.1,1,0
28780407,"bright! huge,beautiful&quiet fort greene (bk) apt",1976287,patrick,brooklyn,fort greene,40.69178,-73.97345,entire home/apt,145,3,5,2019-03-25,0.55,1,0
28803718,art filled private room,62776991,cem,brooklyn,sunset park,40.66323,-73.99573,private room,60,5,3,2019-05-10,0.47,1,0
28812837,charming mid century one bedroom,21376165,ellis,brooklyn,flatbush,40.63867,-73.96571,entire home/apt,95,6,1,2018-10-28,0.12,1,0
28832811,"spacious room in a historic, beautiful apartment",15148834,rafic,manhattan,chelsea,40.74413,-74.00004,private room,90,3,4,2019-06-28,0.43,1,0
28835678,charming and cozy one-bedroom on upper west side,94395484,rosemarie,manhattan,morningside heights,40.81511,-73.95998,entire home/apt,140,2,6,2019-02-24,0.66,1,0
28838780,studio w/ great location in the heart of brooklyn!,65826607,dylan,brooklyn,downtown brooklyn,40.69632,-73.98454,entire home/apt,90,2,2,2019-03-11,0.32,1,0
28867389,plg brooklyn apartment private bedroom+bathroom,53357457,benjamin,brooklyn,prospect-lefferts gardens,40.66357,-73.948,private room,59,3,6,2019-03-24,0.66,1,0
28890259,charming studio view of nyc,55335435,tatiana,manhattan,harlem,40.82834,-73.94298,entire home/apt,75,5,2,2019-01-08,0.27,1,0
28911697,cozy artist room,70230403,sonya,brooklyn,bushwick,40.69677,-73.92688,private room,57,1,1,2018-10-22,0.12,1,0
28912768,cozy bk apt -roof & balcony- 5 star host reviews!,10448306,kelly,brooklyn,williamsburg,40.71814,-73.95517,entire home/apt,180,2,4,2019-02-23,0.43,1,0
28931117,amazing luxury 1 bedroom near times square/midtown,13027278,jinna,manhattan,hell's kitchen,40.75927,-73.9939,entire home/apt,151,7,3,2018-11-17,0.33,1,0
28933616,spacious studio apartment on ideal les block,526744,tessa,manhattan,chinatown,40.71614,-73.99085,entire home/apt,250,2,3,2018-11-04,0.35,1,0
28940279,brand new apartment in williamsburg!,40742174,jessica,brooklyn,williamsburg,40.70948,-73.95946,private room,70,5,1,2018-12-14,0.14,1,0
28958325,huge beedroom close to cent. park and times square,9187405,sebastian,manhattan,midtown,40.76488,-73.9806,private room,150,2,5,2018-11-24,0.57,1,0
29014353,ensuite bathroom paradise,393107,catalina,brooklyn,carroll gardens,40.68035,-73.99611,private room,69,5,4,2019-04-24,0.45,1,0
29031435,cozy sun-soaked bedroom in harlem,6564232,umar,manhattan,harlem,40.81723,-73.93616,private room,80,2,3,2018-12-09,0.34,1,0
29051948,industrial loft living in nyc,63952962,drew,bronx,mott haven,40.81102,-73.92778,entire home/apt,81,4,5,2019-05-28,0.62,1,0
29058512,modern east village apt - available last minute,447895,adam,manhattan,east village,40.723,-73.97753,entire home/apt,112,2,4,2019-04-21,0.5,1,0
29093302,cozy quiet private room,41939513,cynthia,manhattan,harlem,40.79913,-73.95357,private room,120,5,3,2018-12-09,0.38,1,0
29096185,welcome to woodside!,56177749,zumunta,queens,woodside,40.74218,-73.90403,private room,31,1,1,2018-10-14,0.11,1,0
29096295,clinton hill loft for your creative side.,5953382,matthew,brooklyn,bedford-stuyvesant,40.69196,-73.95969,entire home/apt,100,3,5,2019-01-09,0.57,1,0
29097320,charming 1 bedroom apartment in greenwich village,11854642,james,manhattan,west village,40.73255,-74.00173,entire home/apt,157,5,1,2018-11-26,0.13,1,0
29103145,"hip, light & plant filled studio in prime harlem",14953075,laura,manhattan,harlem,40.81562,-73.94712,entire home/apt,150,5,3,2018-12-02,0.38,1,0
29103450,beautiful cosy room in a luxury building,59204717,chantou,brooklyn,bedford-stuyvesant,40.69156,-73.95307,private room,87,2,3,2019-01-02,0.35,1,0
29120854,"large apt in trendy, hipster ridgewood/bushwick bk",2604247,jason,brooklyn,bushwick,40.70426,-73.91308,entire home/apt,150,5,1,2018-11-12,0.13,1,0
29150743,spacious apartment with a view in williamsburg,7912469,pedro,brooklyn,williamsburg,40.70695,-73.94913,private room,50,2,3,2018-11-15,0.34,1,0
29162974,private room in a recently remodeled apt  bushwick,52484523,andres,brooklyn,bushwick,40.70247,-73.91409,private room,100,3,4,2019-05-26,0.59,1,0
29242098,large private bedroom in a spacious apartment,41945759,angely,manhattan,washington heights,40.85671,-73.92735,private room,165,1,3,2018-12-29,0.35,1,0
29255501,private brooklyn basement apartment,59627203,majd,brooklyn,windsor terrace,40.65116,-73.97881,entire home/apt,125,5,2,2019-05-26,0.27,1,0
29301424,entire cozy 1.5 bedroom flat in south slope!,15586309,kerry,brooklyn,sunset park,40.66486,-73.99535,entire home/apt,90,1,6,2019-05-27,0.73,1,0
29312926,designer 1br in les/chinatown with rooftop access,15644345,veronika,manhattan,lower east side,40.71477,-73.98575,entire home/apt,250,5,1,2018-12-11,0.14,1,0
29359223,"sunny, clean 2 bedroom",9806886,tiffany,brooklyn,carroll gardens,40.67742,-74.00146,entire home/apt,200,7,1,2019-01-03,0.16,1,0
29359338,cosy bedroom in prime soho,9319215,julia,manhattan,soho,40.72751,-74.0018,private room,250,7,3,2019-01-18,0.44,1,0
29384552,bright and cozy room in bed-stuy,73377711,margaux,brooklyn,bedford-stuyvesant,40.68539,-73.94903,private room,60,4,1,2018-11-03,0.12,1,0
29416543,asshur’s room,49664763,asshur,brooklyn,east flatbush,40.66098,-73.92382,private room,77,1,1,2018-11-08,0.12,1,0
29416986,room in the heart of new york city,32896046,ramon,manhattan,midtown,40.76289,-73.98003,private room,115,3,2,2018-11-25,0.25,1,0
29418724,park view new york apartment,57675402,nofar,manhattan,morningside heights,40.81424,-73.96051,entire home/apt,100,4,2,2018-12-27,0.3,1,0
29431974,charming studio in one of the best locations!,76323622,liza,manhattan,nolita,40.72342,-73.99408,entire home/apt,250,2,2,2019-01-01,0.28,1,0
29432994,brownstone w/terrace-close to rockefeller tree,1343352,marisa,manhattan,upper west side,40.7764,-73.98144,entire home/apt,220,2,1,2018-11-18,0.13,1,0
29450310,"cozy, newly renovated, 2 bed, brooklyn apartment",8699249,tom,brooklyn,park slope,40.67811,-73.97974,entire home/apt,200,3,3,2019-06-22,0.4,1,0
29452507,charming carroll gardens/gowanus apartment,977716,larah,brooklyn,carroll gardens,40.67861,-73.99469,entire home/apt,125,2,2,2018-11-25,0.24,1,0
29457851,new luxury williamsburg 2 bedroom 2 bath,53223410,rachael,brooklyn,williamsburg,40.71047,-73.95529,entire home/apt,200,5,2,2019-01-01,0.26,1,0
29484503,parisian west village apartment,4952877,alexis,manhattan,west village,40.7374,-74.00409,entire home/apt,255,2,3,2019-01-02,0.39,1,0
29491851,"gorgeous 2 bedroom apt in ditmas park
1300 ft.²",2831146,nicole,brooklyn,flatbush,40.63513,-73.9672,entire home/apt,185,2,2,2018-12-28,0.27,1,0
29517411,sun drenched apartment in brooklyn,62015880,daniel,brooklyn,crown heights,40.66734,-73.95637,entire home/apt,119,2,4,2018-11-26,0.47,1,0
29546132,loft apartment in bed-stuy,7450345,amy,brooklyn,bedford-stuyvesant,40.69032,-73.9544,entire home/apt,107,3,1,2018-10-26,0.12,1,0
29563829,beautiful twin room in victorian cottage,7878911,summer & kamilya,brooklyn,flatbush,40.63635,-73.95502,private room,90,3,5,2019-06-09,0.59,1,0
29570920,nice bedroom in brooklyn !,15989323,lea,brooklyn,williamsburg,40.7068,-73.94439,private room,50,4,2,2019-01-03,0.31,1,0
29584789,beautiful upper east side 1 bedroom apt: king size,41233448,elizabet,manhattan,upper east side,40.76975,-73.9524,entire home/apt,260,6,2,2018-12-25,0.25,1,0
29591011,"cozy, cute room in williamsburg w/ shared backyard",41728993,raqueli,brooklyn,williamsburg,40.71518,-73.93982,private room,95,1,1,2019-05-04,0.45,1,0
29612248,"colorful, sun drenched bed stuy gem",19920574,briana,brooklyn,bedford-stuyvesant,40.68624,-73.9515,entire home/apt,150,4,2,2018-12-31,0.26,1,0
29612355,rare gem nestled in the heart of bushwick,6814283,marc,brooklyn,bushwick,40.70218,-73.93034,entire home/apt,140,3,3,2019-04-28,0.48,1,0
29628181,2 bed next to times square w/ private heated patio,21703883,david,manhattan,hell's kitchen,40.76289,-73.99487,entire home/apt,250,2,6,2019-02-18,0.75,1,0
29629862,private room in huge soho apartment,4341365,sophie,manhattan,soho,40.72243,-74.00027,private room,80,5,1,2019-03-05,0.24,1,0
29630099,beauty in the heart of downtown brooklyn,57773455,banafsheh,brooklyn,cobble hill,40.68691,-73.99818,entire home/apt,109,3,3,2019-01-03,0.37,1,0
29631302,"large bedroom in beautiful, modern apartment",24799369,alfonso,manhattan,hell's kitchen,40.76381,-73.9919,private room,120,5,1,2019-01-03,0.16,1,0
29632875,bright and cozy brooklyn apartment,14906911,sophie,brooklyn,williamsburg,40.71867,-73.95162,private room,75,1,3,2019-02-14,0.37,1,0
29654969,spacious room in ridgewood,58377909,benjamin,queens,ridgewood,40.69956,-73.90752,private room,30,6,2,2019-01-08,0.26,1,0
29661457,modern spacious room in loft with rooftop,2930482,ashley,queens,ridgewood,40.70177,-73.89797,private room,75,1,1,2018-11-17,0.13,1,0
29674265,stylish studio in the heart of clinton hill,777522,harris,brooklyn,clinton hill,40.68424,-73.96661,entire home/apt,105,1,3,2019-06-09,0.4,1,0
29683957,williamsburg waterfront luxury apartment,18283992,hannah,brooklyn,williamsburg,40.719,-73.96419,entire home/apt,250,2,2,2019-04-14,0.33,1,0
29689103,cozy studio btw upper east side and midtown east,19289434,roman,manhattan,upper east side,40.76118,-73.96036,entire home/apt,140,3,1,2019-02-24,0.22,1,0
29703465,"sunny, modern comfort in harlem",61684829,chris,manhattan,harlem,40.80602,-73.95627,entire home/apt,250,3,2,2018-12-02,0.27,1,0
29737954,room 3 blocks from columbus circle / central park,58077160,kat,manhattan,hell's kitchen,40.76579,-73.98557,private room,140,6,1,2018-11-12,0.13,1,0
29776313,suite splendor near the prospect park.,864766,leigh,brooklyn,park slope,40.66912,-73.97493,entire home/apt,150,5,6,2019-06-30,0.74,1,0
29794028,"cosy bedroom in bedstuy - a, c and g trains",103216104,esther,brooklyn,bedford-stuyvesant,40.68409,-73.94965,private room,60,7,1,2018-11-07,0.12,1,0
29821998,"cozy apartment, subwayemr7nw, 5mins to manhattan",52767716,eden,queens,long island city,40.74836,-73.93833,private room,95,2,3,2018-12-31,0.44,1,0
29822873,west village corner 1 bedroom gem,2465013,alyssa,manhattan,west village,40.72994,-74.00456,entire home/apt,275,3,2,2019-01-02,0.29,1,0
29852402,flex room with private patio in bushwick,60258049,john,brooklyn,bushwick,40.69061,-73.90815,shared room,42,2,5,2019-01-01,0.67,1,0
29860764,"stylish, clean, quiet space in the ues",2931626,liz,manhattan,upper east side,40.76747,-73.95451,entire home/apt,120,2,2,2018-12-28,0.27,1,0
29870750,creative house for traveling creatives,40883581,morian,brooklyn,bedford-stuyvesant,40.68942,-73.95428,private room,55,1,4,2019-04-06,0.53,1,0
29881570,new york cozy studio near multiple metro lines,12131971,maria,manhattan,midtown,40.75855,-73.96961,entire home/apt,140,1,3,2018-12-09,0.37,1,0
29923182,$250.,1611747,travis,manhattan,lower east side,40.71341,-73.98981,entire home/apt,250,1,1,2018-11-13,0.13,1,0
29947091,cozy private bedroom in harlem (women only),29010692,josephine,manhattan,east harlem,40.79768,-73.93455,private room,40,2,2,2019-01-01,0.26,1,0
29956865,furnished room in crown heights brooklyn,34514781,caroline,brooklyn,crown heights,40.67442,-73.95165,private room,50,7,1,2018-12-17,0.15,1,0
29957848,beautiful uws apt. \\ 4 mins from central park,74595855,alon,manhattan,upper west side,40.77951,-73.97765,entire home/apt,200,5,3,2019-05-26,0.49,1,0
29963540,"bushwick, prvt room/prvt bath, 20mins to manhattan",52357574,mitch,brooklyn,bushwick,40.6988,-73.91388,private room,85,1,2,2018-12-23,0.27,1,0
29964495,brooklyn 2 bedroom apartment for pet lovers,4980714,caitlin,brooklyn,sunset park,40.66006,-73.99161,entire home/apt,100,4,1,2019-01-01,0.16,1,0
29976484,modern apartment in the heart of brooklyn,20857455,wesley,brooklyn,east flatbush,40.65477,-73.95159,entire home/apt,150,3,1,2018-12-31,0.16,1,0
29978942,marcus’s place,43434770,marcus,brooklyn,bedford-stuyvesant,40.69522,-73.94027,private room,50,7,1,2019-04-19,0.37,1,0
29979510,landmarked 2bdrm near fort greene park w deck,12211018,bridget,brooklyn,clinton hill,40.69116,-73.96538,entire home/apt,170,2,3,2018-12-29,0.39,1,0
29982192,boho chic brooklyn escape,8246221,rana,brooklyn,prospect-lefferts gardens,40.66108,-73.94959,entire home/apt,105,4,1,2019-01-03,0.16,1,0
29987700,"spacious, sunny 1 bedroom on the lower east side",11729215,daniela,manhattan,lower east side,40.71391,-73.97747,entire home/apt,225,2,1,2019-01-01,0.16,1,0
30012632,lovely bedroom in prime williamsburg,87167456,hernan,brooklyn,greenpoint,40.71942,-73.95011,private room,75,4,2,2018-12-08,0.26,1,0
30015529,"quiet, sun-filled, 1br williamsburg apt",53444504,harvey,brooklyn,williamsburg,40.71633,-73.94138,entire home/apt,200,1,5,2019-06-16,0.66,1,0
30018456,comfortable private room in flatbush!,72015600,xaxa,brooklyn,flatbush,40.64664,-73.95486,private room,60,1,3,2019-01-27,0.48,1,0
30023607,sunny bedroom with a view in east village/les/nyc,29217011,eb,manhattan,lower east side,40.72122,-73.98652,private room,85,4,2,2019-01-04,0.28,1,0
30043754,spacious bedroom in midtown east manhattan,2559403,belen,manhattan,midtown,40.75959,-73.97084,private room,100,3,1,2018-12-31,0.16,1,0
30047100,big brownstone apartment in prime williamsburg,22588056,amy,brooklyn,williamsburg,40.71323,-73.96319,entire home/apt,90,7,1,2019-01-02,0.16,1,0
30047371,home away from home! 25 mins from time square,59240650,angely,manhattan,inwood,40.8597,-73.92748,private room,75,2,5,2019-01-05,0.66,1,0
30057380,brooklyn bed and breakfast next to prospect park,14022130,farah,brooklyn,prospect-lefferts gardens,40.65646,-73.95229,entire home/apt,115,2,1,2018-12-26,0.15,1,0
30059328,two blocks from washington square park!!,41194120,melissa,manhattan,greenwich village,40.72978,-73.99982,entire home/apt,275,1,4,2019-05-26,0.61,1,0
30064760,spacious sunny bedroom in bushwick/ridgewood,12625398,marcela,queens,ridgewood,40.70581,-73.90978,private room,43,2,4,2019-04-21,0.55,1,0
30065947,comfortable room with private entrance,4460107,julia,brooklyn,greenpoint,40.72745,-73.9483,entire home/apt,85,3,4,2019-02-23,0.53,1,0
30069635,"chic, spacious, private home away from home!",101367917,colleen,queens,astoria,40.76589,-73.92259,private room,150,2,4,2019-04-28,0.55,1,0
30071646,bright spacious brooklyn room with living room,38250051,carrie,brooklyn,sunset park,40.65978,-73.99406,private room,50,3,3,2019-04-07,0.43,1,0
30084221,"live in the heart of east village, manhatan",44642799,judith,manhattan,east village,40.72818,-73.98075,entire home/apt,225,3,2,2019-01-03,0.31,1,0
30088310,private bedroom in a quintessential uws apartment,2723489,leslie,manhattan,upper west side,40.80055,-73.96876,private room,80,2,3,2019-01-03,0.42,1,0
30101954,spacious bright bedroom in modern apartment,57755572,georgia,brooklyn,greenpoint,40.73008,-73.96062,private room,70,2,2,2019-01-05,0.27,1,0
30102118,huge two bedroom in trendy greenpoint,5743700,joshua,brooklyn,greenpoint,40.72918,-73.95538,entire home/apt,200,4,1,2018-12-26,0.15,1,0
30120427,"2 blocks from train, balcony, free parking!",50319699,sharon,queens,astoria,40.77036,-73.92191,entire home/apt,165,3,2,2019-05-06,0.27,1,0
30123494,comfy modern appartment in hip crown heights,11869986,christopher,brooklyn,crown heights,40.67299,-73.95804,entire home/apt,210,4,1,2019-01-01,0.16,1,0
30131908,private room in upper east side |near central park,79194704,fernanda,manhattan,east harlem,40.78721,-73.94131,private room,99,1,1,2018-11-26,0.13,1,0
30147493,nolita / soho 1 bedroom oasis,2743475,jenny,manhattan,nolita,40.72224,-73.99675,entire home/apt,165,3,5,2019-02-06,0.74,1,0
30153367,private room perfect for tourists,43981373,celeste,bronx,concourse,40.83488,-73.91988,private room,45,2,3,2019-06-16,0.57,1,0
30158357,room in bushwick apartment,50755816,tali,brooklyn,bushwick,40.69631,-73.92944,private room,37,1,2,2019-02-18,0.34,1,0
30180208,nice bedroom in cosy harlem apartment,75349777,charles,manhattan,harlem,40.81533,-73.95733,private room,70,3,3,2019-01-02,0.42,1,0
30186632,**bed-stuy studio**,2823246,paige,brooklyn,bedford-stuyvesant,40.68377,-73.95804,entire home/apt,70,4,1,2018-11-23,0.13,1,0
30187331,prime area room/astoria/lga 5 minutes,52599987,jess,queens,ditmars steinway,40.77568,-73.90303,private room,100,1,2,2018-12-09,0.27,1,0
30215130,large newly renovated 1 bedroom apartment,27245607,sidney,manhattan,west village,40.73331,-74.00502,entire home/apt,165,1,2,2019-03-11,0.32,1,0
30247044,great room with amazing view - 15 minutes to city,326465,joshua,brooklyn,greenpoint,40.7247,-73.95378,private room,88,7,1,2018-12-23,0.15,1,0
30249168,uws lofted studio just off central park,27126531,bronwyn,manhattan,upper west side,40.77642,-73.97987,entire home/apt,150,3,3,2019-01-02,0.42,1,0
30286108,"bright, beautiful bed-stuy brooklyn 2 bedroom",36535955,jillian,brooklyn,bedford-stuyvesant,40.68243,-73.95697,entire home/apt,139,2,2,2019-04-21,0.31,1,0
30287525,sweet sugar hill studio,65653322,heavenly,manhattan,harlem,40.82521,-73.94037,entire home/apt,97,2,2,2018-12-09,0.27,1,0
30289333,"sunny, spacious, 1-bedroom apartment in ues, nyc",24717090,shehrezad,manhattan,upper east side,40.77262,-73.9501,entire home/apt,220,4,2,2019-01-09,0.28,1,0
30295374,"sunny, cozy private room in bushwick!",53215338,catherine,brooklyn,bushwick,40.6985,-73.93578,private room,80,1,1,2019-01-01,0.16,1,0
30296033,pretty private bedroom in shared apt near columbia,66462141,deena,manhattan,harlem,40.80446,-73.95567,private room,47,5,3,2019-05-18,0.42,1,0
30297696,cozy and comfortable studio in clinton hill.,1883287,max,brooklyn,clinton hill,40.6848,-73.96614,entire home/apt,125,3,2,2018-11-26,0.27,1,0
30313903,sunny eclectic apt near the park & brooklyn museum,11815674,christina,brooklyn,crown heights,40.66661,-73.95301,entire home/apt,125,3,4,2019-06-30,0.63,1,0
30315829,"cozy studio apartment in greenpoint, brooklyn",42661839,justin,brooklyn,greenpoint,40.73468,-73.95418,entire home/apt,149,5,2,2019-06-15,0.32,1,0
30323677,spacious studio in the heart of west village,50014274,luke,manhattan,west village,40.73598,-73.99903,entire home/apt,200,2,2,2019-06-01,0.27,1,0
30325586,nice and artsy apartment in east village,26671786,sherry,manhattan,east village,40.7233,-73.97882,private room,79,1,4,2019-05-27,0.61,1,0
30354291,cozy private bedroom with great east river view,24593962,sean,manhattan,upper east side,40.78353,-73.94592,private room,90,2,1,2018-12-05,0.14,1,0
30367948,beautiful apartment in brooklyn heights,26312879,daron,brooklyn,brooklyn heights,40.69458,-73.99771,entire home/apt,125,5,3,2019-05-18,0.48,1,0
30373102,big cozy room in washington heights,24762196,manuel,manhattan,washington heights,40.8471,-73.93996,private room,80,3,3,2019-01-03,0.42,1,0
30400980,cozy 2 bed/1 bath in the heart of red hook,62869020,jacob,brooklyn,red hook,40.67846,-74.0141,entire home/apt,120,4,2,2019-02-26,0.39,1,0
30418156,cozy room in doormen/elev. bldg by grand central,24346280,eric,manhattan,midtown,40.75294,-73.97105,private room,70,5,1,2019-02-20,0.22,1,0
30418220,aziza's cosy apartment,59917137,aziza,manhattan,harlem,40.8206,-73.93779,private room,65,5,1,2019-01-02,0.16,1,0
30422332,"huge, beautiful apt perfect for holidays in harlem",8661991,olivia,manhattan,harlem,40.81223,-73.94156,entire home/apt,200,2,1,2018-12-30,0.16,1,0
30428469,"cozy, spacious studio located on upper east side",29411875,nikki,manhattan,upper east side,40.76782,-73.95918,entire home/apt,175,3,3,2019-01-01,0.46,1,0
30428730,charming studio in the heart of west village,17618432,camellia,manhattan,west village,40.73563,-74.00659,entire home/apt,215,1,3,2019-01-01,0.42,1,0
30430163,apartment in south williamsburg,96089493,masashi,brooklyn,williamsburg,40.71282,-73.95742,private room,60,1,1,2018-12-08,0.14,1,0
30437417,spacious 1 bedroom brooklyn apartment,1627760,lucy,brooklyn,clinton hill,40.68911,-73.96297,entire home/apt,190,3,1,2019-01-01,0.16,1,0
30439398,super sunny room in calm bed-stuy apartment,47152279,noelle,brooklyn,bedford-stuyvesant,40.69043,-73.94288,private room,40,3,3,2019-05-18,0.43,1,0
30442257,"luxury building 15 mins from les
manhattan",40204585,olivia,brooklyn,bushwick,40.70026,-73.93582,entire home/apt,180,1,3,2019-04-09,0.47,1,0
30448539,lower east side tenement get away,27421445,brett,manhattan,lower east side,40.71357,-73.98553,private room,50,6,1,2019-01-06,0.16,1,0
30451593,holiday rental: great room close to trains!,27664722,gloria,brooklyn,bushwick,40.69539,-73.92267,private room,30,3,2,2019-01-01,0.3,1,0
30459160,large 2 bedroom apt - close to everything!,84147508,andre,queens,ridgewood,40.70028,-73.90785,entire home/apt,190,3,1,2018-12-30,0.16,1,0
30464498,"ideally located cozy, quiet apartment",46745791,christine,manhattan,hell's kitchen,40.76289,-73.98808,entire home/apt,145,2,3,2019-01-02,0.46,1,0
30476053,gorgeous 2 bed oasis near vibrant prospect park!,1229653,nana & karim,brooklyn,flatbush,40.64823,-73.9625,entire home/apt,90,3,2,2019-04-29,0.33,1,0
30477343,private room in bushwick - 15 min to manhattan,51610412,shayan,brooklyn,bushwick,40.70424,-73.92682,private room,45,4,2,2018-12-30,0.28,1,0
30498747,luxurious bedroom in tribeca - walk to world trade,36642844,jason,manhattan,tribeca,40.71802,-74.01038,private room,97,1,4,2019-04-26,0.63,1,0
30501797,cozy 1 bedroom east village apartment,5048861,manuela,manhattan,east village,40.72333,-73.97934,entire home/apt,101,2,3,2019-01-01,0.45,1,0
30502203,"clean, cozy private bedroom/apartment",11332183,tj,manhattan,harlem,40.81281,-73.94475,private room,65,3,3,2019-05-27,0.45,1,0
30506672,peaceful haven in nyc!,24419496,melissa,manhattan,upper east side,40.77604,-73.94524,entire home/apt,125,3,1,2019-01-03,0.16,1,0
30510275,"charming, well-located with everything you need!",10184093,lilian,brooklyn,fort greene,40.69027,-73.97173,entire home/apt,119,5,3,2019-05-22,0.47,1,0
30524542,the gingerheadman's house!,18403410,jonathan e,brooklyn,crown heights,40.67817,-73.94691,private room,150,1,3,2019-03-23,0.43,1,0
30531585,the williamsburg artist's pad,6349101,michael,brooklyn,williamsburg,40.71058,-73.93912,entire home/apt,111,5,1,2018-12-08,0.14,1,0
30537221,spacious beautifully designed modern 2-bedroom,3137237,oleg,manhattan,morningside heights,40.81068,-73.9582,entire home/apt,175,1,1,2018-12-30,0.16,1,0
30537851,upper west side 3-bedroom,81009456,carolina,manhattan,upper west side,40.80368,-73.96662,entire home/apt,133,1,2,2018-12-29,0.28,1,0
30541377,beautiful private room in harlem/hamilton height,60939718,tisya,manhattan,harlem,40.82576,-73.94454,private room,43,5,1,2018-12-20,0.15,1,0
30541439,brooklyn room with empire state building view,56665831,perrine,brooklyn,bedford-stuyvesant,40.68947,-73.95269,private room,99,5,1,2019-01-02,0.16,1,0
30551020,2br in williamsburg | one block from hewes jmz,2324779,erik,brooklyn,williamsburg,40.70898,-73.95391,entire home/apt,250,6,1,2018-12-31,0.16,1,0
30554810,railroad 2 bdr apartment,70065270,iryna,manhattan,east harlem,40.789,-73.94798,entire home/apt,90,3,1,2019-01-01,0.16,1,0
30558005,penthouse apartment in the heart of williamsburg,22591930,matthew,brooklyn,williamsburg,40.71901,-73.96303,private room,70,2,1,2019-01-01,0.16,1,0
30561958,vibey artist studio - heart of lower east side,35435470,martha nicole,manhattan,lower east side,40.72149,-73.98918,entire home/apt,99,1,3,2019-01-27,0.49,1,0
30565063,private bedroom on newly renovated apartment,61560050,bárbara,brooklyn,bushwick,40.70279,-73.91347,private room,55,2,2,2019-01-01,0.32,1,0
30567265,a gem in bushwick,61107296,jessica,queens,ridgewood,40.70732,-73.91491,private room,65,1,3,2019-01-02,0.47,1,0
30580668,clinton hill studio,2948760,ian,brooklyn,clinton hill,40.68554,-73.96651,entire home/apt,120,3,3,2019-04-27,0.47,1,0
30582797,modern chic studio,38256284,daniyal,manhattan,chelsea,40.74322,-73.99547,entire home/apt,250,1,1,2018-12-30,0.16,1,0
30655067,skyline views in williamsburg 4br,85315237,matthew,brooklyn,williamsburg,40.70971,-73.94804,private room,50,4,1,2018-12-27,0.15,1,0
30690804,cosy apt,43053304,ali,manhattan,upper east side,40.77778,-73.94893,entire home/apt,120,5,1,2019-02-24,0.22,1,0
30691909,spacious 1 br home in hell's kitchen,1319214,nick,manhattan,hell's kitchen,40.76333,-73.98917,entire home/apt,172,4,3,2019-02-21,0.42,1,0
30692398,large bright room in the heart of bushwick,51431600,aurélie,brooklyn,bushwick,40.70134,-73.92111,private room,50,5,1,2019-01-03,0.16,1,0
30694839,brand new beautiful apartment in williamsburg!,17665952,bree,brooklyn,williamsburg,40.70973,-73.95811,private room,75,7,2,2019-05-19,0.28,1,0
30706240,cozy new york apartment. amazing location!,35179914,juanita,manhattan,harlem,40.82495,-73.94023,entire home/apt,150,5,1,2019-01-11,0.17,1,0
30706271,giant duplex with backyard 20 mins to manhattan!,10045509,rebecca,queens,ditmars steinway,40.77315,-73.9075,entire home/apt,150,5,2,2019-04-02,0.32,1,0
30707586,very cozy apartment in brooklyn.,13223221,tatiana,brooklyn,midwood,40.61843,-73.95626,entire home/apt,75,3,1,2019-03-10,0.25,1,0
30728885,private room,9412549,michael,manhattan,financial district,40.70822,-74.00885,private room,180,1,1,2019-01-18,0.17,1,0
30733576,king size bed in hip les -subway outside,19052001,madison,manhattan,lower east side,40.7124,-73.99054,private room,80,2,3,2019-03-02,0.6,1,0
30739988,quite spacious studio easy access to all,103922915,shu,manhattan,midtown,40.75816,-73.97004,entire home/apt,149,2,3,2019-01-01,0.46,1,0
30750063,"tranquility and views - 2 beds, family-friendly",9976776,tatiana,manhattan,roosevelt island,40.76209,-73.94854,private room,199,3,1,2019-01-02,0.16,1,0
30767663,1 bedroom apartment in bushwick,6297882,indre,brooklyn,bushwick,40.69879,-73.92936,entire home/apt,120,3,2,2019-06-05,0.35,1,0
30769015,heart of bedford stuyvesant.  next to subway.   full floor in brown stone.  great neighborhood.   20 minutes to downtown manhattan.   best place ever.,95915902,sam,brooklyn,bedford-stuyvesant,40.68883,-73.9525,entire home/apt,100,2,5,2019-01-06,0.75,1,0
30775672,private room in sunny apartment in williamsburg,49292750,baptiste,brooklyn,williamsburg,40.70766,-73.94789,private room,72,3,2,2019-02-03,0.31,1,0
30817133,"spacious, mid-century studio in downtown brooklyn!",1992020,brandon,brooklyn,fort greene,40.6874,-73.97973,entire home/apt,199,5,2,2019-05-06,0.32,1,0
30819021,your 1br home in murray hill!,41955015,angeles,manhattan,murray hill,40.74719,-73.97478,entire home/apt,150,1,2,2019-01-07,0.32,1,0
30819919,charming hideout by the east river,63419128,noah,manhattan,stuyvesant town,40.73284,-73.97635,private room,120,3,2,2019-01-19,0.32,1,0
30820590,sun-soaked historic brownstone apartment,4408261,peter,brooklyn,bedford-stuyvesant,40.68191,-73.95812,entire home/apt,130,3,1,2019-01-02,0.16,1,0
30879761,comfortable suite/apartment in manhattan,25573498,tong,manhattan,morningside heights,40.80511,-73.96572,entire home/apt,60,5,4,2019-02-20,0.59,1,0
30882957,greenpoint light & plant filled apt mins from city,37147077,ashli,brooklyn,greenpoint,40.73787,-73.95281,entire home/apt,115,3,2,2019-02-18,0.32,1,0
30905265,composer's atelier in the heart of brooklyn,44354001,silvio,brooklyn,bedford-stuyvesant,40.69018,-73.93118,private room,38,1,1,2019-01-03,0.16,1,0
30906210,newly renovated doorman apt. with great amenities,10672594,eduard,queens,long island city,40.74827,-73.94557,entire home/apt,210,3,1,2019-01-01,0.16,1,0
30907275,cozy brooklyn loft,105221828,tk,brooklyn,bedford-stuyvesant,40.68124,-73.90797,private room,60,2,1,2019-04-21,0.38,1,0
30913224,"cozy and sunny room williamsburg, luxury building",33771081,rémy,brooklyn,williamsburg,40.70959,-73.94652,private room,80,3,2,2019-05-08,0.31,1,0
30914075,room in big and light prospect heights apartment,16333280,hanna,brooklyn,prospect heights,40.67452,-73.96618,private room,55,2,4,2019-05-12,0.65,1,0
30923312,700sf one bedroom loft in the clouds,30214050,alexandra,brooklyn,williamsburg,40.7131,-73.95044,entire home/apt,125,5,1,2019-01-02,0.16,1,0
30933599,gorgeous bedroom in spacious brooklyn apt,17259675,christine,brooklyn,bushwick,40.70018,-73.91573,private room,60,1,3,2019-03-17,0.48,1,0
30937306,hart street garden apartment,34119511,charles,brooklyn,bedford-stuyvesant,40.69406,-73.93321,private room,30,2,1,2018-12-23,0.15,1,0
30938001,"huge 400 sf br, amazing location",6857284,hadley,brooklyn,prospect heights,40.6805,-73.97376,private room,45,2,3,2019-01-30,0.49,1,0
30938769,bright 1 bedroom / columbia & morningside heights,88774551,megan,manhattan,morningside heights,40.81325,-73.96122,entire home/apt,80,3,1,2018-12-20,0.15,1,0
30940831,bohemian 1-bedroom in williamsburg,77825548,rafe,brooklyn,williamsburg,40.70379,-73.94329,private room,100,1,1,2018-12-30,0.16,1,0
30942047,holiday get away,19902999,jose,manhattan,midtown,40.75914,-73.9798,entire home/apt,150,1,1,2018-12-31,0.16,1,0
30953535,artist apartment in eastvillage,2139368,alexander,manhattan,east village,40.7289,-73.98091,entire home/apt,175,5,1,2019-01-01,0.16,1,0
30954828,clean and cozy 1 bedroom apartment in les,90230216,ellen fannie,manhattan,lower east side,40.71966,-73.98184,entire home/apt,102,2,2,2019-01-01,0.3,1,0
30955422,"huge warm sunny room in clinton hill, brooklyn",12012671,zahava,brooklyn,bedford-stuyvesant,40.69266,-73.96046,private room,65,5,1,2018-12-19,0.15,1,0
30958853,"cozy room,25 minutes to manhattan",32581689,fnu,brooklyn,sunset park,40.63818,-74.01918,private room,32,3,1,2019-01-01,0.16,1,0
30960178,room in amazing williamsburg apartment!,36213174,brittney,brooklyn,williamsburg,40.70786,-73.95022,private room,70,5,1,2019-01-02,0.16,1,0
30961345,2-bedroom apartment on the upper east side,86534046,sierra,manhattan,upper east side,40.78228,-73.94715,entire home/apt,130,1,4,2019-02-17,0.63,1,0
30980752,sunny home w/ beautiful views,41511227,joe,brooklyn,gowanus,40.66744,-73.99254,entire home/apt,99,2,1,2019-01-21,0.18,1,0
31054045,cozy and bright bedroom for one or two,93317715,trisha,queens,ridgewood,40.7067,-73.91458,private room,65,4,1,2019-04-26,0.41,1,0
31055032,greenwich village prewar off washington sq park!,2623620,jacob,manhattan,greenwich village,40.72956,-73.9986,entire home/apt,142,3,3,2019-01-03,0.45,1,0
31055896,cute/clean affordable room close to public transp.,31247820,samuel,manhattan,washington heights,40.83845,-73.9412,private room,75,1,1,2019-01-05,0.16,1,0
31057394,cozy bedroom in spacious crown heights apartment!,57090879,aaron,brooklyn,crown heights,40.66527,-73.95729,private room,60,1,1,2018-12-31,0.16,1,0
31067269,new york - upper east side cozy appartment,60658041,armel,manhattan,upper east side,40.77018,-73.95502,private room,125,3,2,2019-06-18,0.3,1,0
31113620,huge queen bed 1 block away from prospect park!,29102073,melissa,brooklyn,flatbush,40.65327,-73.96573,private room,60,5,2,2019-05-27,0.32,1,0
31120894,bright and cozy room in greenpoint!,95475481,brandi,brooklyn,greenpoint,40.72706,-73.95439,private room,55,7,2,2019-02-28,0.38,1,0
31122836,luxury union square loft (3000 sq ft),22997536,kyle,manhattan,chelsea,40.73732,-73.99033,private room,200,1,2,2019-03-11,0.32,1,0
31123021,designer artist loft in williamsburg,755603,laura,brooklyn,williamsburg,40.70904,-73.94574,entire home/apt,150,2,4,2019-06-16,0.63,1,0
31124462,home in hell's kitchen,2373009,reza,manhattan,hell's kitchen,40.76416,-73.98685,private room,100,1,1,2019-02-24,0.22,1,0
31149465,spacious duplex with two terraces and a roof deck,24202039,logan,brooklyn,williamsburg,40.71142,-73.94819,private room,125,1,1,2018-12-31,0.16,1,0
31151589,private room in beautiful brownstone building,16354583,monica,brooklyn,crown heights,40.67325,-73.94666,private room,30,5,2,2019-01-31,0.33,1,0
31151736,the perfect nyc flat in the meatpacking / chelsea,43770857,matthew,manhattan,chelsea,40.74393,-74.00444,entire home/apt,190,3,2,2019-03-04,0.32,1,0
31201553,brooklyn bedroom and open basement,350088,richard,brooklyn,williamsburg,40.72023,-73.9585,private room,200,2,1,2019-01-27,0.18,1,0
31220749,"private bedroom near m train, 22 min to manhattan!",47931146,rachel,queens,ridgewood,40.70393,-73.90851,private room,39,6,2,2019-04-03,0.55,1,0
31221092,central harlem private room,26216172,sergio,manhattan,harlem,40.81577,-73.94711,private room,60,2,1,2019-01-07,0.16,1,0
31276196,large bright modern apartment in luxury building,6965682,sharif,brooklyn,bushwick,40.70162,-73.93607,entire home/apt,180,5,1,2019-03-16,0.26,1,0
31280733,williamsburg private room in homey space by trains,23308549,john,brooklyn,williamsburg,40.71388,-73.95744,private room,75,2,1,2019-02-12,0.2,1,0
31283569,cozy sunny room in washington heights,80054574,esaú,manhattan,washington heights,40.85547,-73.92912,private room,33,3,1,2019-01-17,0.17,1,0
31284182,1 bd. apartment in central greenpoint,1694324,rikki,brooklyn,greenpoint,40.72392,-73.948,entire home/apt,175,4,3,2019-04-22,0.58,1,0
31285648,"1 bedroom in roommates apartment
in williamsburg",3147732,ofek,brooklyn,williamsburg,40.72011,-73.94487,private room,45,1,2,2019-02-17,0.4,1,0
31287736,herbalist’s home,17262002,elizabeth,brooklyn,greenpoint,40.73536,-73.9581,private room,70,1,1,2019-01-16,0.17,1,0
31292343,best east village location,12965214,alana,manhattan,east village,40.7297,-73.97959,private room,99,2,1,2019-02-01,0.19,1,0
31313010,creative artist apartment in williamsburg,10196479,vanessa,brooklyn,williamsburg,40.71285,-73.95558,private room,45,3,1,2019-01-22,0.18,1,0
31315936,large room near express trains & central park,10746800,julian,manhattan,upper west side,40.79471,-73.96918,private room,61,4,2,2019-02-22,0.37,1,0
31364352,"nyc, east 108th st, private bed room, female only",24920992,takuya,manhattan,east harlem,40.79241,-73.94132,private room,70,2,3,2019-06-18,0.54,1,0
31389369,soho charm - entire 2-br apartment,22322931,maria bonde,manhattan,soho,40.72672,-74.00066,entire home/apt,200,2,1,2019-01-20,0.18,1,0
31400005,"cute, simple & cheap studio. great location ues!",87348589,hana,manhattan,upper east side,40.77769,-73.94836,entire home/apt,130,3,3,2019-03-04,0.64,1,0
31466547,private and cozy room in bushwick,62857588,natalie,brooklyn,cypress hills,40.68001,-73.90547,private room,35,7,1,2019-02-24,0.22,1,0
31472775,private room in brooklyn: near l/a/c/j trains,20647101,james,brooklyn,bushwick,40.68364,-73.90748,private room,45,1,2,2019-03-01,0.39,1,0
31474100,"big window, good lighting, computer and speaker!",9475918,joanne,brooklyn,bedford-stuyvesant,40.69306,-73.94565,private room,39,1,1,2019-02-26,0.22,1,0
31495625,sunny one-bedroom in prospect heights,17726859,liz,brooklyn,prospect heights,40.681,-73.96827,private room,150,1,1,2019-01-19,0.18,1,0
31596519,idyllic 1000 sq ft bushwick loft steps from the l.,3246916,jos,brooklyn,williamsburg,40.7049,-73.93301,entire home/apt,250,3,2,2019-05-15,0.37,1,0
31626920,quiet place at manhattan midtown west,50339845,jitabella,manhattan,upper west side,40.7733,-73.98913,private room,50,1,3,2019-02-06,0.53,1,0
31669029,cozy bedroom in artsy bushwick loft,7571700,harris,brooklyn,williamsburg,40.70404,-73.93348,private room,45,3,3,2019-04-23,0.76,1,0
31669844,studio in lovely astoria,46324691,eva,queens,astoria,40.77026,-73.92574,entire home/apt,125,7,2,2019-04-03,0.58,1,0
31677547,new williamsburg gardens large room private bath,86604612,janet,brooklyn,williamsburg,40.70624,-73.9508,private room,75,2,3,2019-06-22,0.74,1,0
31688794,awesome 1 br apartment,24618314,mishka,brooklyn,bedford-stuyvesant,40.68638,-73.95442,entire home/apt,56,3,2,2019-02-18,0.36,1,0
31713522,whole ridgewood railroad 2 blocks from m,11082069,sam,queens,ridgewood,40.70271,-73.90517,entire home/apt,52,7,1,2019-02-02,0.19,1,0
31729652,sunny studio located in the heart of harlem,91390716,kathiana joy,manhattan,harlem,40.81207,-73.94335,entire home/apt,80,2,3,2019-02-25,0.63,1,0
31738077,cozy private room in williamsburg,50497157,luca,brooklyn,williamsburg,40.71248,-73.94859,private room,45,3,1,2019-02-21,0.22,1,0
31764572,modern living in semi-industrial setting,78326799,patrick,brooklyn,gowanus,40.68289,-73.9878,private room,80,1,2,2019-04-07,0.63,1,0
31805784,beautiful & cozy - soho studio,35486274,evan,manhattan,soho,40.72451,-74.00385,entire home/apt,132,2,3,2019-05-06,0.73,1,0
31837921,private duplex by trains in the heart of bushwick,46072382,abigail,brooklyn,bushwick,40.69863,-73.934,entire home/apt,107,4,1,2019-03-01,0.23,1,0
31881759,new 1br w/ king bed.  subway close.  b in nyc 7min,799317,michael,brooklyn,williamsburg,40.71571,-73.94722,entire home/apt,175,3,1,2019-02-11,0.2,1,0
31894643,spacious 1br with terrace in the heart of brooklyn,27547703,brent,brooklyn,brooklyn heights,40.69712,-73.99307,entire home/apt,110,2,2,2019-06-09,0.53,1,0
31898440,"well-decorated room in clean, modern apartment",80111968,joe,brooklyn,downtown brooklyn,40.69447,-73.98252,private room,49,3,1,2019-02-17,0.21,1,0
31978781,park slope garden apartment,1185024,miles and ruth,brooklyn,park slope,40.67821,-73.9787,entire home/apt,100,1,3,2019-03-16,0.61,1,0
31987512,newly renovated 1 bedroom in soho / west village,16945810,rob,manhattan,soho,40.72609,-74.00035,entire home/apt,250,3,1,2019-04-17,0.36,1,0
31991309,quaint apartment in heart of astoria,51551032,diane,queens,astoria,40.76424,-73.91516,entire home/apt,50,4,1,2019-01-30,0.19,1,0
31991377,"great location, quality brooklyn private place",99695025,dev,brooklyn,williamsburg,40.71094,-73.94907,entire home/apt,121,2,1,2019-02-10,0.2,1,0
32020853,"★ clean, private br in little italy/chinatown ★",14249909,evan,manhattan,chinatown,40.71825,-73.99651,private room,169,3,3,2019-05-19,0.67,1,0
32040058,spacious place in bedstuy,7352103,dave,brooklyn,bedford-stuyvesant,40.69159,-73.95765,entire home/apt,80,5,2,2019-06-03,0.42,1,0
32040396,ditmas park apartment share,9124906,chris,brooklyn,flatbush,40.64004,-73.9664,private room,40,1,1,2019-02-06,0.2,1,0
32048480,"calm, quiet space in bedstuy",60403058,maria,brooklyn,bedford-stuyvesant,40.68735,-73.93118,private room,60,2,2,2019-04-28,0.49,1,0
32050071,modern luxury apartment in the heart of noho,6073347,elisabeth,manhattan,noho,40.72703,-73.99264,entire home/apt,189,5,2,2019-03-08,0.46,1,0
32244500,bushwick apt with big bright room/private backyard,64318524,stephanie,brooklyn,bushwick,40.69754,-73.91465,private room,65,4,1,2019-04-21,0.38,1,0
32356476,brooklyn palace,22749766,raphael,brooklyn,williamsburg,40.7085,-73.94966,private room,50,1,1,2019-03-11,0.25,1,0
32363924,"private room in bushwick, brooklyn",2210374,nathalie,brooklyn,bushwick,40.70188,-73.9258,private room,43,1,2,2019-06-16,0.61,1,0
32378301,charming studio in brooklyn heights,44948759,caroline,brooklyn,brooklyn heights,40.69757,-73.99335,entire home/apt,100,1,1,2019-03-13,0.25,1,0
32499766,large sunny private room with queen size bed.,34943243,maya,queens,astoria,40.76273,-73.90869,private room,48,2,1,2019-02-20,0.22,1,0
32526864,"private room for a single, couple or small family",88367005,karla,brooklyn,bushwick,40.68949,-73.90588,private room,36,1,1,2019-03-08,0.24,1,0
32550619,cozy upper west side spacious studio,51268465,sebastian,manhattan,upper west side,40.79467,-73.96923,entire home/apt,135,1,1,2019-03-30,0.3,1,0
32555976,cozy bedroom with private bath & 2 cats in bedstuy,9212686,kelly,brooklyn,bedford-stuyvesant,40.68991,-73.93695,private room,55,2,1,2019-03-19,0.27,1,0
32561729,top floor apartment with manhattan view,65284316,fabiola,queens,long island city,40.75541,-73.93647,entire home/apt,120,1,3,2019-04-04,0.72,1,0
32590546,sweet private space near trains with 2 cuddly cats,47518701,jim,brooklyn,gowanus,40.67858,-73.98232,entire home/apt,115,3,1,2019-03-17,0.26,1,0
32642930,"clean, nice specious 2 bedroom apt in east village",54645176,alina,manhattan,east village,40.72712,-73.97763,private room,220,3,1,2019-02-26,0.23,1,0
32724719,"quiet and private space in bushwick, brooklyn",42164373,gina,brooklyn,bushwick,40.70725,-73.91966,entire home/apt,50,3,1,2019-03-24,0.28,1,0
32816064,brand new luxury apartment in a luxury building,69426967,aviel,manhattan,hell's kitchen,40.76017,-73.99638,entire home/apt,250,3,1,2019-03-09,0.24,1,0
33010488,midtown pied-à-terre close to central park,4688336,richard,manhattan,midtown,40.76049,-73.97066,entire home/apt,225,6,1,2019-05-07,0.48,1,0
33115218,studio apt in the east village,10530947,miguel,manhattan,east village,40.72047,-73.97998,entire home/apt,120,4,1,2019-03-17,0.26,1,0
33183013,private room in light + plant filled zen oasis!!,23276234,samantha,brooklyn,williamsburg,40.70905,-73.95315,private room,90,3,2,2019-04-21,0.71,1,0
33331584,our place in williamsburg,98056984,adi,brooklyn,williamsburg,40.70804,-73.94868,entire home/apt,150,5,2,2019-06-14,0.67,1,0
33336699,stunning sunny studio,89068125,martin,manhattan,east harlem,40.79755,-73.94413,entire home/apt,250,1,1,2019-04-30,0.43,1,0
33367026,artist apartment in the heart of brooklyn!,27445710,nikolay,brooklyn,flatbush,40.64582,-73.96479,entire home/apt,80,1,1,2019-03-29,0.29,1,0
33378475,cozy room next to the l train,104960784,lorena,brooklyn,bushwick,40.68989,-73.90447,private room,50,3,1,2019-04-08,0.33,1,0
33451888,"super comfy bushwick getaway, 4 min. from the m!",50737287,d'arcy,brooklyn,bushwick,40.69814,-73.9219,private room,40,2,1,2019-04-30,0.43,1,0
33528101,sunlit bedroom with private terrace - williamsburg,19643468,kelvin,brooklyn,williamsburg,40.70652,-73.94541,private room,80,1,2,2019-05-19,0.65,1,0
33674936,artist loft in bushwick - 15min from manhattan,9850389,david,brooklyn,bushwick,40.70672,-73.92295,entire home/apt,200,2,1,2019-05-27,0.7,1,0
33691396,comfortable bedroom in cute boerum hill area,15729463,carter,brooklyn,boerum hill,40.68619,-73.98719,private room,105,4,2,2019-05-12,0.76,1,0
33753198,"chefs apt w/ art, plants, books & strong coffee",7875127,evan,brooklyn,crown heights,40.67468,-73.96149,private room,65,2,1,2019-04-17,0.36,1,0
33927923,"spacious, sunny, and quiet sanctuary in flatbushbk",2282687,maarouf,brooklyn,flatbush,40.65164,-73.95533,entire home/apt,120,4,1,2019-05-08,0.48,1,0
33989177,large private room in brownstone (4th fl),897871,raphael,brooklyn,bedford-stuyvesant,40.68171,-73.93346,private room,90,4,1,2019-05-30,0.75,1,0
34040940,"bright, light & airy 1 bedroom in kips bay",7218138,roger,manhattan,kips bay,40.741,-73.98056,entire home/apt,149,5,1,2019-05-19,0.59,1,0
34305767,"big bed brooklyn, convenient close trains",92204575,penelope,brooklyn,bedford-stuyvesant,40.69862,-73.94046,private room,63,1,1,2019-05-27,0.7,1,0
34331925,entire flat in perfect location (nolita),2463994,kiarash,manhattan,nolita,40.72223,-73.99544,entire home/apt,200,1,1,2019-05-14,0.54,1,0
34363955,lower east side with a view,10166570,nachi,manhattan,east village,40.72246,-73.98455,entire home/apt,230,1,1,2019-05-10,0.5,1,0
34388266,williamsburg spacious room w/ balcony and bathroom,35645401,adam,brooklyn,williamsburg,40.71926,-73.95485,private room,69,3,1,2019-05-12,0.52,1,0
34594922,amazing 1 bdr in upper east side,19915612,zarrar,manhattan,upper east side,40.76718,-73.95748,entire home/apt,180,2,1,2019-05-19,0.59,1,0
34602779,cozy music lovers cat house right above the train,46559599,amy,brooklyn,williamsburg,40.71512,-73.95093,private room,88,1,1,2019-05-19,0.59,1,0
34770571,private room in heart of crown heights,28295132,keira,brooklyn,crown heights,40.67369,-73.94931,private room,60,3,1,2019-05-21,0.61,1,0
